# Made in Blockbench 5.2.0
mtllib aviabomb_mine.mtl

o 1
v 0.40316321428571433 0.47876914117321834 -0.3298200569011205
v 0.2875669642857144 0.5021874745065518 0.05687494309887953
v 0.9875669642857143 0.5021874745065519 0.05687494309887953
v 0.2875669642857144 0.3816099745065517 0.5068749430988795
v 0.9875669642857143 0.3816099745065519 0.5068749430988795
v 0.2875669642857144 0.1727649745065517 0.3862974430988795
v 0.9875669642857146 0.17276497450655182 0.3862974430988795
v 0.2875669642857145 0.0521874745065517 0.17745244309887953
v 0.9875669642857146 0.05218747450655181 0.17745244309887953
v 0.2875669642857145 0.0521874745065517 -0.06370255690112048
v 0.9875669642857146 0.05218747450655181 -0.06370255690112048
v 0.2875669642857144 0.1727649745065517 -0.2725475569011205
v 0.9875669642857146 0.17276497450655182 -0.2725475569011205
v 0.2875669642857144 0.3816099745065517 -0.3931250569011205
v 0.9875669642857143 0.3816099745065519 -0.3931250569011205
v 0.28756696428571427 0.6227649745065517 -0.3931250569011205
v 0.9875669642857143 0.6227649745065519 -0.3931250569011205
v 0.28756696428571427 0.8316099745065517 -0.2725475569011205
v 0.9875669642857143 0.8316099745065518 -0.2725475569011205
v 0.28756696428571427 0.9521874745065517 -0.06370255690112048
v 0.9875669642857143 0.9521874745065518 -0.06370255690112048
v 0.28756696428571427 0.9521874745065517 0.17745244309887953
v 0.9875669642857143 0.9521874745065518 0.17745244309887953
v 0.28756696428571427 0.8316099745065517 0.3862974430988795
v 0.9875669642857143 0.8316099745065518 0.3862974430988795
v 0.28756696428571427 0.6227649745065517 0.5068749430988795
v 0.9875669642857143 0.6227649745065519 0.5068749430988795
v 0.7000669642857144 0.5021874745065518 0.05687494309887953
v 0.7500669642857143 0.5021874745065517 0.05687494309887953
v 0.7000669642857145 0.37825997450655163 0.5193749430988795
v 0.7500669642857145 0.3782599745065517 0.5193749430988795
v 0.7000669642857145 0.1636149745065516 0.3954474430988796
v 0.7500669642857144 0.1636149745065516 0.3954474430988796
v 0.7000669642857145 0.039687474506551745 0.18080244309887955
v 0.7500669642857145 0.039687474506551634 0.18080244309887955
v 0.7000669642857145 0.039687474506551745 -0.06705255690112047
v 0.7500669642857145 0.039687474506551634 -0.06705255690112047
v 0.7000669642857145 0.1636149745065516 -0.28169755690112047
v 0.7500669642857144 0.1636149745065516 -0.28169755690112047
v 0.7000669642857145 0.37825997450655163 -0.4056250569011205
v 0.7500669642857145 0.3782599745065517 -0.4056250569011205
v 0.7000669642857144 0.6261149745065517 -0.4056250569011205
v 0.7500669642857143 0.6261149745065516 -0.4056250569011205
v 0.7000669642857144 0.8407599745065517 -0.28169755690112047
v 0.7500669642857144 0.8407599745065516 -0.28169755690112047
v 0.7000669642857144 0.9646874745065518 -0.06705255690112047
v 0.7500669642857144 0.9646874745065517 -0.06705255690112047
v 0.7000669642857144 0.9646874745065518 0.18080244309887955
v 0.7500669642857144 0.9646874745065517 0.18080244309887955
v 0.7000669642857144 0.8407599745065517 0.3954474430988796
v 0.7500669642857144 0.8407599745065516 0.3954474430988796
v 0.7000669642857144 0.6261149745065517 0.5193749430988795
v 0.7500669642857143 0.6261149745065516 0.5193749430988795
v 0.2750669642857143 0.5021874745065515 0.05687494309887953
v 0.32506696428571435 0.5021874745065515 0.05687494309887953
v 0.2750669642857143 0.3782599745065516 0.5193749430988795
v 0.32506696428571435 0.3782599745065516 0.5193749430988795
v 0.2750669642857144 0.1636149745065515 0.3954474430988796
v 0.32506696428571447 0.1636149745065516 0.3954474430988796
v 0.2750669642857144 0.03968747450655152 0.18080244309887955
v 0.32506696428571447 0.039687474506551634 0.18080244309887955
v 0.2750669642857144 0.03968747450655152 -0.06705255690112047
v 0.32506696428571447 0.039687474506551634 -0.06705255690112047
v 0.2750669642857144 0.1636149745065515 -0.28169755690112047
v 0.32506696428571447 0.1636149745065516 -0.28169755690112047
v 0.2750669642857143 0.3782599745065516 -0.4056250569011205
v 0.32506696428571435 0.3782599745065516 -0.4056250569011205
v 0.2750669642857143 0.6261149745065515 -0.4056250569011205
v 0.32506696428571435 0.6261149745065515 -0.4056250569011205
v 0.2750669642857143 0.8407599745065515 -0.28169755690112047
v 0.32506696428571424 0.8407599745065515 -0.28169755690112047
v 0.2750669642857142 0.9646874745065516 -0.06705255690112047
v 0.32506696428571424 0.9646874745065516 -0.06705255690112047
v 0.2750669642857142 0.9646874745065516 0.18080244309887955
v 0.32506696428571424 0.9646874745065516 0.18080244309887955
v 0.2750669642857143 0.8407599745065515 0.3954474430988796
v 0.32506696428571424 0.8407599745065515 0.3954474430988796
v 0.2750669642857143 0.6261149745065515 0.5193749430988795
v 0.32506696428571435 0.6261149745065515 0.5193749430988795
v 0.48756696428571433 0.5021874745065518 0.05687494309887953
v 1.4875669642857143 0.502187474506552 0.05687494309887953
v 1.4205794642857141 0.44189997450655194 0.2818749430988795
v 1.237566964285714 0.39776497450655196 0.44658744309887954
v 0.9875669642857143 0.38160997450655193 0.5068749430988795
v 0.7375669642857146 0.39776497450655185 0.44658744309887954
v 0.5545544642857145 0.44189997450655183 0.2818749430988795
v 1.4205794642857141 0.33747497450655195 0.2215874430988795
v 1.2375669642857146 0.21689997450655196 0.34216244309887955
v 0.9875669642857146 0.17276497450655182 0.3862974430988795
v 0.7375669642857144 0.21689997450655185 0.34216244309887955
v 0.5545544642857145 0.33747497450655184 0.2215874430988795
v 1.4205794642857141 0.2771874745065519 0.11716244309887952
v 1.2375669642857146 0.11247497450655197 0.1612974430988795
v 0.9875669642857146 0.05218747450655181 0.17745244309887953
v 0.7375669642857144 0.11247497450655186 0.1612974430988795
v 0.5545544642857145 0.2771874745065518 0.11716244309887952
v 1.4205794642857141 0.2771874745065519 -0.003412556901120467
v 1.2375669642857146 0.11247497450655197 -0.047547556901120475
v 0.9875669642857146 0.05218747450655181 -0.06370255690112048
v 0.7375669642857144 0.11247497450655186 -0.047547556901120475
v 0.5545544642857145 0.2771874745065518 -0.003412556901120467
v 1.4205794642857141 0.33747497450655195 -0.10783755690112047
v 1.2375669642857146 0.21689997450655196 -0.22841255690112047
v 0.9875669642857146 0.17276497450655182 -0.2725475569011205
v 0.7375669642857144 0.21689997450655185 -0.22841255690112047
v 0.5545544642857145 0.33747497450655184 -0.10783755690112047
v 1.4205794642857141 0.44189997450655194 -0.16812505690112048
v 1.237566964285714 0.39776497450655196 -0.3328375569011205
v 0.9875669642857143 0.38160997450655193 -0.3931250569011205
v 0.7375669642857146 0.39776497450655185 -0.3328375569011205
v 0.5545544642857145 0.44189997450655183 -0.16812505690112048
v 1.4205794642857144 0.5624749745065519 -0.16812505690112048
v 1.2375669642857143 0.606609974506552 -0.3328375569011205
v 0.9875669642857143 0.6227649745065519 -0.3931250569011205
v 0.7375669642857143 0.606609974506552 -0.3328375569011205
v 0.5545544642857143 0.5624749745065518 -0.16812505690112048
v 1.4205794642857144 0.6668999745065519 -0.10783755690112047
v 1.2375669642857143 0.787474974506552 -0.22841255690112047
v 0.9875669642857143 0.8316099745065518 -0.2725475569011205
v 0.7375669642857144 0.7874749745065519 -0.22841255690112047
v 0.5545544642857143 0.6668999745065518 -0.10783755690112047
v 1.4205794642857144 0.727187474506552 -0.003412556901120467
v 1.2375669642857143 0.891899974506552 -0.047547556901120475
v 0.9875669642857143 0.9521874745065518 -0.06370255690112048
v 0.7375669642857144 0.8918999745065519 -0.047547556901120475
v 0.5545544642857143 0.7271874745065517 -0.003412556901120467
v 1.4205794642857144 0.727187474506552 0.11716244309887952
v 1.2375669642857143 0.891899974506552 0.1612974430988795
v 0.9875669642857143 0.9521874745065518 0.17745244309887953
v 0.7375669642857144 0.8918999745065519 0.1612974430988795
v 0.5545544642857143 0.7271874745065517 0.11716244309887952
v 1.4205794642857144 0.6668999745065519 0.2215874430988795
v 1.2375669642857143 0.787474974506552 0.34216244309887955
v 0.9875669642857143 0.8316099745065518 0.3862974430988795
v 0.7375669642857144 0.7874749745065519 0.34216244309887955
v 0.5545544642857143 0.6668999745065518 0.2215874430988795
v 1.4205794642857144 0.5624749745065519 0.2818749430988795
v 1.2375669642857143 0.606609974506552 0.44658744309887954
v 0.9875669642857143 0.6227649745065519 0.5068749430988795
v 0.7375669642857143 0.606609974506552 0.44658744309887954
v 0.5545544642857143 0.5624749745065518 0.2818749430988795
v -0.8874330357142857 0.5021874745065515 0.05687494309887953
v 1.4625669642857144 0.502187474506552 0.05687494309887953
v 1.305146964285714 0.441899974506552 0.2818749430988795
v 0.8750669642857143 0.3977649745065518 0.44658744309887954
v 0.2875669642857144 0.38160997450655176 0.5068749430988795
v -0.29993303571428565 0.3977649745065515 0.44658744309887954
v -0.7300130357142854 0.44189997450655155 0.2818749430988795
v 1.305146964285714 0.337474974506552 0.2215874430988795
v 0.8750669642857145 0.21689997450655185 0.34216244309887955
v 0.2875669642857144 0.1727649745065517 0.3862974430988795
v -0.2999330357142856 0.21689997450655163 0.34216244309887955
v -0.7300130357142854 0.33747497450655156 0.2215874430988795
v 1.305146964285714 0.27718747450655196 0.11716244309887952
v 0.8750669642857145 0.11247497450655186 0.1612974430988795
v 0.2875669642857145 0.0521874745065517 0.17745244309887953
v -0.29993303571428553 0.11247497450655175 0.1612974430988795
v -0.7300130357142854 0.2771874745065515 0.11716244309887952
v 1.305146964285714 0.27718747450655196 -0.003412556901120467
v 0.8750669642857145 0.11247497450655186 -0.047547556901120475
v 0.2875669642857145 0.0521874745065517 -0.06370255690112048
v -0.29993303571428553 0.11247497450655175 -0.047547556901120475
v -0.7300130357142854 0.2771874745065515 -0.003412556901120467
v 1.305146964285714 0.337474974506552 -0.10783755690112047
v 0.8750669642857145 0.21689997450655185 -0.22841255690112047
v 0.2875669642857144 0.1727649745065517 -0.2725475569011205
v -0.2999330357142856 0.21689997450655163 -0.22841255690112047
v -0.7300130357142854 0.33747497450655156 -0.10783755690112047
v 1.305146964285714 0.441899974506552 -0.16812505690112048
v 0.8750669642857143 0.3977649745065518 -0.3328375569011205
v 0.2875669642857144 0.38160997450655176 -0.3931250569011205
v -0.29993303571428565 0.3977649745065515 -0.3328375569011205
v -0.7300130357142854 0.44189997450655155 -0.16812505690112048
v 1.3051469642857143 0.5624749745065519 -0.16812505690112048
v 0.8750669642857143 0.6066099745065519 -0.3328375569011205
v 0.28756696428571427 0.6227649745065517 -0.3931250569011205
v -0.29993303571428565 0.6066099745065517 -0.3328375569011205
v -0.7300130357142857 0.5624749745065515 -0.16812505690112048
v 1.3051469642857143 0.6668999745065519 -0.10783755690112047
v 0.8750669642857143 0.7874749745065518 -0.22841255690112047
v 0.28756696428571427 0.8316099745065517 -0.2725475569011205
v -0.2999330357142857 0.7874749745065517 -0.22841255690112047
v -0.7300130357142857 0.6668999745065515 -0.10783755690112047
v 1.3051469642857143 0.727187474506552 -0.003412556901120467
v 0.8750669642857143 0.8918999745065518 -0.047547556901120475
v 0.28756696428571427 0.9521874745065517 -0.06370255690112048
v -0.29993303571428576 0.8918999745065517 -0.047547556901120475
v -0.7300130357142857 0.7271874745065514 -0.003412556901120467
v 1.3051469642857143 0.727187474506552 0.11716244309887952
v 0.8750669642857143 0.8918999745065518 0.1612974430988795
v 0.28756696428571427 0.9521874745065517 0.17745244309887953
v -0.29993303571428576 0.8918999745065517 0.1612974430988795
v -0.7300130357142857 0.7271874745065514 0.11716244309887952
v 1.3051469642857143 0.6668999745065519 0.2215874430988795
v 0.8750669642857143 0.7874749745065518 0.34216244309887955
v 0.28756696428571427 0.8316099745065517 0.3862974430988795
v -0.2999330357142857 0.7874749745065517 0.34216244309887955
v -0.7300130357142857 0.6668999745065515 0.2215874430988795
v 1.3051469642857143 0.5624749745065519 0.2818749430988795
v 0.8750669642857143 0.6066099745065519 0.44658744309887954
v 0.28756696428571427 0.6227649745065517 0.5068749430988795
v -0.29993303571428565 0.6066099745065517 0.44658744309887954
v -0.7300130357142857 0.5624749745065515 0.2818749430988795
v -1.0749330357142857 0.6361624745065517 0.5568749430988795
v -1.5749330357142857 0.636162474506552 0.5568749430988795
v -1.0749330357142857 0.6157674745065518 0.4807624430988795
v -1.5749330357142857 0.6157674745065519 0.4807624430988795
v -1.0749330357142857 0.8682124745065518 0.42289994309887957
v -1.5749330357142857 0.8682124745065519 0.42289994309887957
v -1.0749330357142857 0.8124949745065517 0.3671824430988795
v -1.5749330357142857 0.812494974506552 0.3671824430988795
v -1.0749330357142857 1.0021874745065518 0.19084994309887954
v -1.5749330357142857 1.002187474506552 0.19084994309887954
v -1.0749330357142857 0.9260749745065517 0.17045494309887954
v -1.5749330357142857 0.926074974506552 0.17045494309887954
v -1.0749330357142857 1.0021874745065518 -0.07710005690112047
v -1.5749330357142857 1.002187474506552 -0.07710005690112047
v -1.0749330357142857 0.9260749745065517 -0.05670505690112046
v -1.5749330357142857 0.926074974506552 -0.05670505690112046
v -1.0749330357142857 0.8682124745065518 -0.30915005690112046
v -1.5749330357142857 0.8682124745065519 -0.30915005690112046
v -1.0749330357142857 0.8124949745065517 -0.2534325569011205
v -1.5749330357142857 0.812494974506552 -0.2534325569011205
v -1.0749330357142857 0.6361624745065517 -0.4431250569011205
v -1.5749330357142857 0.636162474506552 -0.4431250569011205
v -1.0749330357142857 0.6157674745065518 -0.36701255690112045
v -1.5749330357142857 0.6157674745065519 -0.36701255690112045
v -1.074933035714286 0.3682124745065518 -0.4431250569011205
v -1.574933035714286 0.3682124745065519 -0.4431250569011205
v -1.074933035714286 0.3886074745065518 -0.36701255690112045
v -1.574933035714286 0.3886074745065519 -0.36701255690112045
v -1.074933035714286 0.13616247450655183 -0.30915005690112046
v -1.574933035714286 0.13616247450655194 -0.30915005690112046
v -1.074933035714286 0.1918799745065518 -0.2534325569011205
v -1.574933035714286 0.19187997450655192 -0.2534325569011205
v -1.074933035714286 0.0021874745065517676 -0.07710005690112047
v -1.574933035714286 0.0021874745065518786 -0.07710005690112047
v -1.074933035714286 0.0782999745065518 -0.05670505690112046
v -1.574933035714286 0.0782999745065519 -0.05670505690112046
v -1.074933035714286 0.0021874745065517676 0.19084994309887954
v -1.574933035714286 0.0021874745065518786 0.19084994309887954
v -1.074933035714286 0.0782999745065518 0.17045494309887954
v -1.574933035714286 0.0782999745065519 0.17045494309887954
v -1.074933035714286 0.13616247450655183 0.42289994309887957
v -1.574933035714286 0.13616247450655194 0.42289994309887957
v -1.074933035714286 0.1918799745065518 0.3671824430988795
v -1.574933035714286 0.19187997450655192 0.3671824430988795
v -1.074933035714286 0.3682124745065518 0.5568749430988795
v -1.574933035714286 0.3682124745065519 0.5568749430988795
v -1.074933035714286 0.3886074745065518 0.4807624430988795
v -1.574933035714286 0.3886074745065519 0.4807624430988795
v -1.1999330357142857 0.5271874745065517 -0.41812505690112056
v -1.199933035714286 0.4771874745065517 -0.41812505690112056
v -1.1999330357142857 0.5271874745065515 0.5318749430988795
v -1.199933035714286 0.47718747450655147 0.5318749430988794
v -1.4499330357142857 0.5271874745065517 -0.41812505690112056
v -1.449933035714286 0.4771874745065517 -0.41812505690112056
v -1.4499330357142857 0.5271874745065515 0.5318749430988795
v -1.449933035714286 0.47718747450655147 0.5318749430988794
v -1.1999330357142857 0.9771874745065516 0.08187494309887955
v -1.1999330357142857 0.9771874745065516 0.03187494309887953
v -1.1999330357142857 0.027187474506551568 0.08187494309887955
v -1.1999330357142857 0.027187474506551568 0.03187494309887953
v -1.4499330357142857 0.9771874745065516 0.08187494309887955
v -1.4499330357142857 0.9771874745065516 0.03187494309887953
v -1.4499330357142857 0.027187474506551568 0.08187494309887955
v -1.4499330357142857 0.027187474506551568 0.03187494309887953
v -1.1999330357142857 0.1839899328415735 -0.29667730947198456
v -1.1999330357142857 0.1486345937822462 -0.26132197041265715
v -1.1999330357142857 0.8557413749687937 0.3750741326552358
v -1.1999330357142857 0.8203860359094662 0.4104294717145631
v -1.4499330357142857 0.1839899328415735 -0.29667730947198456
v -1.4499330357142857 0.1486345937822462 -0.26132197041265715
v -1.4499330357142857 0.8557413749687937 0.3750741326552358
v -1.4499330357142857 0.8203860359094663 0.4104294717145631
v -1.1999330357142857 0.8557413749687937 -0.26132197041265703
v -1.1999330357142857 0.8203860359094663 -0.29667730947198445
v -1.1999330357142857 0.18398993284157372 0.4104294717145631
v -1.1999330357142857 0.1486345937822462 0.3750741326552358
v -1.4499330357142857 0.8557413749687937 -0.26132197041265703
v -1.4499330357142857 0.8203860359094663 -0.29667730947198445
v -1.4499330357142857 0.1839899328415736 0.4104294717145631
v -1.4499330357142857 0.1486345937822462 0.3750741326552358
v -0.6249330357142857 0.5021874745065518 0.05687494309887953
v -1.4499330357142857 0.502187474506552 0.05687494309887953
v -0.6249330357142857 0.5725249745065517 0.3193749430988795
v -0.6249330357142857 0.6943499745065517 0.24903744309887954
v -0.6249330357142856 0.7646874745065517 0.12721244309887952
v -0.6249330357142856 0.7646874745065517 -0.01346255690112047
v -0.6249330357142857 0.6943499745065517 -0.1352875569011205
v -0.6249330357142857 0.5725249745065517 -0.20562505690112048
v -0.6249330357142857 0.4318499745065517 -0.20562505690112048
v -0.6249330357142857 0.3100249745065517 -0.1352875569011205
v -0.6249330357142858 0.2396874745065517 -0.01346255690112047
v -0.6249330357142858 0.2396874745065517 0.12721244309887952
v -0.6249330357142857 0.3100249745065517 0.24903744309887954
v -0.6249330357142857 0.4318499745065517 0.3193749430988795
v 0.7750669642857143 0.6521874745065516 -0.3931250569011205
v 0.7750669642857143 0.6521874745065516 -0.49312505690112046
v 0.7750669642857144 0.35218747450655163 -0.3931250569011205
v 0.7750669642857144 0.35218747450655163 -0.49312505690112046
v 0.2500669642857143 0.6521874745065516 -0.3931250569011205
v 0.2500669642857143 0.6521874745065516 -0.49312505690112046
v 0.2500669642857143 0.35218747450655163 -0.3931250569011205
v 0.2500669642857143 0.35218747450655163 -0.49312505690112046
v 0.7500669642857143 0.6646874745065516 -0.36812505690112046
v 0.7500669642857143 0.6646874745065516 -0.5056250569011205
v 0.7500669642857144 0.3396874745065516 -0.36812505690112046
v 0.7500669642857144 0.3396874745065516 -0.5056250569011205
v 0.7000669642857142 0.6646874745065517 -0.36812505690112046
v 0.7000669642857142 0.6646874745065517 -0.5056250569011205
v 0.7000669642857144 0.33968747450655157 -0.36812505690112046
v 0.7000669642857144 0.33968747450655157 -0.5056250569011205
v 0.32506696428571435 0.6646874745065516 -0.36812505690112046
v 0.32506696428571435 0.6646874745065516 -0.5056250569011205
v 0.32506696428571435 0.3396874745065516 -0.36812505690112046
v 0.32506696428571435 0.3396874745065516 -0.5056250569011205
v 0.2750669642857143 0.6646874745065516 -0.36812505690112046
v 0.2750669642857143 0.6646874745065516 -0.5056250569011205
v 0.2750669642857143 0.3396874745065516 -0.36812505690112046
v 0.2750669642857143 0.3396874745065516 -0.5056250569011205
v 0.7625669642857145 1.3021874745065516 -0.4306250569011204
v 0.7625669642857145 1.3021874745065516 -0.4306250569011204
v 0.7625669642857144 0.6521874745065516 -0.4306250569011204
v 0.7625669642857144 0.6521874745065516 -0.4306250569011204
v 0.7625669642857145 1.3021874745065516 -0.4056250569011204
v 0.7625669642857145 1.3021874745065516 -0.4056250569011204
v 0.7625669642857144 0.6521874745065516 -0.4056250569011204
v 0.7625669642857144 0.6521874745065516 -0.4056250569011204
v 1.0875669642857142 0.2521874745065516 0.35687494309887957
v 1.0875669642857142 0.2521874745065516 -0.24312505690112046
v 1.0875669642857144 0.0021874745065516565 0.35687494309887957
v 1.0875669642857144 0.0021874745065516565 -0.24312505690112046
v 0.9875669642857143 0.2521874745065516 0.35687494309887957
v 0.9875669642857143 0.2521874745065516 -0.24312505690112046
v 0.9875669642857143 0.0021874745065515455 0.35687494309887957
v 0.9875669642857143 0.0021874745065515455 -0.24312505690112046
v 0.5875669642857145 0.2521874745065516 0.35687494309887957
v 0.5875669642857145 0.2521874745065516 -0.24312505690112046
v 0.5875669642857144 0.0021874745065516565 0.35687494309887957
v 0.5875669642857144 0.0021874745065516565 -0.24312505690112046
v 0.48756696428571444 0.2521874745065516 0.35687494309887957
v 0.48756696428571444 0.2521874745065516 -0.24312505690112046
v 0.48756696428571433 0.0021874745065515455 0.35687494309887957
v 0.48756696428571433 0.0021874745065515455 -0.24312505690112046
v -0.03743303571428566 0.2521874745065516 0.35687494309887957
v -0.03743303571428566 0.2521874745065516 -0.24312505690112046
v -0.03743303571428566 0.0021874745065515455 0.35687494309887957
v -0.03743303571428566 0.0021874745065515455 -0.24312505690112046
v -0.13743303571428567 0.2521874745065516 0.35687494309887957
v -0.13743303571428567 0.2521874745065516 -0.24312505690112046
v -0.13743303571428567 0.0021874745065515455 0.35687494309887957
v -0.13743303571428567 0.0021874745065515455 -0.24312505690112046
v 0.4096244642857142 0.5880050856176627 0.23776744309887954
v 0.4031632142857142 0.5833360856176628 0.2601174430988795
v 0.38756696428571424 0.5814015300621072 0.2693749430988795
v 0.37197071428571415 0.5833360856176628 0.2601174430988795
v 0.3655094642857142 0.5880050856176627 0.23776744309887954
v 0.37197071428571415 0.5926740856176628 0.2154186930988795
v 0.38756696428571424 0.5946086411732183 0.20616119309887954
v 0.4031632142857142 0.5926740856176628 0.2154186930988795
v 0.4096244642857143 0.46601308561766275 0.14743119309887953
v 0.40316321428571433 0.4532570300621072 0.16379119309887952
v 0.38756696428571435 0.44797341895099607 0.1705686930988795
v 0.37197071428571427 0.45325703006210727 0.16379119309887952
v 0.3655094642857143 0.4660130856176628 0.14743119309887953
v 0.37197071428571427 0.4787691411732184 0.13106994309887954
v 0.38756696428571435 0.4840527522843294 0.12429244309887955
v 0.40316321428571433 0.47876914117321834 0.13106994309887954
v 0.4096244642857143 0.3955806967287739 -0.009037556901120486
v 0.40316321428571433 0.37815564117321837 -0.003048806901120471
v 0.38756696428571435 0.3709374745065517 -0.0005688069011204888
v 0.37197071428571427 0.3781556411732184 -0.003048806901120471
v 0.3655094642857143 0.39558069672877394 -0.009037556901120486
v 0.37197071428571427 0.4130057522843295 -0.015026306901120473
v 0.38756696428571435 0.42022264117321834 -0.01750755690112049
v 0.40316321428571433 0.41300575228432945 -0.015026306901120473
v 0.4096244642857143 0.3955806967287739 -0.18971255690112046
v 0.40316321428571433 0.37815564117321837 -0.19570130690112048
v 0.38756696428571435 0.3709374745065517 -0.19818130690112046
v 0.37197071428571427 0.3781556411732184 -0.19570130690112048
v 0.3655094642857143 0.39558069672877394 -0.18971255690112046
v 0.37197071428571427 0.4130057522843295 -0.18372380690112047
v 0.38756696428571435 0.42022264117321834 -0.18124255690112048
v 0.40316321428571433 0.41300575228432945 -0.18372380690112047
v 0.4096244642857143 0.46601308561766275 -0.3461813069011205
v 0.40316321428571433 0.4532570300621072 -0.36254130690112046
v 0.38756696428571435 0.44797341895099607 -0.36931880690112046
v 0.37197071428571427 0.45325703006210727 -0.36254130690112046
v 0.3655094642857143 0.4660130856176628 -0.3461813069011205
v 0.37197071428571427 0.4787691411732184 -0.3298200569011205
v 0.38756696428571435 0.4840527522843294 -0.3230425569011205
v 0.4096244642857142 0.5880050856176627 -0.4365175569011205
v 0.4031632142857142 0.5833360856176628 -0.45886755690112047
v 0.38756696428571424 0.5814015300621072 -0.4681250569011205
v 0.37197071428571415 0.5833360856176628 -0.45886755690112047
v 0.3655094642857142 0.5880050856176627 -0.4365175569011205
v 0.37197071428571415 0.5926740856176628 -0.41416880690112046
v 0.38756696428571424 0.5946086411732183 -0.4049113069011205
v 0.4031632142857142 0.5926740856176628 -0.41416880690112046
v 0.4096244642857142 0.7288698633954406 -0.4365175569011205
v 0.4031632142857142 0.7335388633954405 -0.45886755690112047
v 0.38756696428571424 0.7354734189509962 -0.4681250569011205
v 0.37197071428571415 0.7335388633954405 -0.45886755690112047
v 0.3655094642857142 0.7288698633954406 -0.4365175569011205
v 0.37197071428571415 0.7242008633954405 -0.41416880690112046
v 0.38756696428571424 0.722266307839885 -0.4049113069011205
v 0.4031632142857142 0.7242008633954405 -0.41416880690112046
v 0.4096244642857142 0.8508618633954406 -0.3461813069011205
v 0.4031632142857142 0.8636179189509962 -0.36254130690112046
v 0.38756696428571424 0.8689015300621071 -0.36931880690112046
v 0.37197071428571415 0.8636179189509962 -0.36254130690112046
v 0.3655094642857142 0.8508618633954406 -0.3461813069011205
v 0.37197071428571415 0.838105807839885 -0.3298200569011205
v 0.38756696428571424 0.8328221967287739 -0.3230425569011205
v 0.4031632142857142 0.838105807839885 -0.3298200569011205
v 0.4096244642857142 0.9212942522843295 -0.18971255690112046
v 0.4031632142857142 0.9387193078398849 -0.19570130690112048
v 0.38756696428571424 0.9459374745065516 -0.19818130690112046
v 0.37197071428571415 0.9387193078398849 -0.19570130690112048
v 0.3655094642857142 0.9212942522843295 -0.18971255690112046
v 0.37197071428571415 0.9038691967287739 -0.18372380690112047
v 0.38756696428571424 0.8966523078398849 -0.18124255690112048
v 0.4031632142857142 0.9038691967287739 -0.18372380690112047
v 0.4096244642857142 0.9212942522843295 -0.009037556901120486
v 0.4031632142857142 0.9387193078398849 -0.003048806901120471
v 0.38756696428571424 0.9459374745065516 -0.0005688069011204888
v 0.37197071428571415 0.9387193078398849 -0.003048806901120471
v 0.3655094642857142 0.9212942522843295 -0.009037556901120486
v 0.37197071428571415 0.9038691967287739 -0.015026306901120473
v 0.38756696428571424 0.8966523078398849 -0.01750755690112049
v 0.4031632142857142 0.9038691967287739 -0.015026306901120473
v 0.4096244642857142 0.8508618633954406 0.14743119309887953
v 0.4031632142857142 0.8636179189509962 0.16379119309887952
v 0.38756696428571424 0.8689015300621071 0.1705686930988795
v 0.37197071428571415 0.8636179189509962 0.16379119309887952
v 0.3655094642857142 0.8508618633954406 0.14743119309887953
v 0.37197071428571415 0.838105807839885 0.13106994309887954
v 0.38756696428571424 0.8328221967287739 0.12429244309887955
v 0.4031632142857142 0.838105807839885 0.13106994309887954
v 0.4096244642857142 0.7288698633954406 0.23776744309887954
v 0.4031632142857142 0.7335388633954405 0.2601174430988795
v 0.38756696428571424 0.7354734189509962 0.2693749430988795
v 0.37197071428571415 0.7335388633954405 0.2601174430988795
v 0.3655094642857142 0.7288698633954406 0.23776744309887954
v 0.37197071428571415 0.7242008633954405 0.2154186930988795
v 0.38756696428571424 0.722266307839885 0.20616119309887954
v 0.4031632142857142 0.7242008633954405 0.2154186930988795
v 0.4658744642857142 0.5941302245065516 0.23776744309887954
v 0.45941321428571424 0.5898672245065517 0.2601174430988795
v 0.44381696428571416 0.5881005995065517 0.2693749430988795
v 0.4282207142857142 0.5898672245065517 0.2601174430988795
v 0.4217594642857142 0.5941302245065516 0.23776744309887954
v 0.4282207142857142 0.5983932245065516 0.2154186930988795
v 0.44381696428571416 0.6001585370065518 0.20616119309887954
v 0.45941321428571424 0.5983932245065516 0.2154186930988795
v 0.46587446428571433 0.48274491200655173 0.14743119309887953
v 0.45941321428571436 0.4710977870065517 0.16379119309887952
v 0.44381696428571427 0.46627434950655167 0.1705686930988795
v 0.4282207142857143 0.47109778700655164 0.16379119309887952
v 0.4217594642857143 0.4827449120065517 0.14743119309887953
v 0.4282207142857142 0.49439203700655177 0.13106994309887954
v 0.44381696428571416 0.4992167870065516 0.12429244309887955
v 0.45941321428571424 0.49439203700655177 0.13106994309887954
v 0.46587446428571433 0.4184376620065517 -0.009037556901120486
v 0.45941321428571436 0.4025275370065517 -0.003048806901120471
v 0.44381696428571427 0.39593747450655165 -0.0005688069011204888
v 0.4282207142857143 0.40252753700655164 -0.003048806901120471
v 0.4217594642857143 0.41843766200655164 -0.009037556901120486
v 0.4282207142857143 0.43434778700655163 -0.015026306901120473
v 0.44381696428571427 0.4409378495065516 -0.01750755690112049
v 0.45941321428571436 0.4343477870065517 -0.015026306901120473
v 0.46587446428571433 0.4184376620065517 -0.18971255690112046
v 0.45941321428571436 0.4025275370065517 -0.19570130690112048
v 0.44381696428571427 0.39593747450655165 -0.19818130690112046
v 0.4282207142857143 0.40252753700655164 -0.19570130690112048
v 0.4217594642857143 0.41843766200655164 -0.18971255690112046
v 0.4282207142857143 0.43434778700655163 -0.18372380690112047
v 0.44381696428571427 0.4409378495065516 -0.18124255690112048
v 0.45941321428571436 0.4343477870065517 -0.18372380690112047
v 0.46587446428571433 0.48274491200655173 -0.3461813069011205
v 0.45941321428571436 0.4710977870065517 -0.36254130690112046
v 0.44381696428571427 0.46627434950655167 -0.36931880690112046
v 0.4282207142857143 0.47109778700655164 -0.36254130690112046
v 0.4217594642857143 0.4827449120065517 -0.3461813069011205
v 0.4282207142857142 0.49439203700655177 -0.3298200569011205
v 0.44381696428571416 0.4992167870065516 -0.3230425569011205
v 0.45941321428571424 0.49439203700655177 -0.3298200569011205
v 0.4658744642857142 0.5941302245065516 -0.4365175569011205
v 0.45941321428571424 0.5898672245065517 -0.45886755690112047
v 0.44381696428571416 0.5881005995065517 -0.4681250569011205
v 0.4282207142857142 0.5898672245065517 -0.45886755690112047
v 0.4217594642857142 0.5941302245065516 -0.4365175569011205
v 0.4282207142857142 0.5983932245065516 -0.41416880690112046
v 0.44381696428571416 0.6001585370065518 -0.4049113069011205
v 0.45941321428571424 0.5983932245065516 -0.41416880690112046
v 0.4658744642857142 0.7227447245065517 -0.4365175569011205
v 0.45941321428571424 0.7270077245065516 -0.45886755690112047
v 0.44381696428571416 0.7287743495065516 -0.4681250569011205
v 0.4282207142857142 0.7270077245065516 -0.45886755690112047
v 0.4217594642857142 0.7227447245065517 -0.4365175569011205
v 0.4282207142857142 0.7184817245065517 -0.41416880690112046
v 0.44381696428571416 0.7167164120065516 -0.4049113069011205
v 0.45941321428571424 0.7184817245065517 -0.41416880690112046
v 0.4658744642857142 0.8341300370065516 -0.3461813069011205
v 0.45941321428571424 0.8457771620065516 -0.36254130690112046
v 0.44381696428571416 0.8506005995065516 -0.36931880690112046
v 0.4282207142857142 0.8457771620065516 -0.36254130690112046
v 0.4217594642857142 0.8341300370065516 -0.3461813069011205
v 0.4282207142857142 0.8224829120065517 -0.3298200569011205
v 0.44381696428571416 0.8176581620065517 -0.3230425569011205
v 0.45941321428571424 0.8224829120065517 -0.3298200569011205
v 0.4658744642857142 0.8984372870065517 -0.18971255690112046
v 0.45941321428571424 0.9143474120065517 -0.19570130690112048
v 0.44381696428571416 0.9209374745065516 -0.19818130690112046
v 0.4282207142857142 0.9143474120065517 -0.19570130690112048
v 0.4217594642857142 0.8984372870065517 -0.18971255690112046
v 0.4282207142857142 0.8825271620065517 -0.18372380690112047
v 0.44381696428571427 0.8759370995065517 -0.18124255690112048
v 0.45941321428571424 0.8825271620065517 -0.18372380690112047
v 0.4658744642857142 0.8984372870065517 -0.009037556901120486
v 0.45941321428571424 0.9143474120065517 -0.003048806901120471
v 0.44381696428571416 0.9209374745065516 -0.0005688069011204888
v 0.4282207142857142 0.9143474120065517 -0.003048806901120471
v 0.4217594642857142 0.8984372870065517 -0.009037556901120486
v 0.4282207142857142 0.8825271620065517 -0.015026306901120473
v 0.44381696428571427 0.8759370995065517 -0.01750755690112049
v 0.45941321428571424 0.8825271620065517 -0.015026306901120473
v 0.4658744642857142 0.8341300370065516 0.14743119309887953
v 0.45941321428571424 0.8457771620065516 0.16379119309887952
v 0.44381696428571416 0.8506005995065516 0.1705686930988795
v 0.4282207142857142 0.8457771620065516 0.16379119309887952
v 0.4217594642857142 0.8341300370065516 0.14743119309887953
v 0.4282207142857142 0.8224829120065517 0.13106994309887954
v 0.44381696428571416 0.8176581620065517 0.12429244309887955
v 0.45941321428571424 0.8224829120065517 0.13106994309887954
v 0.4658744642857142 0.7227447245065517 0.23776744309887954
v 0.45941321428571424 0.7270077245065516 0.2601174430988795
v 0.44381696428571416 0.7287743495065516 0.2693749430988795
v 0.4282207142857142 0.7270077245065516 0.2601174430988795
v 0.4217594642857142 0.7227447245065517 0.23776744309887954
v 0.4282207142857142 0.7184817245065517 0.2154186930988795
v 0.44381696428571416 0.7167164120065516 0.20616119309887954
v 0.45941321428571424 0.7184817245065517 0.2154186930988795
vt 0.1280109375 0.8338703125
vt 0.1149578125 0.84140625
vt 0.107421875 0.81328125
vt 0.125 0.640625
vt 0.140625 0.640625
vt 0.140625 0.6875
vt 0.125 0.6875
vt 0.1930828125 0.865625
vt 0.2061359375 0.8731609375
vt 0.185546875 0.89375
vt 0.135546875 0.8208171875
vt 0.1280109375 0.8338703125
vt 0.107421875 0.81328125
vt 0 0.640625
vt 0.015625 0.640625
vt 0.015625 0.6875
vt 0 0.6875
vt 0.2061359375 0.8731609375
vt 0.213671875 0.8862140625
vt 0.185546875 0.89375
vt 0.135546875 0.8057453125
vt 0.135546875 0.8208171875
vt 0.107421875 0.81328125
vt 0.296875 0.953125
vt 0.3125 0.953125
vt 0.3125 1
vt 0.296875 1
vt 0.213671875 0.8862140625
vt 0.213671875 0.9012859375
vt 0.185546875 0.89375
vt 0.1280109375 0.7926921875
vt 0.135546875 0.8057453125
vt 0.107421875 0.81328125
vt 0.296875 0.703125
vt 0.3125 0.703125
vt 0.3125 0.75
vt 0.296875 0.75
vt 0.213671875 0.9012859375
vt 0.2061359375 0.9143390625
vt 0.185546875 0.89375
vt 0.1149578125 0.78515625
vt 0.1280109375 0.7926921875
vt 0.107421875 0.81328125
vt 0.0625 0.640625
vt 0.078125 0.640625
vt 0.078125 0.6875
vt 0.0625 0.6875
vt 0.2061359375 0.9143390625
vt 0.1930828125 0.921875
vt 0.185546875 0.89375
vt 0.0998859375 0.78515625
vt 0.1149578125 0.78515625
vt 0.107421875 0.81328125
vt 0.15625 0.65625
vt 0.171875 0.65625
vt 0.171875 0.703125
vt 0.15625 0.703125
vt 0.1930828125 0.921875
vt 0.1780109375 0.921875
vt 0.185546875 0.89375
vt 0.0868328125 0.7926921875
vt 0.0998859375 0.78515625
vt 0.107421875 0.81328125
vt 0.09375 0.640625
vt 0.109375 0.640625
vt 0.109375 0.6875
vt 0.09375 0.6875
vt 0.1780109375 0.921875
vt 0.1649578125 0.9143390625
vt 0.185546875 0.89375
vt 0.079296875 0.8057453125
vt 0.0868328125 0.7926921875
vt 0.107421875 0.81328125
vt 0.296875 0.765625
vt 0.3125 0.765625
vt 0.3125 0.8125
vt 0.296875 0.8125
vt 0.1649578125 0.9143390625
vt 0.157421875 0.9012859375
vt 0.185546875 0.89375
vt 0.079296875 0.8208171875
vt 0.079296875 0.8057453125
vt 0.107421875 0.81328125
vt 0.296875 0.828125
vt 0.3125 0.828125
vt 0.3125 0.875
vt 0.296875 0.875
vt 0.157421875 0.9012859375
vt 0.157421875 0.8862140625
vt 0.185546875 0.89375
vt 0.0868328125 0.8338703125
vt 0.079296875 0.8208171875
vt 0.107421875 0.81328125
vt 0.03125 0.640625
vt 0.046875 0.640625
vt 0.046875 0.6875
vt 0.03125 0.6875
vt 0.157421875 0.8862140625
vt 0.1649578125 0.8731609375
vt 0.185546875 0.89375
vt 0.0998859375 0.84140625
vt 0.0868328125 0.8338703125
vt 0.107421875 0.81328125
vt 0.21875 0.640625
vt 0.234375 0.640625
vt 0.234375 0.6875
vt 0.21875 0.6875
vt 0.1649578125 0.8731609375
vt 0.1780109375 0.865625
vt 0.185546875 0.89375
vt 0.1149578125 0.84140625
vt 0.0998859375 0.84140625
vt 0.107421875 0.81328125
vt 0.296875 0.890625
vt 0.3125 0.890625
vt 0.3125 0.9375
vt 0.296875 0.9375
vt 0.1780109375 0.865625
vt 0.1930828125 0.865625
vt 0.185546875 0.89375
vt 0.1285828125 0.9914734375
vt 0.1151671875 0.99921875
vt 0.107421875 0.9703125
vt 0.515625 0.828125
vt 0.53125 0.828125
vt 0.53125 0.84375
vt 0.515625 0.84375
vt 0.0370421875 0.7859375
vt 0.0504578125 0.7936828125
vt 0.029296875 0.81484375
vt 0.136328125 0.9780578125
vt 0.1285828125 0.9914734375
vt 0.107421875 0.9703125
vt 0.34375 0.484375
vt 0.359375 0.484375
vt 0.359375 0.5
vt 0.34375 0.5
vt 0.0504578125 0.7936828125
vt 0.058203125 0.8070984375
vt 0.029296875 0.81484375
vt 0.136328125 0.9625671875
vt 0.136328125 0.9780578125
vt 0.107421875 0.9703125
vt 0.5 0.75
vt 0.515625 0.75
vt 0.515625 0.765625
vt 0.5 0.765625
vt 0.058203125 0.8070984375
vt 0.058203125 0.8225890625
vt 0.029296875 0.81484375
vt 0.1285828125 0.9491515625
vt 0.136328125 0.9625671875
vt 0.107421875 0.9703125
vt 0.3125 0.484375
vt 0.328125 0.484375
vt 0.328125 0.5
vt 0.3125 0.5
vt 0.058203125 0.8225890625
vt 0.0504578125 0.8360046875
vt 0.029296875 0.81484375
vt 0.1151671875 0.94140625
vt 0.1285828125 0.9491515625
vt 0.107421875 0.9703125
vt 0.515625 0.890625
vt 0.53125 0.890625
vt 0.53125 0.90625
vt 0.515625 0.90625
vt 0.0504578125 0.8360046875
vt 0.0370421875 0.84375
vt 0.029296875 0.81484375
vt 0.0996765625 0.94140625
vt 0.1151671875 0.94140625
vt 0.107421875 0.9703125
vt 0.28125 0.484375
vt 0.296875 0.484375
vt 0.296875 0.5
vt 0.28125 0.5
vt 0.0370421875 0.84375
vt 0.0215515625 0.84375
vt 0.029296875 0.81484375
vt 0.0862609375 0.9491515625
vt 0.0996765625 0.94140625
vt 0.107421875 0.9703125
vt 0.515625 0.859375
vt 0.53125 0.859375
vt 0.53125 0.875
vt 0.515625 0.875
vt 0.0215515625 0.84375
vt 0.0081359375 0.8360046875
vt 0.029296875 0.81484375
vt 0.078515625 0.9625671875
vt 0.0862609375 0.9491515625
vt 0.107421875 0.9703125
vt 0.5 0.6875
vt 0.515625 0.6875
vt 0.515625 0.703125
vt 0.5 0.703125
vt 0.0081359375 0.8360046875
vt 0.000390625 0.8225890625
vt 0.029296875 0.81484375
vt 0.078515625 0.9780578125
vt 0.078515625 0.9625671875
vt 0.107421875 0.9703125
vt 0.5 0.71875
vt 0.515625 0.71875
vt 0.515625 0.734375
vt 0.5 0.734375
vt 0.000390625 0.8225890625
vt 0.000390625 0.8070984375
vt 0.029296875 0.81484375
vt 0.0862609375 0.9914734375
vt 0.078515625 0.9780578125
vt 0.107421875 0.9703125
vt 0.375 0.484375
vt 0.390625 0.484375
vt 0.390625 0.5
vt 0.375 0.5
vt 0.000390625 0.8070984375
vt 0.0081359375 0.7936828125
vt 0.029296875 0.81484375
vt 0.0996765625 0.99921875
vt 0.0862609375 0.9914734375
vt 0.107421875 0.9703125
vt 0.515625 0.796875
vt 0.53125 0.796875
vt 0.53125 0.8125
vt 0.515625 0.8125
vt 0.0081359375 0.7936828125
vt 0.0215515625 0.7859375
vt 0.029296875 0.81484375
vt 0.1151671875 0.99921875
vt 0.0996765625 0.99921875
vt 0.107421875 0.9703125
vt 0.25 0.484375
vt 0.265625 0.484375
vt 0.265625 0.5
vt 0.25 0.5
vt 0.0215515625 0.7859375
vt 0.0370421875 0.7859375
vt 0.029296875 0.81484375
vt 0.1285828125 0.9133484375
vt 0.1151671875 0.92109375
vt 0.107421875 0.8921875
vt 0.53125 0.953125
vt 0.546875 0.953125
vt 0.546875 0.96875
vt 0.53125 0.96875
vt 0.1932921875 0.9421875
vt 0.2067078125 0.9499328125
vt 0.185546875 0.97109375
vt 0.136328125 0.8999328125
vt 0.1285828125 0.9133484375
vt 0.107421875 0.8921875
vt 0.46875 0.46875
vt 0.484375 0.46875
vt 0.484375 0.484375
vt 0.46875 0.484375
vt 0.2067078125 0.9499328125
vt 0.214453125 0.9633484375
vt 0.185546875 0.97109375
vt 0.136328125 0.8844421875
vt 0.136328125 0.8999328125
vt 0.107421875 0.8921875
vt 0.515625 0.65625
vt 0.53125 0.65625
vt 0.53125 0.671875
vt 0.515625 0.671875
vt 0.214453125 0.9633484375
vt 0.214453125 0.9788390625
vt 0.185546875 0.97109375
vt 0.1285828125 0.8710265625
vt 0.136328125 0.8844421875
vt 0.107421875 0.8921875
vt 0.515625 0.53125
vt 0.53125 0.53125
vt 0.53125 0.546875
vt 0.515625 0.546875
vt 0.214453125 0.9788390625
vt 0.2067078125 0.9922546875
vt 0.185546875 0.97109375
vt 0.1151671875 0.86328125
vt 0.1285828125 0.8710265625
vt 0.107421875 0.8921875
vt 0.5 0.46875
vt 0.515625 0.46875
vt 0.515625 0.484375
vt 0.5 0.484375
vt 0.2067078125 0.9922546875
vt 0.1932921875 1
vt 0.185546875 0.97109375
vt 0.0996765625 0.86328125
vt 0.1151671875 0.86328125
vt 0.107421875 0.8921875
vt 0.515625 0.5625
vt 0.53125 0.5625
vt 0.53125 0.578125
vt 0.515625 0.578125
vt 0.1932921875 1
vt 0.1778015625 1
vt 0.185546875 0.97109375
vt 0.0862609375 0.8710265625
vt 0.0996765625 0.86328125
vt 0.107421875 0.8921875
vt 0.53125 0.984375
vt 0.546875 0.984375
vt 0.546875 1
vt 0.53125 1
vt 0.1778015625 1
vt 0.1643859375 0.9922546875
vt 0.185546875 0.97109375
vt 0.078515625 0.8844421875
vt 0.0862609375 0.8710265625
vt 0.107421875 0.8921875
vt 0.4375 0.46875
vt 0.453125 0.46875
vt 0.453125 0.484375
vt 0.4375 0.484375
vt 0.1643859375 0.9922546875
vt 0.156640625 0.9788390625
vt 0.185546875 0.97109375
vt 0.078515625 0.8999328125
vt 0.078515625 0.8844421875
vt 0.107421875 0.8921875
vt 0.40625 0.46875
vt 0.421875 0.46875
vt 0.421875 0.484375
vt 0.40625 0.484375
vt 0.156640625 0.9788390625
vt 0.156640625 0.9633484375
vt 0.185546875 0.97109375
vt 0.0862609375 0.9133484375
vt 0.078515625 0.8999328125
vt 0.107421875 0.8921875
vt 0.515625 0.5
vt 0.53125 0.5
vt 0.53125 0.515625
vt 0.515625 0.515625
vt 0.156640625 0.9633484375
vt 0.1643859375 0.9499328125
vt 0.185546875 0.97109375
vt 0.0996765625 0.92109375
vt 0.0862609375 0.9133484375
vt 0.107421875 0.8921875
vt 0.0625 0.453125
vt 0.078125 0.453125
vt 0.078125 0.46875
vt 0.0625 0.46875
vt 0.1643859375 0.9499328125
vt 0.1778015625 0.9421875
vt 0.185546875 0.97109375
vt 0.1151671875 0.92109375
vt 0.0996765625 0.92109375
vt 0.107421875 0.8921875
vt 0.515625 0.625
vt 0.53125 0.625
vt 0.53125 0.640625
vt 0.515625 0.640625
vt 0.1778015625 0.9421875
vt 0.1932921875 0.9421875
vt 0.185546875 0.97109375
vt 0.2190265625 0.344703125
vt 0.2265625 0.344703125
vt 0.22279375 0.359375
vt 0.56783125 0.421875
vt 0.565071875 0.40625
vt 0.578125 0.40625
vt 0.5753671875 0.421875
vt 0.4859375 0.453125
vt 0.484928125 0.4375
vt 0.5 0.4375
vt 0.498990625 0.453125
vt 0.547428125 0.515625
vt 0.5484375 0.5
vt 0.561490625 0.5
vt 0.5625 0.515625
vt 0.580696875 0.453125
vt 0.58345625 0.4375
vt 0.5909921875 0.4375
vt 0.59375 0.453125
vt 0.6328125 0.420921875
vt 0.6252765625 0.420921875
vt 0.62904375 0.40625
vt 0.6252765625 0.7665765625000001
vt 0.6328125 0.7665765625000001
vt 0.6290453125 0.78125
vt 0.4115796875 0.421875
vt 0.408821875 0.40625
vt 0.421875 0.40625
vt 0.419115625 0.421875
vt 0.4234375 0.453125
vt 0.422428125 0.4375
vt 0.4375 0.4375
vt 0.436490625 0.453125
vt 0.547428125 0.578125
vt 0.5484375 0.5625
vt 0.561490625 0.5625
vt 0.5625 0.578125
vt 0.580696875 0.8125
vt 0.5834546875 0.796875
vt 0.590990625 0.796875
vt 0.59375 0.8125
vt 0.0703125 0.358421875
vt 0.0627765625 0.358421875
vt 0.0665453125 0.34375
vt 0.6251375 0.985328125
vt 0.632675 0.985328125
vt 0.62890625 1
vt 0.58216875 0.90625
vt 0.5794109375 0.890625
vt 0.5924640625 0.890625
vt 0.58970625 0.90625
vt 0.1887859375 0.4375
vt 0.1877765625 0.421875
vt 0.2028484375 0.421875
vt 0.2018390625 0.4375
vt 0.0627765625 0.4375
vt 0.0637859375 0.421875
vt 0.0768390625 0.421875
vt 0.0778484375 0.4375
vt 0.1575359375 0.421875
vt 0.16029375 0.40625
vt 0.16783125 0.40625
vt 0.1705890625 0.421875
vt 0.49205 0.38967343750000005
vt 0.4845125 0.38967343750000005
vt 0.48828125 0.375
vt 0.25 0.344703125
vt 0.2575359375 0.344703125
vt 0.25376875 0.359375
vt 0.5808828125 0.6875
vt 0.578125 0.671875
vt 0.591178125 0.671875
vt 0.58841875 0.6875
vt 0.563509375 0.78125
vt 0.5625 0.765625
vt 0.577571875 0.765625
vt 0.5765625 0.78125
vt 0.25 0.4375
vt 0.251009375 0.421875
vt 0.2640625 0.421875
vt 0.265071875 0.4375
vt 0.578125 0.65625
vt 0.5808828125 0.640625
vt 0.58841875 0.640625
vt 0.591178125 0.65625
vt 0.6325359375 0.7177984374999999
vt 0.625 0.7177984374999999
vt 0.62876875 0.703125
vt 0.1875 0.36032656249999995
vt 0.1950359375 0.36032656249999995
vt 0.19126875 0.375
vt 0.5808828125 0.5625
vt 0.578125 0.546875
vt 0.591178125 0.546875
vt 0.58841875 0.5625
vt 0.563509375 0.71875
vt 0.5625 0.703125
vt 0.577571875 0.703125
vt 0.5765625 0.71875
vt 0.3125 0.4375
vt 0.313509375 0.421875
vt 0.3265625 0.421875
vt 0.327571875 0.4375
vt 0.46875 0.421875
vt 0.4715078125 0.40625
vt 0.47904375 0.40625
vt 0.481803125 0.421875
vt 0.5856609375 0.374046875
vt 0.578125 0.374046875
vt 0.58189375 0.359375
vt 0.5157625 0.375953125
vt 0.5233 0.375953125
vt 0.51953125 0.390625
vt 0.09779375 0.421875
vt 0.0950359375 0.40625
vt 0.1080890625 0.40625
vt 0.10533125 0.421875
vt 0.5637859375 0.96875
vt 0.5627765625 0.953125
vt 0.5778484375 0.953125
vt 0.5768390625 0.96875
vt 0.5627765625 1
vt 0.5637859375 0.984375
vt 0.5768390625 0.984375
vt 0.5778484375 1
vt 0.0325359375 0.421875
vt 0.03529375 0.40625
vt 0.04283125 0.40625
vt 0.0455890625 0.421875
vt 0.61705 0.452171875
vt 0.6095125 0.452171875
vt 0.61328125 0.4375
vt 0.3284015625 0.36032656249999995
vt 0.3359375 0.36032656249999995
vt 0.3321703125 0.375
vt 0.5834546875 0.53125
vt 0.580696875 0.515625
vt 0.59375 0.515625
vt 0.590990625 0.53125
vt 0.4546875 0.453125
vt 0.453678125 0.4375
vt 0.46875 0.4375
vt 0.467740625 0.453125
vt 0.547428125 0.546875
vt 0.5484375 0.53125
vt 0.561490625 0.53125
vt 0.5625 0.546875
vt 0.502571875 0.421875
vt 0.5053296875 0.40625
vt 0.512865625 0.40625
vt 0.515625 0.421875
vt 0.6171875 0.374046875
vt 0.6096515625 0.374046875
vt 0.6134203125 0.359375
vt 0.0315265625 0.344703125
vt 0.0390625 0.344703125
vt 0.03529375 0.359375
vt 0.58345625 0.84375
vt 0.580696875 0.828125
vt 0.59375 0.828125
vt 0.5909921875 0.84375
vt 0.5484375 0.65625
vt 0.547428125 0.640625
vt 0.5625 0.640625
vt 0.561490625 0.65625
vt 0.391178125 0.453125
vt 0.3921875 0.4375
vt 0.405240625 0.4375
vt 0.40625 0.453125
vt 0.580696875 0.59375
vt 0.58345625 0.578125
vt 0.5909921875 0.578125
vt 0.59375 0.59375
vt 0.6484375 0.827171875
vt 0.6409015625 0.827171875
vt 0.64466875 0.8125
vt 0.6251375 0.954078125
vt 0.632675 0.954078125
vt 0.62890625 0.96875
vt 0.12904375 0.421875
vt 0.1262859375 0.40625
vt 0.1393390625 0.40625
vt 0.13658125 0.421875
vt 0.2200359375 0.4375
vt 0.2190265625 0.421875
vt 0.2340984375 0.421875
vt 0.2330890625 0.4375
vt 0.5627765625 0.9375
vt 0.5637859375 0.921875
vt 0.5768390625 0.921875
vt 0.5778484375 0.9375
vt 0.5794109375 0.875
vt 0.58216875 0.859375
vt 0.58970625 0.859375
vt 0.5924640625 0.875
vt 0.61705 0.5459234374999999
vt 0.6095125 0.5459234374999999
vt 0.61328125 0.53125
vt 0 0.344703125
vt 0.0075359375 0.344703125
vt 0.0037671875 0.359375
vt 0.440259375 0.421875
vt 0.4375 0.40625
vt 0.450553125 0.40625
vt 0.4477953125 0.421875
vt 0.282259375 0.4375
vt 0.28125 0.421875
vt 0.296321875 0.421875
vt 0.2953125 0.4375
vt 0.5625 0.75
vt 0.563509375 0.734375
vt 0.5765625 0.734375
vt 0.577571875 0.75
vt 0.375 0.421875
vt 0.377759375 0.40625
vt 0.3852953125 0.40625
vt 0.388053125 0.421875
vt 0.6325359375 0.7490484374999999
vt 0.625 0.7490484374999999
vt 0.6287671875 0.734375
vt 0.625 0.469703125
vt 0.6325359375 0.469703125
vt 0.6287671875 0.484375
vt 0.596509375 1
vt 0.59375 0.984375
vt 0.606803125 0.984375
vt 0.6040453125 1
vt 0.344759375 0.4375
vt 0.34375 0.421875
vt 0.358821875 0.421875
vt 0.3578125 0.4375
vt 0.5625 0.625
vt 0.563509375 0.609375
vt 0.5765625 0.609375
vt 0.577571875 0.625
vt 0.53125 0.421875
vt 0.534009375 0.40625
vt 0.5415453125 0.40625
vt 0.544303125 0.421875
vt 0.6325359375 0.514671875
vt 0.625 0.514671875
vt 0.6287671875 0.5
vt 0.4532625 0.37595156249999995
vt 0.4608 0.37595156249999995
vt 0.45703125 0.390625
vt 0.00404375 0.421875
vt 0.0012859375 0.40625
vt 0.0143390625 0.40625
vt 0.01158125 0.421875
vt 0.5169109375 0.453125
vt 0.5159015625 0.4375
vt 0.5309734375 0.4375
vt 0.5299640625 0.453125
vt 0.5471515625 0.453125
vt 0.5481609375 0.4375
vt 0.5612140625 0.4375
vt 0.5622234375 0.453125
vt 0.5637859375 0.484375
vt 0.56654375 0.46875
vt 0.57408125 0.46875
vt 0.5768390625 0.484375
vt 0.55455 0.389671875
vt 0.5470125 0.389671875
vt 0.55078125 0.375
vt 0.61133515625 0.921875
vt 0.61295078125 0.914514375
vt 0.62890625 0.921875
vt 0.45861703125 0.53125
vt 0.453125 0.50286
vt 0.46875 0.50161515625
vt 0.46875 0.53053125
vt 0.4390625 0.65625
vt 0.438053125 0.625
vt 0.453125 0.625
vt 0.452115625 0.65625
vt 0.32868375 0.8732190625
vt 0.32868375 0.836294375
vt 0.34173203125 0.8359375
vt 0.34375 0.87280703125
vt 0.00263140625 0.49838546875
vt 0.00263140625 0.4694690625
vt 0.01013296875 0.46875
vt 0.015625 0.49713984375
vt 0.1015625 0.38704921875
vt 0.094201875 0.38866484375
vt 0.094201875 0.37109375
vt 0.59570984375 0.625
vt 0.59732609375 0.617639375
vt 0.61328125 0.625
vt 0.48986703125 0.90625
vt 0.484375 0.87786171875
vt 0.5 0.87661609375
vt 0.5 0.90553078125
vt 0.4390625 0.75
vt 0.438053125 0.71875
vt 0.453125 0.71875
vt 0.452115625 0.75
vt 0.35993375 0.8732190625
vt 0.35993375 0.836294375
vt 0.37298203125 0.8359375
vt 0.375 0.87280703125
vt 0.467504375 0.609375
vt 0.43911453125 0.60388296875
vt 0.43983359375 0.59375
vt 0.46875 0.59375
vt 0.1640625 0.38704890625
vt 0.156701875 0.38866515625
vt 0.156701875 0.37109375
vt 0.59397515625 0.95279515625
vt 0.60133734375 0.95117859375
vt 0.60133734375 0.96875
vt 0.48986546875 0.8125
vt 0.484375 0.78411140625
vt 0.5 0.78286640625
vt 0.5 0.81178109375
vt 0.0637859375 0.546875
vt 0.0627765625 0.515625
vt 0.0778484375 0.515625
vt 0.0768390625 0.546875
vt 0.328404375 0.8107190625
vt 0.328404375 0.773794375
vt 0.34145265625 0.7734375
vt 0.343470625 0.81030703125
vt 0.032565625 0.49838499999999997
vt 0.032565625 0.46946890625000004
vt 0.04006890625 0.46875
vt 0.045559375 0.49714015624999996
vt 0.07008734375 0.40267359375
vt 0.06272515625 0.40429015625
vt 0.06272515625 0.38671875
vt 0.328125 0.40625
vt 0.32974125 0.398889375
vt 0.34569640625 0.40625
vt 0.45861703125 0.578125
vt 0.453125 0.54973515625
vt 0.46875 0.54848953125
vt 0.46875 0.5774059375
vt 0.454134375 0.90625
vt 0.453125 0.875
vt 0.468196875 0.875
vt 0.4671875 0.90625
vt 0.328125 0.998220625
vt 0.328125 0.961294375
vt 0.34117328125 0.9609375
vt 0.34319125 0.99780859375
vt 0.140625 0.49838484375000003
vt 0.140625 0.46946875
vt 0.1481265625 0.46875
vt 0.15361859375 0.49714
vt 0.616735625 0.68392390625
vt 0.609375 0.68554015625
vt 0.609375 0.66796875
vt 0.609375 0.890625
vt 0.61099125 0.883264375
vt 0.62694640625 0.890625
vt 0.09141625 0.5
vt 0.0625 0.5
vt 0.06374484375 0.48700640625
vt 0.09213484375 0.4924984375
vt 0.454134375 0.859375
vt 0.453125 0.828125
vt 0.468196875 0.828125
vt 0.4671875 0.859375
vt 0.328125 0.7482190625
vt 0.328125 0.711294375
vt 0.34117328125 0.7109375
vt 0.34319125 0.74780703125
vt 0.109375 0.49838484375000003
vt 0.109375 0.46946875
vt 0.1168765625 0.46875
vt 0.12236859375 0.49714
vt 0.132360625 0.38704890625
vt 0.125 0.38866515625
vt 0.125 0.37109375
vt 0.29710015625 0.39029515625
vt 0.30446234375 0.38867859375
vt 0.30446234375 0.40625
vt 0.48986546875 0.859375
vt 0.484375 0.83098640625
vt 0.5 0.82974140625
vt 0.5 0.85865609375
vt 0.0325359375 0.546875
vt 0.0315265625 0.515625
vt 0.0465984375 0.515625
vt 0.0455890625 0.546875
vt 0.187779375 0.6388440625
vt 0.187779375 0.601919375
vt 0.20082765625 0.6015625
vt 0.202845625 0.63843203125
vt 0.49794765625 0.671875
vt 0.4695575 0.6663845312500001
vt 0.47027640625 0.65625
vt 0.4991925 0.65625
vt 0.20605140625 0.3984375
vt 0.2044346875 0.40579953125
vt 0.18847984375 0.3984375
vt 0.40820984375 0.390625
vt 0.40982609375 0.383264375
vt 0.42578125 0.390625
vt 0.47424203125 1
vt 0.46875 0.97161015625
vt 0.484375 0.97036453125
vt 0.484375 0.9992809375
vt 0.4390625 0.703125
vt 0.438053125 0.671875
vt 0.453125 0.671875
vt 0.452115625 0.703125
vt 0.34430875 0.6857190625
vt 0.34430875 0.648794375
vt 0.35735703125 0.6484375
vt 0.359375 0.68530703125
vt 0.498754375 0.640625
vt 0.47036609375 0.63513296875
vt 0.47108515625 0.625
vt 0.5 0.625
vt 0.6171875 0.82454890625
vt 0.609826875 0.82616515625
vt 0.609826875 0.80859375
vt 0.594201875 0.40591984375
vt 0.6015625 0.40430359375
vt 0.6015625 0.421875
vt 0.5149059375 0.609375
vt 0.48598953125 0.609375
vt 0.48723515625 0.59638140625
vt 0.515625 0.6018734375
vt 0.4234375 0.578125
vt 0.422428125 0.546875
vt 0.4375 0.546875
vt 0.436490625 0.578125
vt 0.31305875 0.685720625
vt 0.31305875 0.648794375
vt 0.32610703125 0.6484375
vt 0.328125 0.68530859375
vt 0.48700640625 0.57651046875
vt 0.48700640625 0.5475940625
vt 0.49450796875 0.546875
vt 0.5 0.57526484375
vt 0.01953125 0.3828125
vt 0.017915 0.390173125
vt 0.00195984375 0.3828125
vt 0.59397515625 0.76529515625
vt 0.60133734375 0.76367859375
vt 0.60133734375 0.78125
vt 0.47424046875 0.765625
vt 0.46875 0.73723484375
vt 0.484375 0.7359899999999999
vt 0.484375 0.76490609375
vt 0.0950359375 0.546875
vt 0.0940265625 0.515625
vt 0.1090984375 0.515625
vt 0.1080890625 0.546875
vt 0.359654375 0.9357190625
vt 0.359654375 0.898794375
vt 0.37270265625 0.8984375
vt 0.374720625 0.93530703125
vt 0.501315625 0.998385
vt 0.501315625 0.96946890625
vt 0.50881890625 0.96875
vt 0.514309375 0.99714015625
vt 0.60133734375 0.73079859375
vt 0.59397515625 0.73241515625
vt 0.59397515625 0.71484375
vt 0.609375 0.57779484375
vt 0.616735625 0.57617859375
vt 0.616735625 0.59375
vt 0.23203984375 0.5
vt 0.203125 0.5
vt 0.204370625 0.48700640625
vt 0.23275890625 0.4924984375
vt 0.126009375 0.546875
vt 0.125 0.515625
vt 0.140071875 0.515625
vt 0.1390625 0.546875
vt 0.328125 0.935720625
vt 0.328125 0.898794375
vt 0.34117328125 0.8984375
vt 0.34319125 0.93530859375
vt 0.171875 0.49838390624999995
vt 0.171875 0.46946921875000003
vt 0.1793765625 0.46875
vt 0.18486859375 0.49713828125000004
vt 0.601110625 0.49642421875
vt 0.59375 0.49803984375
vt 0.59375 0.48046875
vt 0.375 0.37466984375
vt 0.382360625 0.37305359375
vt 0.382360625 0.390625
vt 0.42736703125 0.53125
vt 0.421875 0.50286
vt 0.4375 0.50161515625
vt 0.4375 0.53053125
vt 0.454134375 0.8125
vt 0.453125 0.78125
vt 0.468196875 0.78125
vt 0.4671875 0.8125
vt 0.15625 0.6388440625
vt 0.15625 0.601919375
vt 0.16929828125 0.6015625
vt 0.17131625 0.63843203125
vt 0.484375 0.52963546875
vt 0.484375 0.5007190625
vt 0.4918765625 0.5
vt 0.49736859375 0.52838984375
vt 0.62694640625 0.8515625
vt 0.62533015625 0.858923125
vt 0.609375 0.8515625
vt 0.23460015625 0.39029515625
vt 0.24196234375 0.38867859375
vt 0.24196234375 0.40625
vt 0.47424046875 0.71875
vt 0.46875 0.69035984375
vt 0.484375 0.6891149999999999
vt 0.484375 0.7180310937500001
vt 0.0012859375 0.546875
vt 0.0002765625 0.515625
vt 0.0153484375 0.515625
vt 0.0143390625 0.546875
vt 0.359654375 0.9982190625
vt 0.359654375 0.961294375
vt 0.37270265625 0.9609375
vt 0.374720625 0.99780703125
vt 0.501315625 0.95151
vt 0.501315625 0.92259390625
vt 0.50881890625 0.921875
vt 0.514309375 0.95026515625
vt 0.27321234375 0.40267359375
vt 0.26585015625 0.40429015625
vt 0.26585015625 0.38671875
vt 0.390625 0.921875
vt 0.40625 0.921875
vt 0.40625 0.953125
vt 0.390625 0.953125
vt 0.40625 0.765625
vt 0.390625 0.765625
vt 0.390625 0.734375
vt 0.40625 0.734375
vt 0.0383484375 0.99524375
vt 0.05064375 0.98814375
vt 0.0541265625 0.9916265625
vt 0.0396234375 1
vt 0.0396234375 0.859375
vt 0.0541265625 0.8677484375
vt 0.05064375 0.87123125
vt 0.0383484375 0.86413125
vt 0.375 0.59375
vt 0.390625 0.59375
vt 0.390625 0.625
vt 0.375 0.625
vt 0.328125 0.625
vt 0.3125 0.625
vt 0.3125 0.59375
vt 0.328125 0.59375
vt 0.05064375 0.98814375
vt 0.05774375 0.9758484375
vt 0.0625 0.9771234375
vt 0.0541265625 0.9916265625
vt 0.0541265625 0.8677484375
vt 0.0625 0.8822515625
vt 0.05774375 0.8835265625
vt 0.05064375 0.87123125
vt 0.359375 0.78125
vt 0.375 0.78125
vt 0.375 0.8125
vt 0.359375 0.8125
vt 0.375 0.765625
vt 0.359375 0.765625
vt 0.359375 0.734375
vt 0.375 0.734375
vt 0.05774375 0.9758484375
vt 0.05774375 0.9616515625
vt 0.0625 0.9603765625
vt 0.0625 0.9771234375
vt 0.0625 0.8822515625
vt 0.0625 0.8989984375
vt 0.05774375 0.8977234375
vt 0.05774375 0.8835265625
vt 0.34375 0.59375
vt 0.359375 0.59375
vt 0.359375 0.625
vt 0.34375 0.625
vt 0.40625 1
vt 0.390625 1
vt 0.390625 0.96875
vt 0.40625 0.96875
vt 0.05774375 0.9616515625
vt 0.05064375 0.94935625
vt 0.0541265625 0.9458734375
vt 0.0625 0.9603765625
vt 0.0625 0.8989984375
vt 0.0541265625 0.9135015625
vt 0.05064375 0.91001875
vt 0.05774375 0.8977234375
vt 0.390625 0.78125
vt 0.40625 0.78125
vt 0.40625 0.8125
vt 0.390625 0.8125
vt 0.421875 0.71875
vt 0.40625 0.71875
vt 0.40625 0.6875
vt 0.421875 0.6875
vt 0.05064375 0.94935625
vt 0.0383484375 0.94225625
vt 0.0396234375 0.9375
vt 0.0541265625 0.9458734375
vt 0.0541265625 0.9135015625
vt 0.0396234375 0.921875
vt 0.0383484375 0.91711875
vt 0.05064375 0.91001875
vt 0.21875 0.59375
vt 0.234375 0.59375
vt 0.234375 0.625
vt 0.21875 0.625
vt 0.140625 0.625
vt 0.125 0.625
vt 0.125 0.59375
vt 0.140625 0.59375
vt 0.0383484375 0.94225625
vt 0.0241515625 0.94225625
vt 0.0228765625 0.9375
vt 0.0396234375 0.9375
vt 0.0396234375 0.921875
vt 0.0228765625 0.921875
vt 0.0241515625 0.91711875
vt 0.0383484375 0.91711875
vt 0.40625 0.640625
vt 0.421875 0.640625
vt 0.421875 0.671875
vt 0.40625 0.671875
vt 0.40625 0.90625
vt 0.390625 0.90625
vt 0.390625 0.875
vt 0.40625 0.875
vt 0.0241515625 0.94225625
vt 0.01185625 0.94935625
vt 0.0083734375 0.9458734375
vt 0.0228765625 0.9375
vt 0.0228765625 0.921875
vt 0.0083734375 0.9135015625
vt 0.01185625 0.91001875
vt 0.0241515625 0.91711875
vt 0.28125 0.59375
vt 0.296875 0.59375
vt 0.296875 0.625
vt 0.28125 0.625
vt 0.390625 0.71875
vt 0.375 0.71875
vt 0.375 0.6875
vt 0.390625 0.6875
vt 0.01185625 0.94935625
vt 0.00475625 0.9616515625
vt 0 0.9603765625
vt 0.0083734375 0.9458734375
vt 0.0083734375 0.9135015625
vt 0 0.8989984375
vt 0.00475625 0.8977234375
vt 0.01185625 0.91001875
vt 0 0.59375
vt 0.015625 0.59375
vt 0.015625 0.625
vt 0 0.625
vt 0.046875 0.625
vt 0.03125 0.625
vt 0.03125 0.59375
vt 0.046875 0.59375
vt 0.00475625 0.9616515625
vt 0.00475625 0.9758484375
vt 0 0.9771234375
vt 0 0.9603765625
vt 0 0.8989984375
vt 0 0.8822515625
vt 0.00475625 0.8835265625
vt 0.00475625 0.8977234375
vt 0.25 0.59375
vt 0.265625 0.59375
vt 0.265625 0.625
vt 0.25 0.625
vt 0.390625 0.671875
vt 0.375 0.671875
vt 0.375 0.640625
vt 0.390625 0.640625
vt 0.00475625 0.9758484375
vt 0.01185625 0.98814375
vt 0.0083734375 0.9916265625
vt 0 0.9771234375
vt 0 0.8822515625
vt 0.0083734375 0.8677484375
vt 0.01185625 0.87123125
vt 0.00475625 0.8835265625
vt 0.40625 0.59375
vt 0.421875 0.59375
vt 0.421875 0.625
vt 0.40625 0.625
vt 0.40625 0.859375
vt 0.390625 0.859375
vt 0.390625 0.828125
vt 0.40625 0.828125
vt 0.01185625 0.98814375
vt 0.0241515625 0.99524375
vt 0.0228765625 1
vt 0.0083734375 0.9916265625
vt 0.0083734375 0.8677484375
vt 0.0228765625 0.859375
vt 0.0241515625 0.86413125
vt 0.01185625 0.87123125
vt 0.0625 0.59375
vt 0.078125 0.59375
vt 0.078125 0.625
vt 0.0625 0.625
vt 0.109375 0.625
vt 0.09375 0.625
vt 0.09375 0.59375
vt 0.109375 0.59375
vt 0.0241515625 0.99524375
vt 0.0383484375 0.99524375
vt 0.0396234375 1
vt 0.0228765625 1
vt 0.0228765625 0.859375
vt 0.0396234375 0.859375
vt 0.0383484375 0.86413125
vt 0.0241515625 0.86413125
vt 0.21875 0.796875
vt 0.203125 0.796875
vt 0.203125 0.734375
vt 0.21875 0.734375
vt 0.171875 0.71875
vt 0.171875 0.78125
vt 0.15625 0.78125
vt 0.15625 0.71875
vt 0.53125 0.921875
vt 0.546875 0.921875
vt 0.546875 0.9375
vt 0.53125 0.9375
vt 0.21875 0.453125
vt 0.21875 0.46875
vt 0.203125 0.46875
vt 0.203125 0.453125
vt 0.015625 0.703125
vt 0.015625 0.765625
vt 0 0.765625
vt 0 0.703125
vt 0.25 1
vt 0.234375 1
vt 0.234375 0.9375
vt 0.25 0.9375
vt 0.046875 0.765625
vt 0.03125 0.765625
vt 0.03125 0.703125
vt 0.046875 0.703125
vt 0.078125 0.703125
vt 0.078125 0.765625
vt 0.0625 0.765625
vt 0.0625 0.703125
vt 0.53125 0.765625
vt 0.546875 0.765625
vt 0.546875 0.78125
vt 0.53125 0.78125
vt 0.25 0.453125
vt 0.25 0.46875
vt 0.234375 0.46875
vt 0.234375 0.453125
vt 0.25 0.859375
vt 0.25 0.921875
vt 0.234375 0.921875
vt 0.234375 0.859375
vt 0.109375 0.765625
vt 0.09375 0.765625
vt 0.09375 0.703125
vt 0.109375 0.703125
vt 0.140625 0.765625
vt 0.125 0.765625
vt 0.125 0.703125
vt 0.140625 0.703125
vt 0.25 0.78125
vt 0.25 0.84375
vt 0.234375 0.84375
vt 0.234375 0.78125
vt 0.53125 0.734375
vt 0.546875 0.734375
vt 0.546875 0.75
vt 0.53125 0.75
vt 0.28125 0.453125
vt 0.28125 0.46875
vt 0.265625 0.46875
vt 0.265625 0.453125
vt 0.25 0.703125
vt 0.25 0.765625
vt 0.234375 0.765625
vt 0.234375 0.703125
vt 0.28125 1
vt 0.265625 1
vt 0.265625 0.9375
vt 0.28125 0.9375
vt 0.28125 0.921875
vt 0.265625 0.921875
vt 0.265625 0.859375
vt 0.28125 0.859375
vt 0.28125 0.78125
vt 0.28125 0.84375
vt 0.265625 0.84375
vt 0.265625 0.78125
vt 0.53125 0.703125
vt 0.546875 0.703125
vt 0.546875 0.71875
vt 0.53125 0.71875
vt 0.3125 0.453125
vt 0.3125 0.46875
vt 0.296875 0.46875
vt 0.296875 0.453125
vt 0.28125 0.703125
vt 0.28125 0.765625
vt 0.265625 0.765625
vt 0.265625 0.703125
vt 0.203125 0.71875
vt 0.1875 0.71875
vt 0.1875 0.65625
vt 0.203125 0.65625
vt 0.1858390625 0.8370109375
vt 0.1782234375 0.84140625
vt 0.173828125 0.825
vt 0.09414984375 0.578125
vt 0.094861875 0.56936171875
vt 0.1484375 0.578125
vt 0.190234375 0.8293953125
vt 0.1858390625 0.8370109375
vt 0.173828125 0.825
vt 0.42483046875 0.85267421875
vt 0.43359375 0.85196234375
vt 0.43359375 0.90625
vt 0.190234375 0.8206046875
vt 0.190234375 0.8293953125
vt 0.173828125 0.825
vt 0.2983534375 0.5245490625
vt 0.3071153125 0.52383734375
vt 0.3071153125 0.578125
vt 0.1858390625 0.8129890625
vt 0.190234375 0.8206046875
vt 0.173828125 0.825
vt 0.421875 0.9375
vt 0.42258703125 0.92873671875
vt 0.47616265625 0.9375
vt 0.1782234375 0.80859375
vt 0.1858390625 0.8129890625
vt 0.173828125 0.825
vt 0.234375 0.524549375
vt 0.24313828125 0.52383734375
vt 0.24313828125 0.578125
vt 0.1694328125 0.80859375
vt 0.1782234375 0.80859375
vt 0.173828125 0.825
vt 0.3608534375 0.5245490625
vt 0.3696153125 0.52383734375
vt 0.3696153125 0.578125
vt 0.1618171875 0.8129890625
vt 0.1694328125 0.80859375
vt 0.173828125 0.825
vt 0.26858046875 0.524549375
vt 0.27734375 0.52383734375
vt 0.27734375 0.578125
vt 0.157421875 0.8206046875
vt 0.1618171875 0.8129890625
vt 0.173828125 0.825
vt 0.42483046875 0.774549375
vt 0.43359375 0.77383734375
vt 0.43359375 0.828125
vt 0.157421875 0.8293953125
vt 0.157421875 0.8206046875
vt 0.173828125 0.825
vt 0.3921034375 0.5245490625
vt 0.4008653125 0.52383734375
vt 0.4008653125 0.578125
vt 0.1618171875 0.8370109375
vt 0.157421875 0.8293953125
vt 0.173828125 0.825
vt 0.203125 0.524549375
vt 0.21188828125 0.52383734375
vt 0.21188828125 0.578125
vt 0.1694328125 0.84140625
vt 0.1618171875 0.8370109375
vt 0.173828125 0.825
vt 0.171875 0.52454921875
vt 0.18063828125 0.52383734375
vt 0.18063828125 0.578125
vt 0.1782234375 0.84140625
vt 0.1694328125 0.84140625
vt 0.173828125 0.825
vt 0.3296034375 0.5245490625
vt 0.3383653125 0.52383734375
vt 0.3383653125 0.578125
vt 0.34375 0.46875
vt 0.328125 0.46875
vt 0.328125 0.453125
vt 0.34375 0.453125
vt 0.375 0.453125
vt 0.375 0.46875
vt 0.359375 0.46875
vt 0.359375 0.453125
vt 0 0.5625
vt 0.03125 0.5625
vt 0.03125 0.578125
vt 0 0.578125
vt 0.453125 0.984375
vt 0.453125 1
vt 0.421875 1
vt 0.421875 0.984375
vt 0.453125 0.953125
vt 0.453125 0.96875
vt 0.421875 0.96875
vt 0.421875 0.953125
vt 0.0859375 0.578125
vt 0.046875 0.578125
vt 0.046875 0.5546875
vt 0.0859375 0.5546875
vt 0.546875 0.609375
vt 0.53125 0.609375
vt 0.53125 0.59375
vt 0.546875 0.59375
vt 0.546875 0.46875
vt 0.546875 0.484375
vt 0.53125 0.484375
vt 0.53125 0.46875
vt 0 0.4375
vt 0.015625 0.4375
vt 0.015625 0.453125
vt 0 0.453125
vt 0.046875 0.4375
vt 0.046875 0.453125
vt 0.03125 0.453125
vt 0.03125 0.4375
vt 0.109375 0.4375
vt 0.109375 0.453125
vt 0.09375 0.453125
vt 0.09375 0.4375
vt 0.5625 0.90625
vt 0.546875 0.90625
vt 0.546875 0.890625
vt 0.5625 0.890625
vt 0.140625 0.453125
vt 0.125 0.453125
vt 0.125 0.4375
vt 0.140625 0.4375
vt 0.5625 0.859375
vt 0.5625 0.875
vt 0.546875 0.875
vt 0.546875 0.859375
vt 0.15625 0.4375
vt 0.171875 0.4375
vt 0.171875 0.453125
vt 0.15625 0.453125
vt 0.5625 0.828125
vt 0.5625 0.84375
vt 0.546875 0.84375
vt 0.546875 0.828125
vt 0.5625 0.796875
vt 0.5625 0.8125
vt 0.546875 0.8125
vt 0.546875 0.796875
vt 0.5625 0.6875
vt 0.546875 0.6875
vt 0.546875 0.671875
vt 0.5625 0.671875
vt 0 1
vt 0 1
vt 0 1
vt 0 1
vt 0 1
vt 0 1
vt 0 1
vt 0 1
vt 0.015625 1
vt 0.015625 1
vt 0 1
vt 0 1
vt 0.002734375 1
vt 0.001171875 1
vt 0.002734375 1
vt 0.001171875 1
vt 0.265625 0.640625
vt 0.265625 0.6875
vt 0.25 0.6875
vt 0.25 0.640625
vt 0.296875 0.6875
vt 0.28125 0.6875
vt 0.28125 0.640625
vt 0.296875 0.640625
vt 0.75651046875 0.6380207812500001
vt 0.75651046875 0.5911457812500001
vt 0.77213546875 0.5911457812500001
vt 0.77213546875 0.6380207812500001
vt 0.77213546875 0.7005207812500001
vt 0.75651046875 0.7005207812500001
vt 0.75651046875 0.6536457812500001
vt 0.77213546875 0.6536457812500001
vt 0.70963546875 0.7473957812500001
vt 0.70963546875 0.7630207812500001
vt 0.66276046875 0.7630207812500001
vt 0.66276046875 0.7473957812500001
vt 0.77213546875 0.7630207812500001
vt 0.72526046875 0.7630207812500001
vt 0.72526046875 0.7473957812500001
vt 0.77213546875 0.7473957812500001
vt 0.80338546875 0.7317707812500001
vt 0.78776046875 0.7317707812500001
vt 0.78776046875 0.7161457812500001
vt 0.80338546875 0.7161457812500001
vt 0.72526046875 0.7942707812500001
vt 0.72526046875 0.7786457812500001
vt 0.74088546875 0.7786457812500001
vt 0.74088546875 0.7942707812500001
vt 0.72265625 0.984375
vt 0.67578125 0.984375
vt 0.67578125 0.96875
vt 0.72265625 0.96875
vt 0.72265625 0.9375
vt 0.72265625 0.953125
vt 0.67578125 0.953125
vt 0.67578125 0.9375
vt 0.67578125 0.875
vt 0.69140625 0.875
vt 0.69140625 0.921875
vt 0.67578125 0.921875
vt 0.69140625 0.8125
vt 0.69140625 0.859375
vt 0.67578125 0.859375
vt 0.67578125 0.8125
vt 0.66015625 0.78125
vt 0.66015625 0.796875
vt 0.64453125 0.796875
vt 0.64453125 0.78125
vt 0.75390625 0.890625
vt 0.73828125 0.890625
vt 0.73828125 0.875
vt 0.75390625 0.875
vt 0.69140625 0.7734375
vt 0.64453125 0.7734375
vt 0.64453125 0.7578125
vt 0.69140625 0.7578125
vt 0.87890625 0.9453125
vt 0.87890625 0.9609375
vt 0.83203125 0.9609375
vt 0.83203125 0.9453125
vt 0.83203125 0.8828125
vt 0.84765625 0.8828125
vt 0.84765625 0.9296875
vt 0.83203125 0.9296875
vt 0.72265625 0.7265625
vt 0.72265625 0.7734375
vt 0.70703125 0.7734375
vt 0.70703125 0.7265625
vt 0.81640625 0.7578125
vt 0.81640625 0.7734375
vt 0.80078125 0.7734375
vt 0.80078125 0.7578125
vt 0.84765625 0.8046875
vt 0.83203125 0.8046875
vt 0.83203125 0.7890625
vt 0.84765625 0.7890625
vt 0.65377609375 0.62307171875
vt 0.6538628125 0.62276671875
vt 0.655081875 0.62430015625
vt 0.65491921875 0.6245098437500001
vt 0.652575625 0.58416203125
vt 0.652595625 0.58391359375
vt 0.65425609375 0.5846365625000001
vt 0.654194375 0.58486703125
vt 0.69009890625 0.62520453125
vt 0.69007875 0.62495609375
vt 0.6916975 0.62425078125
vt 0.69175921875 0.62448125
vt 0.6617946875 0.62198046875
vt 0.66188078125 0.6222862499999999
vt 0.66073328125 0.62371875
vt 0.66057125 0.62350796875
vt 0.66188078125 0.6222862499999999
vt 0.661966875 0.6225917187500001
vt 0.6608953125 0.623929375
vt 0.66073328125 0.62371875
vt 0.66147921875 0.577161875
vt 0.661499375 0.57741046875
vt 0.660124375 0.5780118750000001
vt 0.6600621875 0.5777817187500001
vt 0.69364484375 0.6325639062499999
vt 0.6936246875 0.6328125
vt 0.69220765625 0.6321924999999999
vt 0.69226984375 0.6319623437499999
vt 0.6536890625 0.6233768749999999
vt 0.65377609375 0.62307171875
vt 0.65491921875 0.6245098437500001
vt 0.6547565625 0.6247196875000001
vt 0.65489703125 0.62451234375
vt 0.65505859375 0.6243014062500001
vt 0.6556675 0.626674375
vt 0.655468125 0.6267378125
vt 0.68968484375 0.5917165625
vt 0.68960875 0.59149328125
vt 0.69158125 0.5910428125
vt 0.6916078125 0.5912775
vt 0.68693 0.5979328125000001
vt 0.68700609375 0.5977096875
vt 0.6889290625 0.5981490625
vt 0.6889025 0.5983832812500001
vt 0.66057125 0.62350796875
vt 0.66073328125 0.62371875
vt 0.66016453125 0.62594515625
vt 0.65996484375 0.6258818749999999
vt 0.66071625 0.62371625
vt 0.6608790625 0.62392625
vt 0.66035671875 0.62600875
vt 0.66015671875 0.6259465625
vt 0.67044890625 0.5706970312499999
vt 0.6703728125 0.57092046875
vt 0.6687384375 0.5705471875
vt 0.668765 0.5703125
vt 0.7025184375 0.59795828125
vt 0.702594375 0.59818125
vt 0.70091046875 0.5985659375
vt 0.70088390625 0.5983315625000001
vt 0.65475671875 0.62471953125
vt 0.65491921875 0.6245098437500001
vt 0.65547859375 0.62674015625
vt 0.6552790625 0.6268021875
vt 0.65546796875 0.6267378125
vt 0.6556675 0.626674375
vt 0.6555146875 0.62930609375
vt 0.6553246875 0.629205625
vt 0.6916078125 0.5912773437500001
vt 0.69158125 0.5910428125
vt 0.69369859375 0.5910428125
vt 0.69367203125 0.5912773437500001
vt 0.6889025 0.5983835937499999
vt 0.6889290625 0.5981490625
vt 0.69099328125 0.5981490625
vt 0.69101984375 0.5983835937499999
vt 0.6599646875 0.6258818749999999
vt 0.66016453125 0.62594515625
vt 0.660309375 0.6284128124999999
vt 0.66011921875 0.6285134375
vt 0.66015703125 0.6259465625
vt 0.66035671875 0.62600875
vt 0.66049765625 0.62831265625
vt 0.66030796875 0.62841375
vt 0.668765 0.57031265625
vt 0.6687384375 0.5705471875
vt 0.66698375 0.5705471875
vt 0.66695734375 0.57031265625
vt 0.70088390625 0.59833140625
vt 0.70091046875 0.5985659375
vt 0.6991028125 0.5985659375
vt 0.699129375 0.59833140625
vt 0.65527890625 0.6268021875
vt 0.65547859375 0.62674015625
vt 0.6553271875 0.6292071875
vt 0.6551375 0.6291060937499999
vt 0.65532484375 0.62920578125
vt 0.6555146875 0.62930609375
vt 0.65463828125 0.63153796875
vt 0.65450296875 0.63129859375
vt 0.69367203125 0.5912775
vt 0.69369859375 0.5910428125
vt 0.69567109375 0.59149328125
vt 0.695595 0.5917165625
vt 0.69101984375 0.5983832812500001
vt 0.69099328125 0.5981490625
vt 0.69291625 0.5977096875
vt 0.69299234375 0.5979328125000001
vt 0.660119375 0.6285134375
vt 0.660309375 0.6284128124999999
vt 0.66113171875 0.6305053125
vt 0.66099625 0.6307448437500001
vt 0.6603078125 0.62841375
vt 0.66049765625 0.62831265625
vt 0.6612671875 0.63026578125
vt 0.66113171875 0.6305053125
vt 0.66695734375 0.5703125
vt 0.66698375 0.5705471875
vt 0.665349375 0.57092046875
vt 0.66527328125 0.5706970312499999
vt 0.69912921875 0.5983315625000001
vt 0.6991028125 0.5985659375
vt 0.69741875 0.59818125
vt 0.69749484375 0.59795828125
vt 0.65513734375 0.6291059375
vt 0.6553271875 0.6292071875
vt 0.65450296875 0.6312984374999999
vt 0.6543675 0.63105890625
vt 0.65450296875 0.6312984374999999
vt 0.65463828125 0.63153796875
vt 0.65324890625 0.6328125
vt 0.65319984375 0.6324937500000001
vt 0.6868853125 0.61911390625
vt 0.68682359375 0.6188834375000001
vt 0.6884840625 0.61816046875
vt 0.6885040625 0.61840890625
vt 0.68146625 0.5902353124999999
vt 0.6815278125 0.5900048437500001
vt 0.68314671875 0.59070984375
vt 0.6831265625 0.59095828125
vt 0.66099625 0.6307448437500001
vt 0.66113171875 0.6305053125
vt 0.6624346875 0.6317009375
vt 0.662385625 0.6320196874999999
vt 0.66113171875 0.6305053125
vt 0.6612671875 0.63026578125
vt 0.66248375 0.6313821875000001
vt 0.6624346875 0.6317009375
vt 0.680348125 0.5777792187499999
vt 0.68028640625 0.57800953125
vt 0.678910625 0.57741046875
vt 0.678930625 0.57716203125
vt 0.67225 0.57717015625
vt 0.67231171875 0.5774004687500001
vt 0.670894375 0.57801796875
vt 0.67087421875 0.57776953125
vt 0.6543675 0.63105890625
vt 0.65450296875 0.6312984374999999
vt 0.65319984375 0.6324937500000001
vt 0.65315078125 0.63217484375
vt 0.65319984375 0.63249359375
vt 0.65324890625 0.6328125
vt 0.65167421875 0.6328125
vt 0.65172328125 0.63249359375
vt 0.68850421875 0.6184090625
vt 0.6884840625 0.61816046875
vt 0.69009890625 0.61816046875
vt 0.69007875 0.6184090625
vt 0.6831265625 0.5909584375
vt 0.68314671875 0.59070984375
vt 0.68472125 0.59070984375
vt 0.68474140625 0.5909584375
vt 0.662385625 0.63201953125
vt 0.6624346875 0.6317009375
vt 0.66391125 0.6317009375
vt 0.66396015625 0.63201953125
vt 0.6624346875 0.63170015625
vt 0.66248375 0.6313817187499999
vt 0.66386234375 0.6313825
vt 0.66391125 0.6317009375
vt 0.678930625 0.577161875
vt 0.678910625 0.57741046875
vt 0.67757234375 0.57741046875
vt 0.6775521875 0.577161875
vt 0.67087421875 0.5777696875
vt 0.670894375 0.57801796875
vt 0.66951578125 0.57801796875
vt 0.6695359375 0.5777696875
vt 0.65315078125 0.63217484375
vt 0.65319984375 0.6324937500000001
vt 0.65172328125 0.6324937500000001
vt 0.65177234375 0.63217484375
vt 0.65172328125 0.6324937500000001
vt 0.65167421875 0.6328125
vt 0.65028484375 0.63153796875
vt 0.65042015625 0.6312984374999999
vt 0.69007875 0.61840890625
vt 0.69009890625 0.61816046875
vt 0.69175921875 0.6188834375000001
vt 0.6916975 0.61911390625
vt 0.68474125 0.59095796875
vt 0.68472125 0.59070984375
vt 0.68633984375 0.59000421875
vt 0.6864015625 0.590234375
vt 0.6639603125 0.6320196874999999
vt 0.66391125 0.6317009375
vt 0.6652140625 0.6305053125
vt 0.66534953125 0.6307448437500001
vt 0.66391125 0.6317009375
vt 0.66386234375 0.6313825
vt 0.66507875 0.63026609375
vt 0.6652140625 0.6305053125
vt 0.6775521875 0.57716203125
vt 0.67757234375 0.57741046875
vt 0.67619640625 0.57800953125
vt 0.6761346875 0.5777792187499999
vt 0.6695359375 0.57776953125
vt 0.66951578125 0.57801796875
vt 0.6680984375 0.5774004687500001
vt 0.66816015625 0.57717015625
vt 0.65177234375 0.63217484375
vt 0.65172328125 0.6324937500000001
vt 0.65042015625 0.6312984374999999
vt 0.650555625 0.63105890625
vt 0.65042015625 0.6312984374999999
vt 0.65028484375 0.63153796875
vt 0.64940578125 0.6293078125
vt 0.64959578125 0.6292068749999999
vt 0.64950296875 0.57801796875
vt 0.649426875 0.5777946875
vt 0.651399375 0.57734421875
vt 0.6514259375 0.5775789062500001
vt 0.68157234375 0.58423453125
vt 0.6816484375 0.58401109375
vt 0.68357140625 0.5844503125
vt 0.68354484375 0.5846848437500001
vt 0.665349375 0.63074453125
vt 0.6652140625 0.6305053125
vt 0.66603734375 0.62841296875
vt 0.6662271875 0.6285135937499999
vt 0.66521421875 0.6305056250000001
vt 0.66507875 0.63026609375
vt 0.66584671875 0.6283118750000001
vt 0.66603671875 0.6284128124999999
vt 0.6624125 0.5706970312499999
vt 0.66233640625 0.57092046875
vt 0.66070203125 0.5705471875
vt 0.66072859375 0.5703125
vt 0.67840921875 0.5705609375
vt 0.6784853125 0.5707840625
vt 0.67680125 0.57116859375
vt 0.67677484375 0.570934375
vt 0.65055546875 0.6310590625
vt 0.65042015625 0.6312984374999999
vt 0.64959828125 0.6292051562500001
vt 0.649788125 0.62910453125
vt 0.64959578125 0.6292068749999999
vt 0.64940578125 0.6293078125
vt 0.64924859375 0.62667640625
vt 0.6494484375 0.626739375
vt 0.6514259375 0.57757875
vt 0.651399375 0.57734421875
vt 0.65351671875 0.57734421875
vt 0.65349015625 0.57757875
vt 0.68354484375 0.5846848437500001
vt 0.68357140625 0.5844503125
vt 0.685635625 0.5844503125
vt 0.6856621875 0.5846848437500001
vt 0.6662271875 0.6285135937499999
vt 0.66603734375 0.62841296875
vt 0.6661821875 0.6259453125000001
vt 0.66638171875 0.62588203125
vt 0.66603640625 0.62841265625
vt 0.66584671875 0.6283118750000001
vt 0.6659859375 0.6260078124999999
vt 0.66618546875 0.62594546875
vt 0.66072859375 0.57031265625
vt 0.66070203125 0.5705471875
vt 0.65894734375 0.5705471875
vt 0.6589209375 0.57031265625
vt 0.67677484375 0.5709340625
vt 0.67680125 0.57116859375
vt 0.67499375 0.57116859375
vt 0.67502015625 0.5709340625
vt 0.649788125 0.62910453125
vt 0.64959828125 0.6292051562500001
vt 0.64945015625 0.6267378125
vt 0.6496496875 0.6268003125
vt 0.6494484375 0.626739375
vt 0.64924859375 0.62667640625
vt 0.6498528125 0.62430171875
vt 0.650015 0.62451203125
vt 0.6534903125 0.57757859375
vt 0.65351671875 0.57734421875
vt 0.65548921875 0.5777946875
vt 0.655413125 0.5780178125
vt 0.6856621875 0.5846848437500001
vt 0.685635625 0.5844503125
vt 0.68755859375 0.58401109375
vt 0.6876346875 0.58423453125
vt 0.66638171875 0.62588203125
vt 0.6661821875 0.6259453125000001
vt 0.6656125 0.62371921875
vt 0.66577421875 0.62350859375
vt 0.66618578125 0.6259453125000001
vt 0.6659859375 0.6260078124999999
vt 0.66546171875 0.6239259375
vt 0.665624375 0.6237159375
vt 0.6589209375 0.5703128125
vt 0.65894734375 0.5705471875
vt 0.65731296875 0.57092046875
vt 0.657236875 0.5706975000000001
vt 0.67502015625 0.5709340625
vt 0.67499375 0.57116859375
vt 0.6733096875 0.5707840625
vt 0.67338578125 0.57056078125
vt 0.6496496875 0.6268003125
vt 0.64945015625 0.6267378125
vt 0.65001234375 0.62450875
vt 0.6501746875 0.62471890625
vt 0.65001234375 0.62450875
vt 0.64984984375 0.6242984375
vt 0.6510709375 0.62276765625
vt 0.65115734375 0.623073125
vt 0.64938234375 0.58486734375
vt 0.649320625 0.5846371875
vt 0.6509809375 0.58391359375
vt 0.6510009375 0.58416171875
vt 0.68682375 0.62448125
vt 0.68688546875 0.62425078125
vt 0.68850421875 0.62495609375
vt 0.6884840625 0.62520453125
vt 0.66577421875 0.62350859375
vt 0.6656125 0.62371921875
vt 0.66446390625 0.6222884375
vt 0.66454953125 0.6219828125
vt 0.6656125 0.62371921875
vt 0.665450625 0.6239301562499999
vt 0.664378125 0.62259421875
vt 0.66446390625 0.6222884375
vt 0.66427515625 0.5777792187499999
vt 0.66421359375 0.57800953125
vt 0.66283765625 0.57741046875
vt 0.66285765625 0.57716203125
vt 0.69635890625 0.6319646875
vt 0.696420625 0.6321950000000001
vt 0.69500328125 0.6328125
vt 0.694983125 0.6325640625
vt 0.65017484375 0.6247190625
vt 0.65001234375 0.62450875
vt 0.65115734375 0.623073125
vt 0.65124390625 0.62337859375
vt 0.65115734375 0.623073125
vt 0.6510709375 0.6227674999999999
vt 0.65262703125 0.622460625
vt 0.65261671875 0.6227853125
vt 0.6510009375 0.5841621875
vt 0.6509809375 0.58391359375
vt 0.652595625 0.58391359375
vt 0.652575625 0.5841621875
vt 0.6884840625 0.625204375
vt 0.68850421875 0.62495609375
vt 0.69007875 0.62495609375
vt 0.69009890625 0.625204375
vt 0.66454953125 0.6219825
vt 0.66446390625 0.6222884375
vt 0.66300390625 0.62200703125
vt 0.6629925 0.62168234375
vt 0.66446390625 0.6222884375
vt 0.66437828125 0.622594375
vt 0.66301515625 0.6223315625
vt 0.66300390625 0.62200703125
vt 0.6628578125 0.577161875
vt 0.66283765625 0.57741046875
vt 0.661499375 0.57741046875
vt 0.66147921875 0.577161875
vt 0.694983125 0.63256421875
vt 0.69500328125 0.6328125
vt 0.6936246875 0.6328125
vt 0.69364484375 0.63256421875
vt 0.65124375 0.6233782812499999
vt 0.65115734375 0.623073125
vt 0.65261671875 0.6227853125
vt 0.65260625 0.62310953125
vt 0.6803446875 0.42995390624999996
vt 0.6808771875 0.43031953125
vt 0.6816175 0.4309521875
vt 0.6810390625 0.43054734375000003
vt 0.73635765625 0.47025796875000003
vt 0.73683453125 0.470589375
vt 0.7375940625 0.47123843750000005
vt 0.737098125 0.470890625
vt 0.7397128125 0.47204421875
vt 0.74023734375 0.47241656249999997
vt 0.7409778125 0.47304921874999994
vt 0.74047234375 0.47269343750000004
vt 0.6811746875 0.4295821875
vt 0.681820625 0.43004484374999996
vt 0.68251515625 0.43063828125000003
vt 0.681915 0.43021484374999996
vt 0.68371515625 0.43166375
vt 0.6830690625 0.43120109375000004
vt 0.682420625 0.43064703125000003
vt 0.68302078125 0.43107031250000005
vt 0.70351015625 0.44859499999999997
vt 0.70298546875 0.44822281249999996
vt 0.70235625 0.447685
vt 0.70286171875 0.44804093749999996
vt 0.75347109375 0.48046875
vt 0.75299359375 0.48015140624999997
vt 0.75234515625 0.47959734374999996
vt 0.752841875 0.47994562500000004
vt 0.68277078125 0.43193796875
vt 0.6822390625 0.43157296874999995
vt 0.6815446875 0.43097953125
vt 0.6821225 0.43138390625
vt 0.6815896875 0.43101796875
vt 0.6820328125 0.43132078124999995
vt 0.68292578125 0.4320840625
vt 0.6824271875 0.43173359375
vt 0.67391296875 0.42770031249999996
vt 0.67437375 0.42802062500000004
vt 0.67528984375 0.42880343750000005
vt 0.6748059375 0.42846343750000004
vt 0.7543053125 0.48046875
vt 0.7548125 0.48046875
vt 0.75570546875 0.48046875
vt 0.75522140625 0.48046875
vt 0.67405796875 0.42458093750000003
vt 0.67461265625 0.42497921875
vt 0.67545015625 0.42569500000000005
vt 0.6749509375 0.42534421874999995
vt 0.68251125 0.43064859375
vt 0.6819565625 0.43025046874999995
vt 0.6811746875 0.4295821875
vt 0.68167375 0.42993296875
vt 0.77692125 0.48046875
vt 0.77641421875 0.48046875
vt 0.77565515625 0.48046875
vt 0.77613921875 0.48046875
vt 0.77725671875 0.48046875
vt 0.7767965625 0.48046875
vt 0.7760146875 0.48046875
vt 0.77649765625 0.48046875
vt 0.68156875 0.43092421875
vt 0.681125625 0.43062124999999996
vt 0.680288125 0.42990562499999996
vt 0.68078671875 0.4302559375
vt 0.68156375 0.43099578125000004
vt 0.6820028125 0.43129984374999997
vt 0.68296296875 0.43212046875
vt 0.68246421875 0.43176531250000005
vt 0.675148125 0.42875593749999996
vt 0.6756140625 0.42908140625
vt 0.67659890625 0.42992312499999996
vt 0.67610828125 0.4295765625
vt 0.75555140625 0.48046875
vt 0.756041875 0.48046875
vt 0.75700203125 0.48046875
vt 0.75653609375 0.48046875
vt 0.67405796875 0.42458093750000003
vt 0.674556875 0.42493609374999997
vt 0.6754571875 0.425705625
vt 0.675018125 0.42540156250000005
vt 0.67542734375 0.42567999999999995
vt 0.67492859375 0.42532499999999995
vt 0.6740878125 0.42460640625
vt 0.67452703125 0.42491046875000005
vt 0.776975 0.48046875
vt 0.77648375 0.48046875
vt 0.7756675 0.48046875
vt 0.77613421875 0.48046875
vt 0.777321875 0.48046875
vt 0.7768553125 0.48046875
vt 0.77601453125 0.48046875
vt 0.77650578125 0.48046875
vt 0.6828734375 0.43204390625
vt 0.68243421875 0.4317396875
vt 0.68153390625 0.43097031249999995
vt 0.68203265625 0.43132531249999995
vt 0.67441734375 0.4259690625
vt 0.67491609375 0.42631968750000004
vt 0.67583078125 0.427098125
vt 0.6752753125 0.42669921875000005
vt 0.676381875 0.42981015624999996
vt 0.676865 0.43014984375
vt 0.67778109375 0.43093265625
vt 0.6772746875 0.43057328125000005
vt 0.75679734375 0.48046875
vt 0.75728125 0.48046875
vt 0.7581740625 0.48046875
vt 0.7577134375 0.48046875
vt 0.65982515625 0.4145790625
vt 0.66032359375 0.41492921875
vt 0.66116125 0.41564500000000004
vt 0.66071796875 0.41534203125
vt 0.6682778125 0.42064625
vt 0.66777921875 0.42029578125
vt 0.6669971875 0.41962750000000004
vt 0.6674403125 0.41993046874999995
vt 0.76855859375 0.48046875
vt 0.7680746875 0.48046875
vt 0.76731578125 0.48046875
vt 0.7677765625 0.48046875
vt 0.7760409375 0.48046875
vt 0.77555703125 0.48046875
vt 0.77476859375 0.48046875
vt 0.775275625 0.48046875
vt 0.66865078125 0.42204390625
vt 0.668151875 0.42169328125000005
vt 0.667300625 0.42096796875
vt 0.6678559375 0.42136671875
vt 0.667300625 0.42096796875
vt 0.6679 0.42139078124999996
vt 0.66864046875 0.42202359375
vt 0.66799515625 0.4215615625
vt 0.6986184375 0.44449046875
vt 0.69912390625 0.44484640625000005
vt 0.6998834375 0.44549546875
vt 0.69935890625 0.44512328125
vt 0.6843896875 0.43449203125
vt 0.68488546875 0.4348396875
vt 0.6856259375 0.43547250000000004
vt 0.68514921875 0.43514109375
vt 0.6610815625 0.41565281249999997
vt 0.66165921875 0.4160571875
vt 0.66235375 0.41665078125
vt 0.66182203125 0.416285625
vt 0.6611078125 0.41558578125
vt 0.66053 0.41518140625
vt 0.6598815625 0.41462718750000005
vt 0.66041328125 0.41499234375000005
vt 0.6905178125 0.43965343749999997
vt 0.69002203125 0.43930562500000003
vt 0.68939265625 0.43876781249999997
vt 0.689869375 0.43909921875
vt 0.76168921875 0.48046875
vt 0.76118375 0.48046875
vt 0.7605353125 0.48046875
vt 0.76105984375 0.48046875
vt 0.6673484375 0.420919375
vt 0.66674921875 0.4204965625
vt 0.6660546875 0.41990312500000004
vt 0.6667 0.42036515625000004
vt 0.66607484375 0.41992031249999995
vt 0.6667165625 0.420368125
vt 0.66736734375 0.42092453124999996
vt 0.66668546875 0.42044218749999995
vt 0.69862671875 0.4444975
vt 0.699134375 0.44485296875
vt 0.699801875 0.44542359374999996
vt 0.69927765625 0.44505390624999996
vt 0.68438515625 0.434488125
vt 0.684909375 0.4348578125
vt 0.6855603125 0.43541406250000003
vt 0.68505265625 0.43505875000000005
vt 0.66818734375 0.42064468749999995
vt 0.66887015625 0.4211275
vt 0.669480625 0.421649375
vt 0.66883828125 0.4212009375
vt 0.66234390625 0.4166309375
vt 0.6616609375 0.41614796875000004
vt 0.66109109375 0.4156609375
vt 0.66173328125 0.41610921874999995
vt 0.6892096875 0.43853296875000003
vt 0.6886846875 0.43816265624999995
vt 0.68813140625 0.43768984375
vt 0.6886396875 0.43804578125000004
vt 0.760366875 0.48046875
vt 0.75985921875 0.48046875
vt 0.75928921875 0.48046875
vt 0.75981359375 0.48046875
vt 0.6744234375 0.42587375000000005
vt 0.673781875 0.4254259375
vt 0.67317125 0.42490421874999995
vt 0.6738534375 0.42538671875
vt 0.6719821875 0.42388796875
vt 0.67251453125 0.4242534375
vt 0.673255 0.42488625
vt 0.6726765625 0.42448140624999997
vt 0.69988796875 0.44557546875
vt 0.7003653125 0.44590734374999996
vt 0.70112484375 0.4465565625
vt 0.7006284375 0.44620828125
vt 0.6927478125 0.44055421875
vt 0.69327234375 0.44092640625
vt 0.6940128125 0.44155921875000004
vt 0.69350734375 0.44120328124999997
vt 0.66107078125 0.41564359375000004
vt 0.661716875 0.41610625
vt 0.66241125 0.41669968749999997
vt 0.66181125 0.41627640624999995
vt 0.6707271875 0.4227259375
vt 0.67008171875 0.42226375000000005
vt 0.66943328125 0.42170953125
vt 0.6700328125 0.4221325
vt 0.6905228125 0.43965765625
vt 0.68999828125 0.43928546874999996
vt 0.6893690625 0.43874765625
vt 0.689874375 0.4391034375
vt 0.76166484375 0.48046875
vt 0.76118796875 0.48046875
vt 0.7605396875 0.48046875
vt 0.761035625 0.48046875
vt 0.6672915625 0.42087078125
vt 0.66675984375 0.42050578125000004
vt 0.66606546875 0.41991234375
vt 0.66664328125 0.42031671875
vt 0.67198109375 0.42388703125000005
vt 0.67242421875 0.42418984375
vt 0.67331703125 0.42495296875
vt 0.67281859375 0.4246028125
vt 0.65967984375 0.41769796875
vt 0.66014046875 0.41801828124999996
vt 0.6610565625 0.41880109374999996
vt 0.66057265625 0.41846109374999996
vt 0.74381 0.47662703125000005
vt 0.7443171875 0.47698687500000003
vt 0.74521 0.47775
vt 0.74472609375 0.47741
vt 0.66943328125 0.42170953125
vt 0.66998796875 0.42210781249999996
vt 0.67082546875 0.42282359375
vt 0.67032625 0.42247265624999997
vt 0.67076984375 0.42277609375
vt 0.6702153125 0.42237796875
vt 0.66943328125 0.42170953125
vt 0.6699325 0.4220603125
vt 0.7747878125 0.48046875
vt 0.77428140625 0.48046875
vt 0.7735225 0.48046875
vt 0.7740059375 0.48046875
vt 0.65165015625 0.4129240625
vt 0.651189375 0.41260390625
vt 0.65040734375 0.41193546875
vt 0.65089125 0.41227546875
vt 0.67320609375 0.42485828125
vt 0.67276296875 0.4245553125
vt 0.671925625 0.42383953124999996
vt 0.67242421875 0.42418984375
vt 0.679071875 0.42886609374999995
vt 0.6795109375 0.42917000000000005
vt 0.68047109375 0.42999062499999996
vt 0.6799721875 0.42963546875
vt 0.6680315625 0.4237546875
vt 0.6684975 0.4240803125
vt 0.6694821875 0.42492203125000005
vt 0.66899171875 0.4245753125
vt 0.74505609375 0.477691875
vt 0.7455465625 0.47803859375
vt 0.74650671875 0.47885921875000004
vt 0.7460409375 0.47853359375000004
vt 0.67655 0.42671078124999995
vt 0.67704890625 0.4270659375
vt 0.67794921875 0.42783531249999995
vt 0.67751015625 0.42753125000000003
vt 0.67667265625 0.42674437499999995
vt 0.67617453125 0.42638984375
vt 0.67533375 0.42567124999999995
vt 0.6757721875 0.425975
vt 0.779466875 0.48046875
vt 0.778975625 0.48046875
vt 0.77815953125 0.48046875
vt 0.77862609375 0.48046875
vt 0.64922265625 0.41085031250000004
vt 0.64875609375 0.41052421875
vt 0.6484375 0.40980562499999995
vt 0.6484375 0.4101528125
vt 0.67326484375 0.42491296874999995
vt 0.672825625 0.42460875
vt 0.6719253125 0.423839375
vt 0.6724240625 0.424194375
vt 0.6777959375 0.427775625
vt 0.67829484375 0.42812625000000004
vt 0.67920234375 0.42889953125
vt 0.67864703125 0.42850093749999996
vt 0.6609025 0.418743125
vt 0.6613865625 0.419083125
vt 0.6623103125 0.41987140624999997
vt 0.661803125 0.4195115625
vt 0.74505625 0.47769203125000004
vt 0.74554 0.47803203125000004
vt 0.74643296875 0.47879515625
vt 0.7459721875 0.478475
vt 0.67530421875 0.42564609374999995
vt 0.6758028125 0.42599640625
vt 0.6766403125 0.42671218749999995
vt 0.6761971875 0.42640921875000004
vt 0.67788625 0.42777703125
vt 0.67738765625 0.42742671875000005
vt 0.676605625 0.42675828125000004
vt 0.67704890625 0.42706124999999995
vt 0.779413125 0.48046875
vt 0.77892921875 0.48046875
vt 0.7781703125 0.48046875
vt 0.77863109375 0.48046875
vt 0.6491878125 0.41081859374999996
vt 0.64870390625 0.41047859374999995
vt 0.6484375 0.40980562499999995
vt 0.6484375 0.410165625
vt 0.680391875 0.42991640625000005
vt 0.67989296875 0.42956578125
vt 0.679041875 0.42884046875000004
vt 0.6795971875 0.4292390625
vt 0.68615859375 0.43384156250000006
vt 0.6867578125 0.43426437500000004
vt 0.68749828125 0.43489718749999995
vt 0.68685296875 0.43443515624999995
vt 0.735088125 0.46917296875000003
vt 0.73559375 0.46952875000000005
vt 0.73635328125 0.47017796874999995
vt 0.73582875 0.46980578125000005
vt 0.7313546875 0.46598203125000004
vt 0.731850625 0.46632984375
vt 0.73259109375 0.46696265625
vt 0.73211421875 0.46663125000000005
vt 0.68367734375 0.43172109375
vt 0.68425515625 0.43212546875
vt 0.68494953125 0.43271890625
vt 0.6844178125 0.43235390625000003
vt 0.68494953125 0.43271890625
vt 0.684371875 0.43231453124999997
vt 0.6837234375 0.43176046874999996
vt 0.68425515625 0.43212546875
vt 0.7047509375 0.449655625
vt 0.70425515625 0.44930796875
vt 0.70362578125 0.44877
vt 0.70410265625 0.4491015625
vt 0.75474078125 0.48046875
vt 0.75423515625 0.48046875
vt 0.753586875 0.48046875
vt 0.75411140625 0.48046875
vt 0.68033578125 0.429856875
vt 0.67973625 0.42943390625
vt 0.679041875 0.42884046875000004
vt 0.67968734375 0.42930265624999997
vt 0.6874246875 0.43492375000000005
vt 0.68806703125 0.43537218749999995
vt 0.68871796875 0.4359284375
vt 0.6880353125 0.43544562499999995
vt 0.7363425 0.47024484375
vt 0.73685078125 0.47060078125000004
vt 0.7375184375 0.47117140625
vt 0.7369934375 0.47080124999999995
vt 0.7313503125 0.46597828124999996
vt 0.73187453125 0.46634796874999995
vt 0.73252546875 0.46690421875
vt 0.7320178125 0.46654874999999996
vt 0.682420625 0.43064703125000003
vt 0.68310328125 0.43112984374999996
vt 0.68371390625 0.43165171874999997
vt 0.6830715625 0.43120328124999996
vt 0.68369296875 0.43163390625
vt 0.68301078125 0.43115140625000004
vt 0.6824409375 0.430664375
vt 0.6830825 0.43111203124999997
vt 0.70344296875 0.44853515624999996
vt 0.7029178125 0.44816500000000004
vt 0.7023646875 0.44769218749999995
vt 0.70287296875 0.448048125
vt 0.7534184375 0.48043609374999996
vt 0.75291078125 0.48008062500000004
vt 0.75234078125 0.47959359375
vt 0.75286515625 0.47996328125
vt 0.680759375 0.42973578125
vt 0.6808771875 0.43031953125
vt 0.67733703125 0.43031953125
vt 0.6774546875 0.42973578125
vn -1 -2.220446049250313e-16 0
vn 1.1102284319939223e-16 -0.5000024352623959 0.8660239977804736
vn 1 2.220446049250313e-16 0
vn -1 -2.220446049250313e-16 0
vn 1.9229595644276144e-16 -0.8660239977804736 0.500002435262396
vn 1 2.220446049250313e-16 0
vn -1 -2.220446049250313e-16 0
vn 2.220446049250313e-16 -1 0
vn 1 2.220446049250313e-16 0
vn -1 -2.220446049250313e-16 0
vn 1.9229595644276144e-16 -0.8660239977804736 -0.5000024352623959
vn 1 2.220446049250313e-16 0
vn -1 -2.220446049250313e-16 0
vn 1.1102284319939225e-16 -0.500002435262396 -0.8660239977804737
vn 1 2.220446049250313e-16 0
vn -1 -2.220446049250313e-16 0
vn 0 0 -1
vn 1 2.220446049250313e-16 0
vn -1 -2.220446049250313e-16 0
vn -1.1102284319939225e-16 0.500002435262396 -0.8660239977804737
vn 1 2.220446049250313e-16 0
vn -1 -2.220446049250313e-16 0
vn -1.922959564427615e-16 0.8660239977804738 -0.5000024352623959
vn 1 2.220446049250313e-16 0
vn -1 -2.220446049250313e-16 0
vn -2.220446049250313e-16 1 0
vn 1 2.220446049250313e-16 0
vn -1 -2.220446049250313e-16 0
vn -1.9229595644276144e-16 0.8660239977804736 0.5000024352623959
vn 1 2.220446049250313e-16 0
vn -1 -2.220446049250313e-16 0
vn -1.1102284319939223e-16 0.5000024352623959 0.8660239977804736
vn 1 2.220446049250313e-16 0
vn -1 -2.220446049250313e-16 0
vn 0 0 1
vn 1 2.220446049250313e-16 0
vn -1 -2.220446049250313e-16 0
vn 1.1102374804796987e-16 -0.5000065103381129 0.866021645006349
vn 1 -1.0586833089378339e-16 -3.279129358188147e-16
vn -1 -2.220446049250313e-16 0
vn -1.7674346408599992e-15 -0.8660216450063492 0.5000065103381127
vn 1 5.499575407438461e-16 3.2791293581881474e-16
vn -1 -2.220446049250313e-16 0
vn -1.9984014443252798e-15 -1 0
vn 1 4.620928264656056e-16 0
vn -1 -2.220446049250313e-16 0
vn 1.9229543402196048e-16 -0.866021645006349 -0.5000065103381127
vn 1 5.499575407438461e-16 -3.279129358188148e-16
vn -1 -2.220446049250313e-16 0
vn 1.110237480479699e-16 -0.500006510338113 -0.866021645006349
vn 1 -1.0586833089378334e-16 3.279129358188147e-16
vn -1 -2.220446049250313e-16 0
vn 0 0 -1
vn 1 6.699770753715249e-16 1.2002411077028718e-16
vn -1 -2.220446049250313e-16 0
vn 1.0088220090274352e-15 0.5000065103381133 -0.8660216450063487
vn 1 -2.258941166669522e-16 -1.2002578577316868e-16
vn -1 -2.220446049250313e-16 0
vn 1.7674346408599984e-15 0.8660216450063488 -0.5000065103381134
vn 1 1.4157454879385295e-17 1.2002578577316878e-16
vn -1 -2.220446049250313e-16 0
vn 1.9984014443252798e-15 1 0
vn 1 -1.8003616615543043e-17 0
vn -1 -2.220446049250313e-16 0
vn 1.767434640859998e-15 0.8660216450063487 0.5000065103381133
vn 1 1.415745487938532e-17 -1.2002578577316876e-16
vn -1 -2.220446049250313e-16 0
vn 1.0088220090274378e-15 0.500006510338113 0.8660216450063488
vn 1 -2.258941166669522e-16 1.2002578577316868e-16
vn -1 -2.220446049250313e-16 0
vn 0 0 1
vn 1 6.699770753715249e-16 -1.2002411077028718e-16
vn -1 -2.220446049250313e-16 0
vn 1.2308695051233748e-15 -0.5000065103381129 0.866021645006349
vn 1 2.220446049250313e-16 0
vn -1 -2.220446049250313e-16 0
vn 2.1520255089039196e-15 -0.866021645006349 0.500006510338113
vn 1 2.220446049250313e-16 0
vn -1 -2.220446049250313e-16 0
vn 2.4424906541753424e-15 -1 0
vn 1 2.220446049250313e-16 0
vn -1 -2.220446049250313e-16 0
vn 2.1520255089039196e-15 -0.8660216450063488 -0.500006510338113
vn 1 2.220446049250313e-16 0
vn -1 -2.220446049250313e-16 0
vn 1.110237480479699e-16 -0.500006510338113 -0.866021645006349
vn 1 2.220446049250313e-16 0
vn -1 -2.220446049250313e-16 0
vn 0 0 -1
vn 1 2.220446049250313e-16 0
vn -1 -2.220446049250313e-16 0
vn -1.1102374804796992e-16 0.5000065103381132 -0.8660216450063487
vn 1 6.699833265170148e-16 1.2002578577316868e-16
vn -1 -2.220446049250313e-16 0
vn -1.9229543402196044e-16 0.8660216450063488 -0.5000065103381134
vn 1 1.020188191518626e-16 -4.479387215919834e-16
vn -1 -2.220446049250313e-16 0
vn -2.220446049250313e-16 1 0
vn 1 2.220446049250313e-16 0
vn -1 -2.220446049250313e-16 0
vn -1.922954340219604e-16 0.8660216450063487 0.5000065103381133
vn 1 1.020188191518626e-16 4.479387215919833e-16
vn -1 -2.220446049250313e-16 0
vn -1.110237480479699e-16 0.500006510338113 0.8660216450063488
vn 1 6.699833265170148e-16 -1.2002578577316868e-16
vn -1 -2.220446049250313e-16 0
vn 0 0 1
vn 1 2.220446049250313e-16 0
vn 0.958425199184328 -0.1426678612977247 0.24711741929943898
vn 0.6689669616109509 -0.37165285908890694 0.6437059550789116
vn 0.23443157505786258 -0.4860686788761688 0.8418901805054303
vn -0.2344311158726456 -0.4860752466096052 0.8418865164285015
vn -0.6689696433385683 -0.3716342206544714 0.6437139289544793
vn -0.9584251991843279 -0.14266786129772493 0.24711741929943856
vn 0.958425199184328 -0.24711741929943867 0.14266786129772502
vn 0.6689596346871862 -0.6437116657938865 0.37165615625204756
vn 0.2344375117761747 -0.8418889406450675 0.48606796303780625
vn -0.2344379709767207 -0.8418850847732642 0.48607442002293466
vn -0.6689569528450502 -0.643723820271322 0.37163993119087724
vn -0.9584251991843279 -0.24711741929943867 0.1426678612977248
vn 0.9584250387559727 -0.2853444323718481 0
vn 0.6689675364695049 -0.743291621875238 0
vn 0.23442988056658595 -0.9721330315844311 0
vn -0.23442988056658554 -0.9721330315844312 0
vn -0.6689675364695045 -0.7432916218752383 0
vn -0.9584250387559727 -0.28534443237184826 0
vn 0.958425199184328 -0.24711741929943867 -0.14266786129772502
vn 0.668966961610951 -0.6437059550789109 -0.37165285908890766
vn 0.23443157505786286 -0.8418901805054301 -0.4860686788761689
vn -0.2344311158726458 -0.8418865164285015 -0.4860752466096053
vn -0.6689696433385685 -0.6437139289544792 -0.3716342206544715
vn -0.9584251991843279 -0.2471174192994387 -0.14266786129772477
vn 0.958425199184328 -0.1426678612977247 -0.24711741929943895
vn 0.668959634687186 -0.37165615625204695 -0.6437116657938868
vn 0.2344375117761747 -0.48606796303780603 -0.8418889406450676
vn -0.2344379709767209 -0.4860744200229347 -0.8418850847732641
vn -0.6689569528450501 -0.3716399311908773 -0.6437238202713222
vn -0.9584251991843281 -0.142667861297725 -0.24711741929943856
vn 0.9584250387559727 -1.5521722451039355e-15 -0.28534443237184803
vn 0.6689675364695046 -5.261654935237324e-16 -0.7432916218752381
vn 0.23442988056658579 5.2053890213029815e-17 -0.9721330315844312
vn -0.23442988056658565 -1.812507197593069e-16 -0.9721330315844311
vn -0.6689675364695046 -8.497257910740229e-16 -0.7432916218752381
vn -0.9584250387559728 -1.095305786173209e-15 -0.2853444323718478
vn 0.9584251991843282 0.14266786129772477 -0.24711741929943823
vn 0.6689669616109506 0.3716528590889079 -0.6437059550789113
vn 0.23443157505786244 0.48606867887616917 -0.8418901805054302
vn -0.23443111587264578 0.48607524660960566 -0.8418865164285015
vn -0.6689696433385686 0.3716342206544712 -0.6437139289544792
vn -0.9584251991843282 0.1426678612977243 -0.24711741929943817
vn 0.958425199184328 0.24711741929943837 -0.14266786129772457
vn 0.6689596346871858 0.6437116657938868 -0.37165615625204773
vn 0.23443751177617408 0.8418889406450676 -0.48606796303780625
vn -0.234437970976721 0.8418850847732641 -0.4860744200229347
vn -0.6689569528450497 0.6437238202713226 -0.37163993119087707
vn -0.9584251991843282 0.24711741929943803 -0.1426678612977244
vn 0.9584250387559728 0.2853444323718479 0
vn 0.6689675364695045 0.7432916218752385 0
vn 0.23442988056658512 0.9721330315844312 0
vn -0.23442988056658567 0.9721330315844311 0
vn -0.6689675364695045 0.7432916218752385 0
vn -0.9584250387559731 0.2853444323718475 0
vn 0.958425199184328 0.24711741929943837 0.1426678612977246
vn 0.6689669616109506 0.6437059550789114 0.3716528590889077
vn 0.2344315750578622 0.8418901805054302 0.4860686788761691
vn -0.23443111587264598 0.8418865164285015 0.48607524660960516
vn -0.6689696433385682 0.6437139289544794 0.37163422065447116
vn -0.9584251991843282 0.24711741929943803 0.1426678612977244
vn 0.9584251991843282 0.14266786129772477 0.24711741929943828
vn 0.6689596346871857 0.3716561562520478 0.6437116657938868
vn 0.23443751177617403 0.4860679630378063 0.8418889406450675
vn -0.23443797097672078 0.48607442002293494 0.841885084773264
vn -0.6689569528450499 0.37163993119087707 0.6437238202713226
vn -0.9584251991843282 0.14266786129772427 0.2471174192994382
vn 0.9584250387559728 -1.5521722451039357e-15 0.28534443237184814
vn 0.6689675364695046 -5.261654935237322e-16 0.7432916218752383
vn 0.23442988056658534 5.2053890213029717e-17 0.9721330315844312
vn -0.23442988056658534 -1.8125071975930678e-16 0.9721330315844311
vn -0.6689675364695045 -7.328615979521927e-16 0.7432916218752383
vn -0.9584250387559728 -1.095305786173209e-15 0.28534443237184787
vn 0.8193693177300001 -0.2866247984451441 0.49646766871464554
vn 0.35764869523835274 -0.46693663241478706 0.8087382716945217
vn 0.10208173225689646 -0.4973904300205544 0.8614999013716712
vn -0.10208152288454066 -0.4973971048184397 0.8614960724250618
vn -0.3576509583661966 -0.4669142982722504 0.8087501654087454
vn -0.8193693177300001 -0.28662479844514416 0.496467668714645
vn 0.8193693177300001 -0.49646766871464526 0.28662479844514444
vn 0.3576425120787335 -0.8087403224353444 0.466937816439393
vn 0.1020844391974719 -0.8614996608040395 0.4973902911278656
vn -0.10208464857762453 -0.8614957946438535 0.497396944437477
vn -0.3576402489130096 -0.8087537174205908 0.46691634894894807
vn -0.8193693177300003 -0.49646766871464504 0.28662479844514416
vn 0.8193687641536904 -0.5732668037914407 0
vn 0.3576491803639992 -0.9338560187657196 0
vn 0.10208095962858674 -0.9947760942449848 0
vn -0.10208095962858647 -0.9947760942449848 0
vn -0.3576491803639984 -0.9338560187657198 0
vn -0.8193687641536906 -0.5732668037914405 0
vn 0.8193693177300001 -0.49646766871464526 -0.2866247984451444
vn 0.3576486952383526 -0.8087382716945217 -0.46693663241478695
vn 0.10208173225689676 -0.8614999013716712 -0.4973904300205545
vn -0.10208152288454099 -0.861496072425062 -0.49739710481843913
vn -0.35765095836619604 -0.8087501654087454 -0.4669142982722507
vn -0.8193693177300002 -0.49646766871464504 -0.2866247984451441
vn 0.8193693177300001 -0.28662479844514416 -0.49646766871464554
vn 0.35764251207873343 -0.4669378164393933 -0.8087403224353443
vn 0.10208443919747184 -0.49739029112786537 -0.8614996608040394
vn -0.10208464857762468 -0.49739694443747773 -0.8614957946438531
vn -0.35764024891300955 -0.46691634894894807 -0.808753717420591
vn -0.8193693177300003 -0.2866247984451442 -0.496467668714645
vn 0.8193687641536904 -1.3269701883782776e-15 -0.5732668037914406
vn 0.35764918036399895 7.941407095568541e-17 -0.9338560187657196
vn 0.10208095962858643 7.138699368439062e-17 -0.9947760942449848
vn -0.10208095962858639 -2.2666526351097536e-17 -0.9947760942449848
vn -0.3576491803639989 -5.792455946736133e-16 -0.9338560187657197
vn -0.8193687641536909 -9.363897144757653e-16 -0.5732668037914402
vn 0.8193693177300001 0.2866247984451442 -0.496467668714645
vn 0.35764869523835224 0.46693663241478733 -0.808738271694522
vn 0.10208173225689633 0.4973904300205544 -0.8614999013716714
vn -0.10208152288454089 0.4973971048184398 -0.8614960724250617
vn -0.35765095836619676 0.46691429827225056 -0.8087501654087456
vn -0.8193693177300005 0.28662479844514377 -0.49646766871464476
vn 0.8193693177300002 0.49646766871464515 -0.28662479844514416
vn 0.3576425120787328 0.8087403224353445 -0.4669378164393931
vn 0.10208443919747157 0.8614996608040394 -0.4973902911278655
vn -0.10208464857762481 0.8614957946438532 -0.4973969444374774
vn -0.3576402489130098 0.8087537174205911 -0.4669163489489474
vn -0.8193693177300007 0.4964676687146449 -0.28662479844514377
vn 0.8193687641536905 0.5732668037914406 0
vn 0.35764918036399834 0.9338560187657197 0
vn 0.10208095962858628 0.9947760942449848 0
vn -0.10208095962858654 0.9947760942449848 0
vn -0.35764918036399934 0.9338560187657193 0
vn -0.8193687641536908 0.5732668037914401 0
vn 0.8193693177300001 0.49646766871464504 0.28662479844514416
vn 0.3576486952383521 0.8087382716945222 0.4669366324147869
vn 0.1020817322568964 0.8614999013716711 0.49739043002055455
vn -0.10208152288454105 0.8614960724250618 0.4973971048184394
vn -0.35765095836619687 0.8087501654087454 0.4669142982722501
vn -0.8193693177300005 0.4964676687146449 0.28662479844514377
vn 0.8193693177300001 0.2866247984451442 0.4964676687146451
vn 0.35764251207873293 0.4669378164393933 0.8087403224353444
vn 0.1020844391974715 0.49739029112786537 0.8614996608040395
vn -0.10208464857762467 0.4973969444374775 0.861495794643853
vn -0.3576402489130097 0.4669163489489477 0.8087537174205909
vn -0.8193693177300004 0.2866247984451437 0.49646766871464476
vn 0.8193687641536905 -1.3269701883782776e-15 0.5732668037914407
vn 0.3576491803639988 7.941407095568538e-17 0.9338560187657196
vn 0.1020809596285863 7.138699368439059e-17 0.9947760942449848
vn -0.10208095962858633 -2.2666526351097523e-17 0.9947760942449848
vn -0.35764918036399873 -3.2932983281464925e-16 0.9338560187657196
vn -0.8193687641536908 -9.363897144757651e-16 0.5732668037914402
vn 9.61479782213807e-17 0.5000024352623956 0.8660239977804739
vn -2.24985820081037e-16 -0.4999977711321502 -0.8660266906180675
vn 1 2.220446049250313e-16 0
vn -1 -2.220446049250313e-16 0
vn 5.845946238851369e-16 0.8660239977804737 0.5000024352623956
vn -3.8808025699753903e-16 -0.8660266906180674 -0.49999777113215044
vn 1 2.220446049250313e-16 0
vn -1 -2.220446049250313e-16 0
vn 6.661338147750937e-16 1 0
vn -4.440892098500624e-16 -1 0
vn 1 2.220446049250313e-16 0
vn -1 -2.220446049250313e-16 0
vn 1.9614933372118786e-16 0.8660239977804738 -0.5000024352623959
vn -3.8808025699753883e-16 -0.8660266906180676 0.4999977711321503
vn 1 2.220446049250313e-16 0
vn -1 -2.220446049250313e-16 0
vn 2.2562974160936364e-16 0.5000024352623957 -0.8660239977804737
vn -1.0280122821359287e-16 -0.49999777113215005 0.8660266906180676
vn 1 2.220446049250313e-16 0
vn -1 -2.220446049250313e-16 0
vn 0 0 -1
vn 0 0 1
vn 1 -1.7329175796587981e-15 5.238489571960871e-16
vn -1 6.06634644655231e-16 -2.2205174308017003e-16
vn -1.220443308989773e-16 -0.5000024352623959 -0.8660239977804736
vn 1.028012282135929e-16 0.4999977711321502 0.8660266906180676
vn 1 2.220446049250313e-16 0
vn -1 3.8459320649503925e-16 -6.066378114200706e-16
vn -1.9614933372118778e-16 -0.8660239977804737 -0.5000024352623961
vn 2.0480336919637254e-16 0.8660266906180676 0.4999977711321503
vn 1 2.220446049250313e-16 0
vn -1 -2.220446049250313e-16 0
vn -2.220446049250312e-16 -1 0
vn 2.220446049250312e-16 1 0
vn 1 2.220446049250313e-16 0
vn -1 -2.220446049250313e-16 0
vn -1.9614933372118768e-16 -0.8660239977804737 0.500002435262396
vn 1.742572212295116e-16 0.8660266906180674 -0.49999777113215044
vn 1 2.220446049250313e-16 0
vn -1 -2.220446049250313e-16 0
vn -1.2204433089897745e-16 -0.5000024352623956 0.8660239977804736
vn 1.0280122821359292e-16 0.49999777113215027 -0.8660266906180674
vn 1 2.220446049250313e-16 0
vn -1 6.066354014417616e-16 2.220519458676398e-16
vn 0 0 1
vn 0 0 -1
vn 1 -1.7329175796587981e-15 5.238489571960856e-16
vn -1 6.06634644655231e-16 -2.220517430801706e-16
vn 1 -4.218847493575596e-15 -1.037974875290805e-30
vn -1 4.218847493575591e-15 1.037974875290804e-30
vn 0 0 -1
vn -4.930380657631325e-31 -2.2204460492503135e-15 1
vn 2.2204460492503126e-16 1 2.337311630789803e-16
vn 0 -1 -2.337311630789803e-16
vn 1 -1.1686558153949003e-17 0
vn -1 1.1686558153949003e-17 0
vn 2.220446049250313e-16 1 0
vn -2.220446049250313e-16 -1 0
vn 0 0 1
vn 0 0 -1
vn 1 5.677171453726528e-17 -1.652728903877655e-16
vn -1 -5.677171453726528e-17 1.652728903877655e-16
vn -1.5700924586837776e-16 -0.7071067811865487 -0.7071067811865465
vn 1.5524097980744815e-16 0.7071067811865465 0.7071067811865487
vn 7.672191721060272e-17 0.7071067811865477 -0.7071067811865474
vn -1.5700924586837754e-16 -0.7071067811865477 0.7071067811865475
vn 1 5.677171453726523e-17 1.6527289038776556e-16
vn -1 -5.677171453726528e-17 -1.652728903877655e-16
vn 1.5700924586837776e-16 0.7071067811865487 -0.7071067811865465
vn 1.5700924586837702e-16 -0.7071067811865454 0.7071067811865498
vn 7.672191721060282e-17 0.7071067811865477 0.7071067811865475
vn -1.5700924586837752e-16 -0.7071067811865476 -0.7071067811865475
vn 1 2.220446049250313e-16 0
vn -0.30320327712324247 0.47647211302752285 0.8252527481013401
vn 1 -3.5570757077270184e-16 5.7775217569773285e-16
vn -0.30320327712324235 0.82525274810134 0.4764721130275231
vn 1 -2.0089749969407602e-16 0
vn -0.3032036572769468 0.9529257800132621 0
vn 1 -3.5570757077270184e-16 -5.7775217569773285e-16
vn -0.3032032771232424 0.8252527481013401 -0.47647211302752324
vn 1 2.220446049250313e-16 0
vn -0.3032032771232425 0.4764721130275231 -0.8252527481013399
vn 1 2.220446049250313e-16 0
vn -0.303203657276947 -6.732473629188429e-17 -0.9529257800132619
vn 1 -5.671829817302991e-16 2.114754109575975e-16
vn -0.3032032771232427 -0.47647211302752274 -0.82525274810134
vn 1 -7.219843355128374e-16 3.662767647401359e-16
vn -0.30320327712324285 -0.8252527481013399 -0.4764721130275231
vn 1 -6.238396043131831e-16 0
vn -0.30320365727694726 -0.9529257800132619 0
vn 1 -7.219843355128374e-16 -3.662767647401359e-16
vn -0.30320327712324285 -0.8252527481013399 0.4764721130275231
vn 1 -5.671829817302991e-16 -2.1147541095759751e-16
vn -0.3032032771232427 -0.47647211302752246 0.8252527481013402
vn 1 2.220446049250313e-16 0
vn -0.303203657276947 -6.732473629188429e-17 0.9529257800132621
vn 1 2.220446049250313e-16 0
vn -1 1.4802973661668765e-16 0
vn -1.0573552615477693e-17 1 0
vn 1.0573552615477742e-17 -1 0
vn 0 0 1
vn 0 0 -1
vn 1 2.220446049250313e-16 0
vn -1 -2.220446049250313e-16 0
vn 1.9984014443252798e-15 1 0
vn 2.220446049250313e-16 -1 0
vn 0 0 1
vn 0 0 -1
vn 1 -1.1956247957501683e-16 0
vn -1 1.1956247957501683e-16 0
vn -2.220446049250313e-16 1 0
vn 2.220446049250313e-16 -1 0
vn 0 0 1
vn 0 0 -1
vn 0 0 0
vn 0 0 0
vn 0 0 0
vn 0 0 0
vn 1 -1.1956247957501688e-16 0
vn -1 1.1956247957501688e-16 0
vn 1 2.220446049250313e-16 0
vn -1 6.661338147750939e-16 0
vn -2.220446049250313e-16 1 0
vn 2.220446049250313e-16 -1 0
vn 0 0 1
vn 0 0 -1
vn 1 -2.220446049250313e-16 0
vn -1 2.220446049250313e-16 0
vn -2.220446049250313e-16 1 0
vn 2.220446049250313e-16 -1 0
vn 0 0 1
vn 0 0 -1
vn 1 0 0
vn -1 -4.930380657631324e-32 0
vn 3.3306690738754696e-16 1 0
vn 2.220446049250313e-16 -1 0
vn 0 0 1
vn 0 0 -1
vn 0.954741629934548 -0.1770084039251981 0.23903230955202864
vn 0.4824816234772647 -0.5212633235151519 0.703914789278277
vn -0.4824815860371565 -0.5212634904580825 0.7039146913160192
vn -0.9547419113436503 -0.17700613656358752 0.23903286456616393
vn -0.9547375901416658 0.17701580383923396 -0.23904296509547135
vn -0.4824817736127636 0.5212626540699201 -0.7039151821089419
vn 0.48248181195487877 0.5212624831044644 -0.7039152824314193
vn 0.9547378200045189 0.1770139518273308 -0.23904341846512012
vn 0.9432198359613303 -0.30289629458872325 0.13634579485082213
vn 0.4380524003858322 -0.8197281764280145 0.3689929691555284
vn -0.4380523294835322 -0.8197283479537217 0.36899267227834365
vn -0.9432196948211805 -0.3028970104375699 0.13634518095415687
vn -0.9432226198181544 0.30288940003296655 -0.13634185274906255
vn -0.43805258424670723 0.8197277316336434 -0.36899373900588506
vn 0.4380518993319416 0.8197293885646159 -0.3689908711813337
vn 0.9432226051139406 0.30288947460964927 -0.13634178879845354
vn 0.9376168041309028 -0.34767043102822587 0
vn 0.4200124222973332 -0.907518355250144 0
vn -0.420012422297333 -0.9075183552501441 0
vn -0.9376168041309028 -0.3476704310282263 0
vn -0.9376168041309032 0.34767043102822487 0
vn -0.41995118419289906 0.9075466946085926 0
vn 0.41995118419290367 0.9075466946085904 0
vn 0.937616804130903 0.3476704310282253 0
vn 0.9432223371726701 -0.3028898180358412 -0.13634287949409318
vn 0.43805563425857924 -0.8197267394493959 -0.36899232231304774
vn -0.4380556466557818 -0.8197268739606522 -0.3689920087748268
vn -0.9432223618278894 -0.3028901045755875 -0.1363420723694922
vn -0.9432223592594217 0.30289007472481855 0.13634215645311132
vn -0.438025228560216 0.8197398866701197 0.3689992104962154
vn 0.4380253480376514 0.8197411861930708 0.3689961817353558
vn 0.9432223618278898 0.30289010457558696 0.13634207236949192
vn 0.9547371558657622 -0.17701695031366457 -0.239043850602782
vn 0.482483155911425 -0.5212628211661146 -0.7039141109053683
vn -0.48248315792563856 -0.5212629751753493 -0.7039139954777478
vn -0.9547371406762881 -0.17701524944143637 -0.23904517079090248
vn -0.9547412444927161 0.17700882329014736 0.23903353852950684
vn -0.4824831478341903 0.5212622035852337 0.7039145737726117
vn 0.482483145771355 0.5212620458650703 0.7039146919813073
vn 0.9547412321053946 0.17700743406867353 0.2390346167447242
vn 0.9606616373027037 2.1330973372151256e-16 -0.2777214766900257
vn 0.5104256901614068 1.1333727071547602e-16 -0.8599218655338702
vn -0.5104256901614043 -1.1333727071547545e-16 -0.859921865533872
vn -0.9606616373027037 -2.1330973372151256e-16 -0.27772147669002567
vn -0.9606574929616293 -2.1330881349293602e-16 0.2777358119088671
vn -0.5104256901614018 -1.133372707154749e-16 0.8599218655338732
vn 0.5104256901614045 1.133372707154755e-16 0.8599218655338716
vn 0.9606574929616293 2.1330881349293602e-16 0.27773581190886715
vn 0.9547416299345478 0.17700840392519845 -0.23903230955202862
vn 0.48248162347726625 0.521263323515152 -0.7039147892782759
vn -0.48248158603715874 0.5212634904580813 -0.7039146913160186
vn -0.9547419113436505 0.17700613656358705 -0.23903286456616407
vn -0.9547375901416656 -0.1770158038392343 0.23904296509547135
vn -0.4824817736127634 -0.5212626540699203 0.7039151821089419
vn 0.482481811954879 -0.5212624831044642 0.7039152824314193
vn 0.9547378200045189 -0.17701395182733035 0.23904341846512012
vn 0.9432198359613306 0.3028962945887232 -0.1363457948508217
vn 0.4380524003858248 0.8197281764280175 -0.3689929691555302
vn -0.438052329483523 0.8197283479537261 -0.36899267227834515
vn -0.943219694821181 0.3028970104375686 -0.13634518095415663
vn -0.9432226198181544 -0.30288940003296705 0.13634185274906258
vn -0.43805258424670906 -0.8197277316336427 0.3689937390058844
vn 0.43805189933194194 -0.8197293885646156 0.3689908711813337
vn 0.9432226051139407 -0.3028894746096487 0.1363417887984536
vn 0.937616804130902 0.3476704310282283 0
vn 0.4200124222973355 0.907518355250143 0
vn -0.42001242229733343 0.9075183552501439 0
vn -0.9376168041309022 0.3476704310282278 0
vn -0.9376168041309033 -0.3476704310282243 0
vn -0.4199511841929038 -0.9075466946085903 0
vn 0.4199511841929068 -0.9075466946085888 0
vn 0.9376168041309036 -0.3476704310282239 0
vn 0.9432223371726696 0.3028898180358432 0.1363428794940937
vn 0.43805563425858124 0.819726739449395 0.36899232231304774
vn -0.4380556466557821 0.8197268739606524 0.36899200877482635
vn -0.9432223618278889 0.30289010457558846 0.13634207236949292
vn -0.9432223592594217 -0.3028900747248182 -0.13634215645311099
vn -0.43802522856022097 -0.8197398866701177 -0.36899921049621404
vn 0.43802534803765464 -0.8197411861930692 -0.36899618173535526
vn 0.94322236182789 -0.3028901045755857 -0.13634207236949167
vn 0.9547371558657621 0.17701695031366468 0.23904385060278166
vn 0.4824831559114206 0.5212628211661162 0.70391411090537
vn -0.4824831579256331 0.5212629751753506 0.7039139954777506
vn -0.9547371406762885 0.17701524944143568 0.23904517079090226
vn -0.9547412444927159 -0.17700882329014775 -0.23903353852950682
vn -0.48248314783419144 -0.5212622035852335 -0.703914573772611
vn 0.4824831457713552 -0.5212620458650701 -0.7039146919813073
vn 0.9547412321053949 -0.17700743406867311 -0.23903461674472426
vn 0.9606616373027037 2.1330973372151256e-16 0.2777214766900257
vn 0.5104256901614045 1.133372707154755e-16 0.8599218655338716
vn -0.5104256901614019 -1.1333727071547493e-16 0.8599218655338733
vn -0.9606616373027037 -2.1330973372151256e-16 0.27772147669002567
vn -0.9606574929616293 -2.1330881349293602e-16 -0.2777358119088671
vn -0.5104256901614018 -1.133372707154749e-16 -0.8599218655338732
vn 0.5104256901614045 1.133372707154755e-16 -0.8599218655338716
vn 0.9606574929616293 2.1330881349293602e-16 -0.27773581190886715
vn 0.9517712598109559 -0.19326093403709962 0.2382890689330371
vn 0.4699190953991296 -0.5560279403489136 0.6855720044828325
vn -0.4699198899814634 -0.5560249038095076 0.6855739225958329
vn -0.951771575513331 -0.1932587540297748 0.23828957601148004
vn -0.9517668984644033 0.1932695633485472 -0.2382994898662446
vn -0.4698817949880507 0.5560433743863801 -0.6855850527394945
vn 0.46988334104530727 0.5560374676013972 -0.6855887837702165
vn 0.9517672358188123 0.19326723388589762 -0.23830003174131378
vn 0.9347042023881673 -0.32874429797342897 0.13511195575469034
vn 0.4113089321096809 -0.8430682938344869 0.346497928273462
vn -0.4113085251860951 -0.8430691184038589 0.34649640503615564
vn -0.9347040080667222 -0.3287451235940398 0.1351112912274356
vn -0.9347073118783937 0.3287370839541301 -0.1351079966338138
vn -0.4113674409040313 0.8430445707053834 -0.346486190732393
vn 0.4113669112239891 0.8430456441975706 -0.34648420764810883
vn 0.9347073100148895 0.328737091871571 -0.13510799026168538
vn 0.9265120215310899 -0.3762651644231412 0
vn 0.38922160786892346 -0.921144147225574 0
vn -0.3892216078689254 -0.9211441472255734 0
vn -0.9265120215310898 -0.37626516442314156 0
vn -0.9265120215310898 0.37626516442314095 0
vn -0.3892216078689259 0.921144147225573 0
vn 0.38922160786892307 0.9211441472255741 0
vn 0.9265120215310898 0.37626516442314156 0
vn 0.9347072732823696 -0.3287368282741213 -0.13510888575259883
vn 0.4113254819683066 -0.8430613862506336 -0.3464950892822296
vn -0.4113255013575481 -0.8430620328839733 -0.34649349292952686
vn -0.9347072825198716 -0.32873715875191106 -0.13510801774890405
vn -0.934707282431293 0.3287371555828193 0.13510802607256334
vn -0.4113485743704937 0.8430524461702809 0.3464894275005633
vn 0.41134859947291325 0.8430532880814814 0.3464873492159213
vn 0.9347072825198713 0.3287371587519112 0.1351080177489041
vn 0.9517670546270508 -0.19326915110027454 -0.23829920050123568
vn 0.46989184634932757 -0.5560370776791139 -0.6855832706393082
vn -0.46989193954374214 -0.5560342762983773 -0.6855854787939722
vn -0.9517670915530869 -0.19326751577716397 -0.23830037931548023
vn -0.9517713917907551 0.19326078324218052 0.2382886640805808
vn -0.46992820823725157 0.5560278107291059 0.6855658632098919
vn 0.46992838915731083 0.5560223618234702 0.6855701584931079
vn 0.9517714312665947 0.1932590358975892 0.23828992355673004
vn 0.9606616373027037 2.1330973372151256e-16 -0.2777214766900257
vn 0.510425690161404 1.133372707154754e-16 -0.8599218655338718
vn -0.5104256901614068 -1.1333727071547602e-16 -0.8599218655338703
vn -0.9606616373027038 -2.133097337215126e-16 -0.2777214766900257
vn -0.9606574929616293 -2.1330881349293602e-16 0.27773581190886715
vn -0.5104256901614046 -1.1333727071547552e-16 0.8599218655338717
vn 0.5104256901614018 1.133372707154749e-16 0.8599218655338731
vn 0.9606574929616293 2.1330881349293602e-16 0.2777358119088671
vn 0.9517712598109559 0.19326093403710015 -0.2382890689330371
vn 0.46991909539913124 0.5560279403489133 -0.6855720044828315
vn -0.46991988998146544 0.556024903809507 -0.6855739225958322
vn -0.951771575513331 0.19325875402977435 -0.23828957601148004
vn -0.9517668984644031 -0.1932695633485475 0.23829948986624455
vn -0.4698817949880505 -0.5560433743863803 0.6855850527394945
vn 0.4698833410453076 -0.5560374676013968 0.6855887837702167
vn 0.9517672358188125 -0.19326723388589723 0.23830003174131384
vn 0.9347042023881668 0.3287442979734302 -0.1351119557546908
vn 0.411308932109683 0.8430682938344861 -0.3464979282734613
vn -0.41130852518609806 0.8430691184038575 -0.3464964050361554
vn -0.9347040080667218 0.3287451235940401 -0.1351112912274359
vn -0.9347073118783933 -0.32873708395413154 0.13510799663381406
vn -0.41136744090403377 -0.8430445707053823 0.34648619073239323
vn 0.41136691122399194 -0.8430456441975696 0.34648420764810817
vn 0.9347073100148894 -0.32873709187157146 0.13510799026168574
vn 0.9265120215310897 0.3762651644231416 0
vn 0.3892216078689202 0.9211441472255755 0
vn -0.3892216078689231 0.9211441472255744 0
vn -0.9265120215310898 0.376265164423141 0
vn -0.9265120215310898 -0.3762651644231415 0
vn -0.3892216078689203 -0.9211441472255756 0
vn 0.38922160786892307 -0.9211441472255743 0
vn 0.9265120215310898 -0.376265164423141 0
vn 0.9347072732823695 0.3287368282741217 0.1351088857525989
vn 0.4113254819683037 0.843061386250635 0.3464950892822298
vn -0.411325501357546 0.8430620328839742 0.3464934929295275
vn -0.9347072825198716 0.32873715875191056 0.13510801774890402
vn -0.934707282431293 -0.32873715558281985 -0.13510802607256328
vn -0.411348574370489 -0.8430524461702829 -0.34648942750056455
vn 0.41134859947291413 -0.8430532880814812 -0.34648734921592095
vn 0.9347072825198716 -0.32873715875191073 -0.1351080177489041
vn 0.9517670546270505 0.1932691511002753 0.23829920050123599
vn 0.46989184634932896 0.5560370776791134 0.6855832706393077
vn -0.4698919395437439 0.5560342762983767 0.6855854787939715
vn -0.9517670915530869 0.19326751577716386 0.23830037931548062
vn -0.9517713917907549 -0.19326078324218118 -0.23828866408058116
vn -0.4699282082372529 -0.5560278107291056 -0.6855658632098912
vn 0.46992838915731266 -0.5560223618234694 -0.6855701584931074
vn 0.9517714312665946 -0.19325903589758905 -0.23828992355673037
vn 0.9606616373027037 2.1330973372151256e-16 0.2777214766900257
vn 0.5104256901614019 1.1333727071547493e-16 0.8599218655338732
vn -0.5104256901614046 -1.1333727071547552e-16 0.8599218655338716
vn -0.9606616373027038 -2.133097337215126e-16 0.2777214766900257
vn -0.9606574929616293 -2.1330881349293602e-16 -0.27773581190886715
vn -0.5104256901614046 -1.1333727071547552e-16 -0.8599218655338717
vn 0.5104256901614018 1.133372707154749e-16 -0.8599218655338731
vn 0.9606574929616293 2.1330881349293602e-16 -0.2777358119088671
usemtl m_90f7bc65-b500-024f-7874-6e09e4742cdc
f 6/1/1 4/2/1 2/3/1
f 4/4/2 6/5/2 7/6/2 5/7/2
f 5/8/3 7/9/3 3/10/3
f 8/11/4 6/12/4 2/13/4
f 6/14/5 8/15/5 9/16/5 7/17/5
f 7/18/6 9/19/6 3/20/6
f 10/21/7 8/22/7 2/23/7
f 8/24/8 10/25/8 11/26/8 9/27/8
f 9/28/9 11/29/9 3/30/9
f 12/31/10 10/32/10 2/33/10
f 10/34/11 12/35/11 13/36/11 11/37/11
f 11/38/12 13/39/12 3/40/12
f 14/41/13 12/42/13 2/43/13
f 12/44/14 14/45/14 15/46/14 13/47/14
f 13/48/15 15/49/15 3/50/15
f 16/51/16 14/52/16 2/53/16
f 14/54/17 16/55/17 17/56/17 15/57/17
f 15/58/18 17/59/18 3/60/18
f 18/61/19 16/62/19 2/63/19
f 16/64/20 18/65/20 19/66/20 17/67/20
f 17/68/21 19/69/21 3/70/21
f 20/71/22 18/72/22 2/73/22
f 18/74/23 20/75/23 21/76/23 19/77/23
f 19/78/24 21/79/24 3/80/24
f 22/81/25 20/82/25 2/83/25
f 20/84/26 22/85/26 23/86/26 21/87/26
f 21/88/27 23/89/27 3/90/27
f 24/91/28 22/92/28 2/93/28
f 22/94/29 24/95/29 25/96/29 23/97/29
f 23/98/30 25/99/30 3/100/30
f 26/101/31 24/102/31 2/103/31
f 24/104/32 26/105/32 27/106/32 25/107/32
f 25/108/33 27/109/33 3/110/33
f 4/111/34 26/112/34 2/113/34
f 26/114/35 4/115/35 5/116/35 27/117/35
f 27/118/36 5/119/36 3/120/36
f 32/121/37 30/122/37 28/123/37
f 30/124/38 32/125/38 33/126/38 31/127/38
f 31/128/39 33/129/39 29/130/39
f 34/131/40 32/132/40 28/133/40
f 32/134/41 34/135/41 35/136/41 33/137/41
f 33/138/42 35/139/42 29/140/42
f 36/141/43 34/142/43 28/143/43
f 34/144/44 36/145/44 37/146/44 35/147/44
f 35/148/45 37/149/45 29/150/45
f 38/151/46 36/152/46 28/153/46
f 36/154/47 38/155/47 39/156/47 37/157/47
f 37/158/48 39/159/48 29/160/48
f 40/161/49 38/162/49 28/163/49
f 38/164/50 40/165/50 41/166/50 39/167/50
f 39/168/51 41/169/51 29/170/51
f 42/171/52 40/172/52 28/173/52
f 40/174/53 42/175/53 43/176/53 41/177/53
f 41/178/54 43/179/54 29/180/54
f 44/181/55 42/182/55 28/183/55
f 42/184/56 44/185/56 45/186/56 43/187/56
f 43/188/57 45/189/57 29/190/57
f 46/191/58 44/192/58 28/193/58
f 44/194/59 46/195/59 47/196/59 45/197/59
f 45/198/60 47/199/60 29/200/60
f 48/201/61 46/202/61 28/203/61
f 46/204/62 48/205/62 49/206/62 47/207/62
f 47/208/63 49/209/63 29/210/63
f 50/211/64 48/212/64 28/213/64
f 48/214/65 50/215/65 51/216/65 49/217/65
f 49/218/66 51/219/66 29/220/66
f 52/221/67 50/222/67 28/223/67
f 50/224/68 52/225/68 53/226/68 51/227/68
f 51/228/69 53/229/69 29/230/69
f 30/231/70 52/232/70 28/233/70
f 52/234/71 30/235/71 31/236/71 53/237/71
f 53/238/72 31/239/72 29/240/72
f 58/241/73 56/242/73 54/243/73
f 56/244/74 58/245/74 59/246/74 57/247/74
f 57/248/75 59/249/75 55/250/75
f 60/251/76 58/252/76 54/253/76
f 58/254/77 60/255/77 61/256/77 59/257/77
f 59/258/78 61/259/78 55/260/78
f 62/261/79 60/262/79 54/263/79
f 60/264/80 62/265/80 63/266/80 61/267/80
f 61/268/81 63/269/81 55/270/81
f 64/271/82 62/272/82 54/273/82
f 62/274/83 64/275/83 65/276/83 63/277/83
f 63/278/84 65/279/84 55/280/84
f 66/281/85 64/282/85 54/283/85
f 64/284/86 66/285/86 67/286/86 65/287/86
f 65/288/87 67/289/87 55/290/87
f 68/291/88 66/292/88 54/293/88
f 66/294/89 68/295/89 69/296/89 67/297/89
f 67/298/90 69/299/90 55/300/90
f 70/301/91 68/302/91 54/303/91
f 68/304/92 70/305/92 71/306/92 69/307/92
f 69/308/93 71/309/93 55/310/93
f 72/311/94 70/312/94 54/313/94
f 70/314/95 72/315/95 73/316/95 71/317/95
f 71/318/96 73/319/96 55/320/96
f 74/321/97 72/322/97 54/323/97
f 72/324/98 74/325/98 75/326/98 73/327/98
f 73/328/99 75/329/99 55/330/99
f 76/331/100 74/332/100 54/333/100
f 74/334/101 76/335/101 77/336/101 75/337/101
f 75/338/102 77/339/102 55/340/102
f 78/341/103 76/342/103 54/343/103
f 76/344/104 78/345/104 79/346/104 77/347/104
f 77/348/105 79/349/105 55/350/105
f 56/351/106 78/352/106 54/353/106
f 78/354/107 56/355/107 57/356/107 79/357/107
f 79/358/108 57/359/108 55/360/108
f 82/361/109 87/362/109 81/363/109
f 82/364/110 83/365/110 88/366/110 87/367/110
f 83/368/111 84/369/111 89/370/111 88/371/111
f 84/372/112 85/373/112 90/374/112 89/375/112
f 85/376/113 86/377/113 91/378/113 90/379/113
f 91/380/114 86/381/114 80/382/114
f 87/383/115 92/384/115 81/385/115
f 87/386/116 88/387/116 93/388/116 92/389/116
f 88/390/117 89/391/117 94/392/117 93/393/117
f 89/394/118 90/395/118 95/396/118 94/397/118
f 90/398/119 91/399/119 96/400/119 95/401/119
f 96/402/120 91/403/120 80/404/120
f 92/405/121 97/406/121 81/407/121
f 92/408/122 93/409/122 98/410/122 97/411/122
f 93/412/123 94/413/123 99/414/123 98/415/123
f 94/416/124 95/417/124 100/418/124 99/419/124
f 95/420/125 96/421/125 101/422/125 100/423/125
f 101/424/126 96/425/126 80/426/126
f 97/427/127 102/428/127 81/429/127
f 97/430/128 98/431/128 103/432/128 102/433/128
f 98/434/129 99/435/129 104/436/129 103/437/129
f 99/438/130 100/439/130 105/440/130 104/441/130
f 100/442/131 101/443/131 106/444/131 105/445/131
f 106/446/132 101/447/132 80/448/132
f 102/449/133 107/450/133 81/451/133
f 102/452/134 103/453/134 108/454/134 107/455/134
f 103/456/135 104/457/135 109/458/135 108/459/135
f 104/460/136 105/461/136 110/462/136 109/463/136
f 105/464/137 106/465/137 111/466/137 110/467/137
f 111/468/138 106/469/138 80/470/138
f 107/471/139 112/472/139 81/473/139
f 107/474/140 108/475/140 113/476/140 112/477/140
f 108/478/141 109/479/141 114/480/141 113/481/141
f 109/482/142 110/483/142 115/484/142 114/485/142
f 110/486/143 111/487/143 116/488/143 115/489/143
f 116/490/144 111/491/144 80/492/144
f 112/493/145 117/494/145 81/495/145
f 112/496/146 113/497/146 118/498/146 117/499/146
f 113/500/147 114/501/147 119/502/147 118/503/147
f 114/504/148 115/505/148 120/506/148 119/507/148
f 115/508/149 116/509/149 121/510/149 120/511/149
f 121/512/150 116/513/150 80/514/150
f 117/515/151 122/516/151 81/517/151
f 117/518/152 118/519/152 123/520/152 122/521/152
f 118/522/153 119/523/153 124/524/153 123/525/153
f 119/526/154 120/527/154 125/528/154 124/529/154
f 120/530/155 121/531/155 126/532/155 125/533/155
f 126/534/156 121/535/156 80/536/156
f 122/537/157 127/538/157 81/539/157
f 122/540/158 123/541/158 128/542/158 127/543/158
f 123/544/159 124/545/159 129/546/159 128/547/159
f 124/548/160 125/549/160 130/550/160 129/551/160
f 125/552/161 126/553/161 131/554/161 130/555/161
f 131/556/162 126/557/162 80/558/162
f 127/559/163 132/560/163 81/561/163
f 127/562/164 128/563/164 133/564/164 132/565/164
f 128/566/165 129/567/165 134/568/165 133/569/165
f 129/570/166 130/571/166 135/572/166 134/573/166
f 130/574/167 131/575/167 136/576/167 135/577/167
f 136/578/168 131/579/168 80/580/168
f 132/581/169 137/582/169 81/583/169
f 132/584/170 133/585/170 138/586/170 137/587/170
f 133/588/171 134/589/171 139/590/171 138/591/171
f 134/592/172 135/593/172 140/594/172 139/595/172
f 135/596/173 136/597/173 141/598/173 140/599/173
f 141/600/174 136/601/174 80/602/174
f 137/603/175 82/604/175 81/605/175
f 137/606/176 138/607/176 83/608/176 82/609/176
f 138/610/177 139/611/177 84/612/177 83/613/177
f 139/614/178 140/615/178 85/616/178 84/617/178
f 140/618/179 141/619/179 86/620/179 85/621/179
f 86/622/180 141/623/180 80/624/180
f 144/625/181 149/626/181 143/627/181
f 144/628/182 145/629/182 150/630/182 149/631/182
f 145/632/183 146/633/183 151/634/183 150/635/183
f 146/636/184 147/637/184 152/638/184 151/639/184
f 147/640/185 148/641/185 153/642/185 152/643/185
f 153/644/186 148/645/186 142/646/186
f 149/647/187 154/648/187 143/649/187
f 149/650/188 150/651/188 155/652/188 154/653/188
f 150/654/189 151/655/189 156/656/189 155/657/189
f 151/658/190 152/659/190 157/660/190 156/661/190
f 152/662/191 153/663/191 158/664/191 157/665/191
f 158/666/192 153/667/192 142/668/192
f 154/669/193 159/670/193 143/671/193
f 154/672/194 155/673/194 160/674/194 159/675/194
f 155/676/195 156/677/195 161/678/195 160/679/195
f 156/680/196 157/681/196 162/682/196 161/683/196
f 157/684/197 158/685/197 163/686/197 162/687/197
f 163/688/198 158/689/198 142/690/198
f 159/691/199 164/692/199 143/693/199
f 159/694/200 160/695/200 165/696/200 164/697/200
f 160/698/201 161/699/201 166/700/201 165/701/201
f 161/702/202 162/703/202 167/704/202 166/705/202
f 162/706/203 163/707/203 168/708/203 167/709/203
f 168/710/204 163/711/204 142/712/204
f 164/713/205 169/714/205 143/715/205
f 164/716/206 165/717/206 170/718/206 169/719/206
f 165/720/207 166/721/207 171/722/207 170/723/207
f 166/724/208 167/725/208 172/726/208 171/727/208
f 167/728/209 168/729/209 173/730/209 172/731/209
f 173/732/210 168/733/210 142/734/210
f 169/735/211 174/736/211 143/737/211
f 169/738/212 170/739/212 175/740/212 174/741/212
f 170/742/213 171/743/213 176/744/213 175/745/213
f 171/746/214 172/747/214 177/748/214 176/749/214
f 172/750/215 173/751/215 178/752/215 177/753/215
f 178/754/216 173/755/216 142/756/216
f 174/757/217 179/758/217 143/759/217
f 174/760/218 175/761/218 180/762/218 179/763/218
f 175/764/219 176/765/219 181/766/219 180/767/219
f 176/768/220 177/769/220 182/770/220 181/771/220
f 177/772/221 178/773/221 183/774/221 182/775/221
f 183/776/222 178/777/222 142/778/222
f 179/779/223 184/780/223 143/781/223
f 179/782/224 180/783/224 185/784/224 184/785/224
f 180/786/225 181/787/225 186/788/225 185/789/225
f 181/790/226 182/791/226 187/792/226 186/793/226
f 182/794/227 183/795/227 188/796/227 187/797/227
f 188/798/228 183/799/228 142/800/228
f 184/801/229 189/802/229 143/803/229
f 184/804/230 185/805/230 190/806/230 189/807/230
f 185/808/231 186/809/231 191/810/231 190/811/231
f 186/812/232 187/813/232 192/814/232 191/815/232
f 187/816/233 188/817/233 193/818/233 192/819/233
f 193/820/234 188/821/234 142/822/234
f 189/823/235 194/824/235 143/825/235
f 189/826/236 190/827/236 195/828/236 194/829/236
f 190/830/237 191/831/237 196/832/237 195/833/237
f 191/834/238 192/835/238 197/836/238 196/837/238
f 192/838/239 193/839/239 198/840/239 197/841/239
f 198/842/240 193/843/240 142/844/240
f 194/845/241 199/846/241 143/847/241
f 194/848/242 195/849/242 200/850/242 199/851/242
f 195/852/243 196/853/243 201/854/243 200/855/243
f 196/856/244 197/857/244 202/858/244 201/859/244
f 197/860/245 198/861/245 203/862/245 202/863/245
f 203/864/246 198/865/246 142/866/246
f 199/867/247 144/868/247 143/869/247
f 199/870/248 200/871/248 145/872/248 144/873/248
f 200/874/249 201/875/249 146/876/249 145/877/249
f 201/878/250 202/879/250 147/880/250 146/881/250
f 202/882/251 203/883/251 148/884/251 147/885/251
f 148/886/252 203/887/252 142/888/252
f 204/889/253 208/890/253 209/891/253 205/892/253
f 207/893/254 211/894/254 210/895/254 206/896/254
f 206/897/255 210/898/255 208/899/255 204/900/255
f 205/901/256 209/902/256 211/903/256 207/904/256
f 208/905/257 212/906/257 213/907/257 209/908/257
f 211/909/258 215/910/258 214/911/258 210/912/258
f 210/913/259 214/914/259 212/915/259 208/916/259
f 209/917/260 213/918/260 215/919/260 211/920/260
f 212/921/261 216/922/261 217/923/261 213/924/261
f 215/925/262 219/926/262 218/927/262 214/928/262
f 214/929/263 218/930/263 216/931/263 212/932/263
f 213/933/264 217/934/264 219/935/264 215/936/264
f 216/937/265 220/938/265 221/939/265 217/940/265
f 219/941/266 223/942/266 222/943/266 218/944/266
f 218/945/267 222/946/267 220/947/267 216/948/267
f 217/949/268 221/950/268 223/951/268 219/952/268
f 220/953/269 224/954/269 225/955/269 221/956/269
f 223/957/270 227/958/270 226/959/270 222/960/270
f 222/961/271 226/962/271 224/963/271 220/964/271
f 221/965/272 225/966/272 227/967/272 223/968/272
f 224/969/273 228/970/273 229/971/273 225/972/273
f 227/973/274 231/974/274 230/975/274 226/976/274
f 226/977/275 230/978/275 228/979/275 224/980/275
f 225/981/276 229/982/276 231/983/276 227/984/276
f 228/985/277 232/986/277 233/987/277 229/988/277
f 231/989/278 235/990/278 234/991/278 230/992/278
f 230/993/279 234/994/279 232/995/279 228/996/279
f 229/997/280 233/998/280 235/999/280 231/1000/280
f 232/1001/281 236/1002/281 237/1003/281 233/1004/281
f 235/1005/282 239/1006/282 238/1007/282 234/1008/282
f 234/1009/283 238/1010/283 236/1011/283 232/1012/283
f 233/1013/284 237/1014/284 239/1015/284 235/1016/284
f 236/1017/285 240/1018/285 241/1019/285 237/1020/285
f 239/1021/286 243/1022/286 242/1023/286 238/1024/286
f 238/1025/287 242/1026/287 240/1027/287 236/1028/287
f 237/1029/288 241/1030/288 243/1031/288 239/1032/288
f 240/1033/289 244/1034/289 245/1035/289 241/1036/289
f 243/1037/290 247/1038/290 246/1039/290 242/1040/290
f 242/1041/291 246/1042/291 244/1043/291 240/1044/291
f 241/1045/292 245/1046/292 247/1047/292 243/1048/292
f 244/1049/293 248/1050/293 249/1051/293 245/1052/293
f 247/1053/294 251/1054/294 250/1055/294 246/1056/294
f 246/1057/295 250/1058/295 248/1059/295 244/1060/295
f 245/1061/296 249/1062/296 251/1063/296 247/1064/296
f 248/1065/297 204/1066/297 205/1067/297 249/1068/297
f 251/1069/298 207/1070/298 206/1071/298 250/1072/298
f 250/1073/299 206/1074/299 204/1075/299 248/1076/299
f 249/1077/300 205/1078/300 207/1079/300 251/1080/300
f 253/1081/301 252/1082/301 254/1083/301 255/1084/301
f 258/1085/302 256/1086/302 257/1087/302 259/1088/302
f 256/1089/303 252/1090/303 253/1091/303 257/1092/303
f 255/1093/304 254/1094/304 258/1095/304 259/1096/304
f 254/1097/305 252/1098/305 256/1099/305 258/1100/305
f 257/1101/306 253/1102/306 255/1103/306 259/1104/306
f 261/1105/307 260/1106/307 262/1107/307 263/1108/307
f 266/1109/308 264/1110/308 265/1111/308 267/1112/308
f 264/1113/309 260/1114/309 261/1115/309 265/1116/309
f 263/1117/310 262/1118/310 266/1119/310 267/1120/310
f 262/1121/311 260/1122/311 264/1123/311 266/1124/311
f 265/1125/312 261/1126/312 263/1127/312 267/1128/312
f 269/1129/313 268/1130/313 270/1131/313 271/1132/313
f 274/1133/314 272/1134/314 273/1135/314 275/1136/314
f 272/1137/315 268/1138/315 269/1139/315 273/1140/315
f 271/1141/316 270/1142/316 274/1143/316 275/1144/316
f 270/1145/317 268/1146/317 272/1147/317 274/1148/317
f 273/1149/318 269/1150/318 271/1151/318 275/1152/318
f 277/1153/319 276/1154/319 278/1155/319 279/1156/319
f 282/1157/320 280/1158/320 281/1159/320 283/1160/320
f 280/1161/321 276/1162/321 277/1163/321 281/1164/321
f 279/1165/322 278/1166/322 282/1167/322 283/1168/322
f 278/1169/323 276/1170/323 280/1171/323 282/1172/323
f 281/1173/324 277/1174/324 279/1175/324 283/1176/324
f 287/1177/325 286/1178/325 284/1179/325
f 286/1180/326 287/1181/326 285/1182/326
f 288/1183/327 287/1184/327 284/1185/327
f 287/1186/328 288/1187/328 285/1188/328
f 289/1189/329 288/1190/329 284/1191/329
f 288/1192/330 289/1193/330 285/1194/330
f 290/1195/331 289/1196/331 284/1197/331
f 289/1198/332 290/1199/332 285/1200/332
f 291/1201/333 290/1202/333 284/1203/333
f 290/1204/334 291/1205/334 285/1206/334
f 292/1207/335 291/1208/335 284/1209/335
f 291/1210/336 292/1211/336 285/1212/336
f 293/1213/337 292/1214/337 284/1215/337
f 292/1216/338 293/1217/338 285/1218/338
f 294/1219/339 293/1220/339 284/1221/339
f 293/1222/340 294/1223/340 285/1224/340
f 295/1225/341 294/1226/341 284/1227/341
f 294/1228/342 295/1229/342 285/1230/342
f 296/1231/343 295/1232/343 284/1233/343
f 295/1234/344 296/1235/344 285/1236/344
f 297/1237/345 296/1238/345 284/1239/345
f 296/1240/346 297/1241/346 285/1242/346
f 286/1243/347 297/1244/347 284/1245/347
f 297/1246/348 286/1247/348 285/1248/348
f 299/1249/349 298/1250/349 300/1251/349 301/1252/349
f 304/1253/350 302/1254/350 303/1255/350 305/1256/350
f 302/1257/351 298/1258/351 299/1259/351 303/1260/351
f 301/1261/352 300/1262/352 304/1263/352 305/1264/352
f 300/1265/353 298/1266/353 302/1267/353 304/1268/353
f 303/1269/354 299/1270/354 301/1271/354 305/1272/354
f 307/1273/355 306/1274/355 308/1275/355 309/1276/355
f 312/1277/356 310/1278/356 311/1279/356 313/1280/356
f 310/1281/357 306/1282/357 307/1283/357 311/1284/357
f 309/1285/358 308/1286/358 312/1287/358 313/1288/358
f 308/1289/359 306/1290/359 310/1291/359 312/1292/359
f 311/1293/360 307/1294/360 309/1295/360 313/1296/360
f 315/1297/361 314/1298/361 316/1299/361 317/1300/361
f 320/1301/362 318/1302/362 319/1303/362 321/1304/362
f 318/1305/363 314/1306/363 315/1307/363 319/1308/363
f 317/1309/364 316/1310/364 320/1311/364 321/1312/364
f 316/1313/365 314/1314/365 318/1315/365 320/1316/365
f 319/1317/366 315/1318/366 317/1319/366 321/1320/366
f 322/1321/367 324/1322/367 323/1323/367 325/1324/367
f 326/1325/368 327/1326/368 328/1327/368 329/1328/368
f 322/1329/369 323/1330/369 326/1331/369 327/1332/369
f 324/1333/370 328/1334/370 325/1335/370 329/1336/370
f 324/1337/371 322/1338/371 326/1339/371 328/1340/371
f 327/1341/372 323/1342/372 325/1343/372 329/1344/372
f 331/1345/373 330/1346/373 332/1347/373 333/1348/373
f 336/1349/374 334/1350/374 335/1351/374 337/1352/374
f 334/1353/375 330/1354/375 331/1355/375 335/1356/375
f 333/1357/376 332/1358/376 336/1359/376 337/1360/376
f 332/1361/377 330/1362/377 334/1363/377 336/1364/377
f 335/1365/378 331/1366/378 333/1367/378 337/1368/378
f 339/1369/379 338/1370/379 340/1371/379 341/1372/379
f 344/1373/380 342/1374/380 343/1375/380 345/1376/380
f 342/1377/381 338/1378/381 339/1379/381 343/1380/381
f 341/1381/382 340/1382/382 344/1383/382 345/1384/382
f 340/1385/383 338/1386/383 342/1387/383 344/1388/383
f 343/1389/384 339/1390/384 341/1391/384 345/1392/384
f 347/1393/385 346/1394/385 348/1395/385 349/1396/385
f 352/1397/386 350/1398/386 351/1399/386 353/1400/386
f 350/1401/387 346/1402/387 347/1403/387 351/1404/387
f 349/1405/388 348/1406/388 352/1407/388 353/1408/388
f 348/1409/389 346/1410/389 350/1411/389 352/1412/389
f 351/1413/390 347/1414/390 349/1415/390 353/1416/390
f 354/1417/391 355/1418/391 363/1419/391 362/1420/391
f 355/1421/392 356/1422/392 364/1423/392 363/1424/392
f 356/1425/393 357/1426/393 365/1427/393 364/1428/393
f 357/1429/394 358/1430/394 366/1431/394 365/1432/394
f 358/1433/395 359/1434/395 367/1435/395 366/1436/395
f 359/1437/396 360/1438/396 368/1439/396 367/1440/396
f 360/1441/397 361/1442/397 369/1443/397 368/1444/397
f 361/1445/398 354/1446/398 362/1447/398 369/1448/398
f 362/1449/399 363/1450/399 371/1451/399 370/1452/399
f 363/1453/400 364/1454/400 372/1455/400 371/1456/400
f 364/1457/401 365/1458/401 373/1459/401 372/1460/401
f 365/1461/402 366/1462/402 374/1463/402 373/1464/402
f 366/1465/403 367/1466/403 375/1467/403 374/1468/403
f 367/1469/404 368/1470/404 376/1471/404 375/1472/404
f 368/1473/405 369/1474/405 377/1475/405 376/1476/405
f 369/1477/406 362/1478/406 370/1479/406 377/1480/406
f 370/1481/407 371/1482/407 379/1483/407 378/1484/407
f 371/1485/408 372/1486/408 380/1487/408 379/1488/408
f 372/1489/409 373/1490/409 381/1491/409 380/1492/409
f 373/1493/410 374/1494/410 382/1495/410 381/1496/410
f 374/1497/411 375/1498/411 383/1499/411 382/1500/411
f 375/1501/412 376/1502/412 384/1503/412 383/1504/412
f 376/1505/413 377/1506/413 385/1507/413 384/1508/413
f 377/1509/414 370/1510/414 378/1511/414 385/1512/414
f 378/1513/415 379/1514/415 387/1515/415 386/1516/415
f 379/1517/416 380/1518/416 388/1519/416 387/1520/416
f 380/1521/417 381/1522/417 389/1523/417 388/1524/417
f 381/1525/418 382/1526/418 390/1527/418 389/1528/418
f 382/1529/419 383/1530/419 391/1531/419 390/1532/419
f 383/1533/420 384/1534/420 392/1535/420 391/1536/420
f 384/1537/421 385/1538/421 1/1539/421 392/1540/421
f 385/1541/422 378/1542/422 386/1543/422 1/1544/422
f 386/1545/423 387/1546/423 394/1547/423 393/1548/423
f 387/1549/424 388/1550/424 395/1551/424 394/1552/424
f 388/1553/425 389/1554/425 396/1555/425 395/1556/425
f 389/1557/426 390/1558/426 397/1559/426 396/1560/426
f 390/1561/427 391/1562/427 398/1563/427 397/1564/427
f 391/1565/428 392/1566/428 399/1567/428 398/1568/428
f 392/1569/429 1/1570/429 400/1571/429 399/1572/429
f 1/1573/430 386/1574/430 393/1575/430 400/1576/430
f 393/1577/431 394/1578/431 402/1579/431 401/1580/431
f 394/1581/432 395/1582/432 403/1583/432 402/1584/432
f 395/1585/433 396/1586/433 404/1587/433 403/1588/433
f 396/1589/434 397/1590/434 405/1591/434 404/1592/434
f 397/1593/435 398/1594/435 406/1595/435 405/1596/435
f 398/1597/436 399/1598/436 407/1599/436 406/1600/436
f 399/1601/437 400/1602/437 408/1603/437 407/1604/437
f 400/1605/438 393/1606/438 401/1607/438 408/1608/438
f 401/1609/439 402/1610/439 410/1611/439 409/1612/439
f 402/1613/440 403/1614/440 411/1615/440 410/1616/440
f 403/1617/441 404/1618/441 412/1619/441 411/1620/441
f 404/1621/442 405/1622/442 413/1623/442 412/1624/442
f 405/1625/443 406/1626/443 414/1627/443 413/1628/443
f 406/1629/444 407/1630/444 415/1631/444 414/1632/444
f 407/1633/445 408/1634/445 416/1635/445 415/1636/445
f 408/1637/446 401/1638/446 409/1639/446 416/1640/446
f 409/1641/447 410/1642/447 418/1643/447 417/1644/447
f 410/1645/448 411/1646/448 419/1647/448 418/1648/448
f 411/1649/449 412/1650/449 420/1651/449 419/1652/449
f 412/1653/450 413/1654/450 421/1655/450 420/1656/450
f 413/1657/451 414/1658/451 422/1659/451 421/1660/451
f 414/1661/452 415/1662/452 423/1663/452 422/1664/452
f 415/1665/453 416/1666/453 424/1667/453 423/1668/453
f 416/1669/454 409/1670/454 417/1671/454 424/1672/454
f 417/1673/455 418/1674/455 426/1675/455 425/1676/455
f 418/1677/456 419/1678/456 427/1679/456 426/1680/456
f 419/1681/457 420/1682/457 428/1683/457 427/1684/457
f 420/1685/458 421/1686/458 429/1687/458 428/1688/458
f 421/1689/459 422/1690/459 430/1691/459 429/1692/459
f 422/1693/460 423/1694/460 431/1695/460 430/1696/460
f 423/1697/461 424/1698/461 432/1699/461 431/1700/461
f 424/1701/462 417/1702/462 425/1703/462 432/1704/462
f 425/1705/463 426/1706/463 434/1707/463 433/1708/463
f 426/1709/464 427/1710/464 435/1711/464 434/1712/464
f 427/1713/465 428/1714/465 436/1715/465 435/1716/465
f 428/1717/466 429/1718/466 437/1719/466 436/1720/466
f 429/1721/467 430/1722/467 438/1723/467 437/1724/467
f 430/1725/468 431/1726/468 439/1727/468 438/1728/468
f 431/1729/469 432/1730/469 440/1731/469 439/1732/469
f 432/1733/470 425/1734/470 433/1735/470 440/1736/470
f 433/1737/471 434/1738/471 442/1739/471 441/1740/471
f 434/1741/472 435/1742/472 443/1743/472 442/1744/472
f 435/1745/473 436/1746/473 444/1747/473 443/1748/473
f 436/1749/474 437/1750/474 445/1751/474 444/1752/474
f 437/1753/475 438/1754/475 446/1755/475 445/1756/475
f 438/1757/476 439/1758/476 447/1759/476 446/1760/476
f 439/1761/477 440/1762/477 448/1763/477 447/1764/477
f 440/1765/478 433/1766/478 441/1767/478 448/1768/478
f 441/1769/479 442/1770/479 355/1771/479 354/1772/479
f 442/1773/480 443/1774/480 356/1775/480 355/1776/480
f 443/1777/481 444/1778/481 357/1779/481 356/1780/481
f 444/1781/482 445/1782/482 358/1783/482 357/1784/482
f 445/1785/483 446/1786/483 359/1787/483 358/1788/483
f 446/1789/484 447/1790/484 360/1791/484 359/1792/484
f 447/1793/485 448/1794/485 361/1795/485 360/1796/485
f 448/1797/486 441/1798/486 354/1799/486 361/1800/486
f 449/1801/487 450/1802/487 458/1803/487 457/1804/487
f 450/1805/488 451/1806/488 459/1807/488 458/1808/488
f 451/1809/489 452/1810/489 460/1811/489 459/1812/489
f 452/1813/490 453/1814/490 461/1815/490 460/1816/490
f 453/1817/491 454/1818/491 462/1819/491 461/1820/491
f 454/1821/492 455/1822/492 463/1823/492 462/1824/492
f 455/1825/493 456/1826/493 464/1827/493 463/1828/493
f 456/1829/494 449/1830/494 457/1831/494 464/1832/494
f 457/1833/495 458/1834/495 466/1835/495 465/1836/495
f 458/1837/496 459/1838/496 467/1839/496 466/1840/496
f 459/1841/497 460/1842/497 468/1843/497 467/1844/497
f 460/1845/498 461/1846/498 469/1847/498 468/1848/498
f 461/1849/499 462/1850/499 470/1851/499 469/1852/499
f 462/1853/500 463/1854/500 471/1855/500 470/1856/500
f 463/1857/501 464/1858/501 472/1859/501 471/1860/501
f 464/1861/502 457/1862/502 465/1863/502 472/1864/502
f 465/1865/503 466/1866/503 474/1867/503 473/1868/503
f 466/1869/504 467/1870/504 475/1871/504 474/1872/504
f 467/1873/505 468/1874/505 476/1875/505 475/1876/505
f 468/1877/506 469/1878/506 477/1879/506 476/1880/506
f 469/1881/507 470/1882/507 478/1883/507 477/1884/507
f 470/1885/508 471/1886/508 479/1887/508 478/1888/508
f 471/1889/509 472/1890/509 480/1891/509 479/1892/509
f 472/1893/510 465/1894/510 473/1895/510 480/1896/510
f 473/1897/511 474/1898/511 482/1899/511 481/1900/511
f 474/1901/512 475/1902/512 483/1903/512 482/1904/512
f 475/1905/513 476/1906/513 484/1907/513 483/1908/513
f 476/1909/514 477/1910/514 485/1911/514 484/1912/514
f 477/1913/515 478/1914/515 486/1915/515 485/1916/515
f 478/1917/516 479/1918/516 487/1919/516 486/1920/516
f 479/1921/517 480/1922/517 488/1923/517 487/1924/517
f 480/1925/518 473/1926/518 481/1927/518 488/1928/518
f 481/1929/519 482/1930/519 490/1931/519 489/1932/519
f 482/1933/520 483/1934/520 491/1935/520 490/1936/520
f 483/1937/521 484/1938/521 492/1939/521 491/1940/521
f 484/1941/522 485/1942/522 493/1943/522 492/1944/522
f 485/1945/523 486/1946/523 494/1947/523 493/1948/523
f 486/1949/524 487/1950/524 495/1951/524 494/1952/524
f 487/1953/525 488/1954/525 496/1955/525 495/1956/525
f 488/1957/526 481/1958/526 489/1959/526 496/1960/526
f 489/1961/527 490/1962/527 498/1963/527 497/1964/527
f 490/1965/528 491/1966/528 499/1967/528 498/1968/528
f 491/1969/529 492/1970/529 500/1971/529 499/1972/529
f 492/1973/530 493/1974/530 501/1975/530 500/1976/530
f 493/1977/531 494/1978/531 502/1979/531 501/1980/531
f 494/1981/532 495/1982/532 503/1983/532 502/1984/532
f 495/1985/533 496/1986/533 504/1987/533 503/1988/533
f 496/1989/534 489/1990/534 497/1991/534 504/1992/534
f 497/1993/535 498/1994/535 506/1995/535 505/1996/535
f 498/1997/536 499/1998/536 507/1999/536 506/2000/536
f 499/2001/537 500/2002/537 508/2003/537 507/2004/537
f 500/2005/538 501/2006/538 509/2007/538 508/2008/538
f 501/2009/539 502/2010/539 510/2011/539 509/2012/539
f 502/2013/540 503/2014/540 511/2015/540 510/2016/540
f 503/2017/541 504/2018/541 512/2019/541 511/2020/541
f 504/2021/542 497/2022/542 505/2023/542 512/2024/542
f 505/2025/543 506/2026/543 514/2027/543 513/2028/543
f 506/2029/544 507/2030/544 515/2031/544 514/2032/544
f 507/2033/545 508/2034/545 516/2035/545 515/2036/545
f 508/2037/546 509/2038/546 517/2039/546 516/2040/546
f 509/2041/547 510/2042/547 518/2043/547 517/2044/547
f 510/2045/548 511/2046/548 519/2047/548 518/2048/548
f 511/2049/549 512/2050/549 520/2051/549 519/2052/549
f 512/2053/550 505/2054/550 513/2055/550 520/2056/550
f 513/2057/551 514/2058/551 522/2059/551 521/2060/551
f 514/2061/552 515/2062/552 523/2063/552 522/2064/552
f 515/2065/553 516/2066/553 524/2067/553 523/2068/553
f 516/2069/554 517/2070/554 525/2071/554 524/2072/554
f 517/2073/555 518/2074/555 526/2075/555 525/2076/555
f 518/2077/556 519/2078/556 527/2079/556 526/2080/556
f 519/2081/557 520/2082/557 528/2083/557 527/2084/557
f 520/2085/558 513/2086/558 521/2087/558 528/2088/558
f 521/2089/559 522/2090/559 530/2091/559 529/2092/559
f 522/2093/560 523/2094/560 531/2095/560 530/2096/560
f 523/2097/561 524/2098/561 532/2099/561 531/2100/561
f 524/2101/562 525/2102/562 533/2103/562 532/2104/562
f 525/2105/563 526/2106/563 534/2107/563 533/2108/563
f 526/2109/564 527/2110/564 535/2111/564 534/2112/564
f 527/2113/565 528/2114/565 536/2115/565 535/2116/565
f 528/2117/566 521/2118/566 529/2119/566 536/2120/566
f 529/2121/567 530/2122/567 538/2123/567 537/2124/567
f 530/2125/568 531/2126/568 539/2127/568 538/2128/568
f 531/2129/569 532/2130/569 540/2131/569 539/2132/569
f 532/2133/570 533/2134/570 541/2135/570 540/2136/570
f 533/2137/571 534/2138/571 542/2139/571 541/2140/571
f 534/2141/572 535/2142/572 543/2143/572 542/2144/572
f 535/2145/573 536/2146/573 544/2147/573 543/2148/573
f 536/2149/574 529/2150/574 537/2151/574 544/2152/574
f 537/2153/575 538/2154/575 450/2155/575 449/2156/575
f 538/2157/576 539/2158/576 451/2159/576 450/2160/576
f 539/2161/577 540/2162/577 452/2163/577 451/2164/577
f 540/2165/578 541/2166/578 453/2167/578 452/2168/578
f 541/2169/579 542/2170/579 454/2171/579 453/2172/579
f 542/2173/580 543/2174/580 455/2175/580 454/2176/580
f 543/2177/581 544/2178/581 456/2179/581 455/2180/581
f 544/2181/582 537/2182/582 449/2183/582 456/2184/582