# Made in Blockbench 5.1.6
mtllib crusher_blades.mtl

o Цилиндр.001
v 0.1894962500000001 0.976756875 -0.19944499999999998
v 0.3000262500000001 1.10002625 1.1885124999999999
v 0.6000000000000001 0.975771875 1.06309625
v 0.6000000000000001 0.975771875 1.1885124999999999
v 0.3000262500000001 1.6999737499999998 1.1885124999999999
v 0.17577187500000008 1.4 1.06309625
v 0.17577187500000008 1.4 1.1885124999999999
v 0.89997375 1.6999737499999998 1.1885124999999999
v 0.6000000000000001 1.8242281249999999 1.06309625
v 0.6000000000000001 1.8242281249999999 1.1885124999999999
v 0.3000262500000001 1.6999737499999998 1.06309625
v 0.89997375 1.6999737499999998 1.06309625
v 0.89997375 1.10002625 1.06309625
v 0.89997375 1.10002625 1.1885124999999999
v 1.024228125 1.4 1.06309625
v 1.024228125 1.4 1.1885124999999999
v 1.05204125 1.01473 1.0630950000000001
v 0.2147300000000001 0.94795875 1.06309625
v 0.3000262500000001 1.10002625 1.06309625
v 0.14795875000000008 1.78527 1.06309625
v 0.9852700000000001 1.8520412499999999 1.06309625
v 0.6291850000000001 0.9128068749999999 1.1885124999999999
v 0.8339318750000001 0.8587762499999999 1.06309625
v 0.8339318750000001 0.8587762499999999 1.1885124999999999
v 0.11280812500000009 1.370815 1.1885124999999999
v 0.058776250000000085 1.1660681249999998 1.06309625
v 0.058776250000000085 1.1660681249999998 1.1885124999999999
v 0.5708150000000001 1.887193125 1.1885124999999999
v 0.3660681250000001 1.9412237499999998 1.06309625
v 0.3660681250000001 1.9412237499999998 1.1885124999999999
v 1.0871931250000002 1.429185 1.1885124999999999
v 1.141225 1.633931875 1.06309625
v 1.141225 1.633931875 1.1885124999999999
v 0.6291850000000001 0.9128068749999999 1.06309625
v 1.05204125 1.01473 1.1885124999999999
v 0.11280812500000009 1.370815 1.06309625
v 0.2147300000000001 0.94795875 1.1885124999999999
v 0.5708150000000001 1.887193125 1.06309625
v 0.14795875000000008 1.78527 1.1885124999999999
v 1.0871931250000002 1.429185 1.06309625
v 0.9852700000000001 1.8520412499999999 1.1885124999999999
v 0.6000000000000001 0.975771875 -1.0857225000000001
v 0.89997375 1.10002625 -1.21113875
v 0.89997375 1.10002625 -1.0857225000000001
v 0.17577187500000008 1.4 -1.0857225000000001
v 0.3000262500000001 1.10002625 -1.21113875
v 0.3000262500000001 1.10002625 -1.0857225000000001
v 0.6000000000000001 1.8242281249999999 -1.0857225000000001
v 0.3000262500000001 1.6999737499999998 -1.21113875
v 0.3000262500000001 1.6999737499999998 -1.0857225000000001
v 0.17577187500000008 1.4 -1.21113875
v 0.6000000000000001 1.8242281249999999 -1.21113875
v 1.024228125 1.4 -1.21113875
v 0.89997375 1.6999737499999998 -1.0857225000000001
v 0.89997375 1.6999737499999998 -1.21113875
v 1.192068125 1.44721375 -1.0857225000000001
v 1.192068125 1.44721375 -1.21113875
v 0.6472137500000001 0.807931875 -1.21113875
v 0.6000000000000001 0.975771875 -1.21113875
v 0.007931250000000056 1.3527862499999999 -1.21113875
v 0.55278625 1.99206875 -1.21113875
v 1.148118125 1.1827112499999999 -1.0857225000000001
v 0.9651337500000001 1.07613875 -1.21113875
v 1.148118125 1.1827112499999999 -1.21113875
v 0.2761387500000001 1.0348662499999999 -1.0857225000000001
v 0.38271125000000006 0.8518818749999999 -1.21113875
v 0.38271125000000006 0.8518818749999999 -1.0857225000000001
v 0.2348662500000001 1.72386125 -1.0857225000000001
v 0.05188187500000008 1.617288125 -1.21113875
v 0.05188187500000008 1.617288125 -1.0857225000000001
v 0.9238612500000001 1.76513375 -1.0857225000000001
v 0.8172881250000001 1.948118125 -1.21113875
v 0.8172881250000001 1.948118125 -1.0857225000000001
v 0.9651337500000001 1.07613875 -1.0857225000000001
v 0.2761387500000001 1.0348662499999999 -1.21113875
v 0.6472137500000001 0.807931875 -1.0857225000000001
v 0.2348662500000001 1.72386125 -1.21113875
v 0.007931250000000056 1.3527862499999999 -1.0857225000000001
v 0.9238600000000001 1.76513375 -1.21113875
v 0.55278625 1.99206875 -1.0857225000000001
v 0.2080650000000001 1.237655 -0.95801375
v 0.4376550000000001 1.008065 -1.08343
v 0.4376550000000001 1.008065 -0.95801375
v 0.4376550000000001 1.7919349999999998 -0.95801375
v 0.2080650000000001 1.5623449999999999 -1.08343
v 0.2080650000000001 1.5623449999999999 -0.95801375
v 0.991935 1.5623449999999999 -0.95801375
v 0.762345 1.7919349999999998 -1.08343
v 0.762345 1.7919349999999998 -0.95801375
v 0.4376550000000001 1.7919349999999998 -1.08343
v 0.991935 1.5623449999999999 -1.08343
v 0.762345 1.008065 -1.08343
v 0.762345 1.008065 -0.95801375
v 0.991935 1.237655 -1.08343
v 0.991935 1.237655 -0.95801375
v 0.870195 0.8710681249999999 -1.08343
v 0.07106812500000004 1.129805 -1.08343
v 0.2080650000000001 1.237655 -1.08343
v 0.32980500000000007 1.928931875 -1.08343
v 1.1289318750000001 1.6701949999999999 -1.08343
v 0.4405231250000001 0.9387237499999999 -0.95801375
v 0.6090068750000001 0.8104518749999999 -1.08343
v 0.6090068750000001 0.8104518749999999 -0.95801375
v 0.1387237500000001 1.5594768749999999 -0.95801375
v 0.01045187500000011 1.3909931249999998 -1.08343
v 0.01045187500000011 1.3909931249999998 -0.95801375
v 0.5909931250000001 1.9895481249999998 -0.95801375
v 0.759476875 1.86127625 -1.08343
v 0.5909931250000001 1.9895481249999998 -1.08343
v 1.189548125 1.409006875 -0.95801375
v 1.0612762500000001 1.240523125 -1.08343
v 1.189548125 1.409006875 -1.08343
v 0.4405231250000001 0.9387237499999999 -1.08343
v 0.870195 0.8710681249999999 -0.95801375
v 0.1387237500000001 1.5594768749999999 -1.08343
v 0.07106812500000004 1.129805 -0.95801375
v 0.32980500000000007 1.928931875 -0.95801375
v 0.759476875 1.86127625 -0.95801375
v 1.1289318750000001 1.6701949999999999 -0.95801375
v 1.0612762500000001 1.240523125 -0.95801375
v 0.3000262500000001 1.10002625 -0.8340025
v 0.6000000000000001 0.975771875 -0.9594199999999999
v 0.6000000000000001 0.975771875 -0.8340025
v 0.17577187500000008 1.4 -0.8340025
v 0.3000262500000001 1.6999737499999998 -0.9594199999999999
v 0.17577187500000008 1.4 -0.9594199999999999
v 0.6000000000000001 1.8242281249999999 -0.8340025
v 0.89997375 1.6999737499999998 -0.9594199999999999
v 0.6000000000000001 1.8242281249999999 -0.9594199999999999
v 0.89997375 1.10002625 -0.9594199999999999
v 0.89997375 1.10002625 -0.8340025
v 1.024228125 1.4 -0.9594199999999999
v 1.024228125 1.4 -0.8340025
v 1.05204125 1.01473 -0.9594199999999999
v 0.2147300000000001 0.94795875 -0.9594199999999999
v 0.3000262500000001 1.10002625 -0.9594199999999999
v 0.3000262500000001 1.6999737499999998 -0.8340025
v 0.14795875000000008 1.78527 -0.9594199999999999
v 0.9852700000000001 1.8520412499999999 -0.8340025
v 0.9852700000000001 1.8520412499999999 -0.9594199999999999
v 0.8339318750000001 0.8587762499999999 -0.8340025
v 0.6291850000000001 0.9128068749999999 -0.9594199999999999
v 0.8339318750000001 0.8587762499999999 -0.9594199999999999
v 0.11280687500000008 1.370815 -0.8340025
v 0.058776250000000085 1.1660681249999998 -0.9594199999999999
v 0.058776250000000085 1.1660681249999998 -0.8340025
v 0.3660681250000001 1.9412237499999998 -0.8340025
v 0.5708150000000001 1.887193125 -0.9594199999999999
v 0.3660681250000001 1.9412237499999998 -0.9594199999999999
v 1.14122375 1.633931875 -0.8340025
v 1.0871931250000002 1.429185 -0.9594199999999999
v 1.14122375 1.633931875 -0.9594199999999999
v 1.05204125 1.01473 -0.8340025
v 0.6291850000000001 0.9128068749999999 -0.8340025
v 0.11280687500000008 1.370815 -0.9594199999999999
v 0.2147300000000001 0.94795875 -0.8340025
v 0.14795875000000008 1.78527 -0.8340025
v 0.5708150000000001 1.887193125 -0.8340025
v 1.0871931250000002 1.429185 -0.8340025
v 0.762345 1.008065 -0.704525
v 0.4376550000000001 1.008065 -0.8299418749999999
v 0.762345 1.008065 -0.8299418749999999
v 0.2080650000000001 1.5623449999999999 -0.704525
v 0.2080650000000001 1.237655 -0.8299418749999999
v 0.2080650000000001 1.237655 -0.704525
v 0.762345 1.7919349999999998 -0.704525
v 0.4376550000000001 1.7919349999999998 -0.8299418749999999
v 0.4376550000000001 1.7919349999999998 -0.704525
v 0.2080650000000001 1.5623449999999999 -0.8299418749999999
v 0.762345 1.7919349999999998 -0.8299418749999999
v 0.991935 1.237655 -0.8299418749999999
v 0.991935 1.237655 -0.704525
v 0.991935 1.5623449999999999 -0.8299418749999999
v 0.991935 1.5623449999999999 -0.704525
v 1.1650681250000001 1.2170462499999999 -0.8299418749999999
v 0.4376550000000001 1.008065 -0.704525
v 0.4170450000000001 0.8349318749999999 -0.8299418749999999
v 0.03493187500000006 1.58295375 -0.8299418749999999
v 0.7829537500000001 1.965068125 -0.8299418749999999
v 1.023241875 0.98949625 -0.704525
v 0.8134037500000001 0.96106125 -0.8299418749999999
v 1.023241875 0.98949625 -0.8299418749999999
v 0.1610612500000001 1.18659625 -0.704525
v 0.1894962500000001 0.976756875 -0.8299418749999999
v 0.1894962500000001 0.976756875 -0.704525
v 0.1767568750000001 1.8105037499999999 -0.704525
v 0.3865962500000001 1.8389387499999998 -0.8299418749999999
v 0.1767568750000001 1.8105037499999999 -0.8299418749999999
v 1.03893875 1.6134037499999998 -0.704525
v 1.01050375 1.823241875 -0.8299418749999999
v 1.01050375 1.823241875 -0.704525
v 1.1650681250000001 1.2170462499999999 -0.704525
v 0.8134037500000001 0.96106125 -0.704525
v 0.1610612500000001 1.18659625 -0.8299418749999999
v 0.41704625000000006 0.8349318749999999 -0.704525
v 0.03493187500000006 1.58295375 -0.704525
v 0.3865962500000001 1.8389387499999998 -0.704525
v 1.03893875 1.6134037499999998 -0.8299418749999999
v 0.7829537500000001 1.965068125 -0.704525
v 0.89997375 1.10002625 -0.579155625
v 0.6000000000000001 0.975771875 -0.7045725
v 0.89997375 1.10002625 -0.7045725
v 0.3000262500000001 1.10002625 -0.579155625
v 0.17577187500000008 1.4 -0.704571875
v 0.3000262500000001 1.10002625 -0.7045725
v 0.6000000000000001 1.8242281249999999 -0.579155625
v 0.3000262500000001 1.6999737499999998 -0.704571875
v 0.3000262500000001 1.6999737499999998 -0.579155625
v 0.6000000000000001 1.8242281249999999 -0.7045725
v 1.024228125 1.4 -0.7045725
v 1.024228125 1.4 -0.579155625
v 0.89997375 1.6999737499999998 -0.7045725
v 0.89997375 1.6999737499999998 -0.579155625
v 1.192068125 1.44721375 -0.7045725
v 0.6000000000000001 0.975771875 -0.579155625
v 0.6472137500000001 0.8079312499999999 -0.7045725
v 0.17577187500000008 1.4 -0.579155625
v 0.007931875000000144 1.3527862499999999 -0.704571875
v 0.55278625 1.9920681249999999 -0.7045725
v 0.9651337500000001 1.07613875 -0.579155625
v 1.148118125 1.1827112499999999 -0.7045725
v 1.148118125 1.1827112499999999 -0.579155625
v 0.2761387500000001 1.0348662499999999 -0.579155625
v 0.38271125000000006 0.8518818749999999 -0.7045725
v 0.38271125000000006 0.8518818749999999 -0.579155625
v 0.2348662500000001 1.72386125 -0.579155625
v 0.05188187500000008 1.617288125 -0.704571875
v 0.05188187500000008 1.617288125 -0.579155625
v 0.8172887500000001 1.948118125 -0.579155625
v 0.9238600000000001 1.76513375 -0.7045725
v 0.8172887500000001 1.948118125 -0.7045725
v 0.9651337500000001 1.07613875 -0.7045725
v 1.192068125 1.44721375 -0.579155625
v 0.2761387500000001 1.0348662499999999 -0.7045725
v 0.6472137500000001 0.8079312499999999 -0.579155625
v 0.2348662500000001 1.72386125 -0.704571875
v 0.007931875000000144 1.3527862499999999 -0.579155625
v 0.55278625 1.9920681249999999 -0.579155625
v 0.9238612500000001 1.76513375 -0.579155625
v 0.89997375 1.10002625 -0.07407562499999999
v 0.6000000000000001 0.975771875 -0.19949187499999999
v 0.89997375 1.10002625 -0.1994925
v 0.3000262500000001 1.10002625 -0.07407562499999999
v 0.17577187500000008 1.4 -0.19949187499999999
v 0.3000262500000001 1.10002625 -0.19949187499999999
v 0.6000000000000001 1.8242281249999999 -0.07407562499999999
v 0.3000262500000001 1.6999737499999998 -0.19949187499999999
v 0.3000262500000001 1.6999737499999998 -0.07407562499999999
v 0.6000000000000001 1.8242281249999999 -0.19949187499999999
v 1.024228125 1.4 -0.1994925
v 1.024228125 1.4 -0.07407562499999999
v 0.89997375 1.6999737499999998 -0.19949187499999999
v 0.89997375 1.6999737499999998 -0.07407562499999999
v 1.192068125 1.44721375 -0.07407562499999999
v 1.192068125 1.44721375 -0.1994925
v 0.6000000000000001 0.975771875 -0.07407562499999999
v 0.6472137500000001 0.807931875 -0.19949187499999999
v 0.17577187500000008 1.4 -0.07407562499999999
v 0.007931875000000144 1.3527862499999999 -0.19949187499999999
v 0.55278625 1.9920681249999999 -0.1994925
v 0.9651337500000001 1.07613875 -0.07407562499999999
v 1.148118125 1.1827112499999999 -0.1994925
v 1.148118125 1.1827112499999999 -0.07407562499999999
v 0.2761387500000001 1.0348662499999999 -0.07407562499999999
v 0.38271125000000006 0.8518818749999999 -0.19949187499999999
v 0.38271125000000006 0.8518818749999999 -0.07407562499999999
v 0.2348662500000001 1.72386125 -0.07407562499999999
v 0.05188187500000008 1.61728875 -0.19949187499999999
v 0.05188187500000008 1.61728875 -0.07407562499999999
v 0.8172887500000001 1.948118125 -0.07407562499999999
v 0.9238600000000001 1.76513375 -0.19949187499999999
v 0.8172887500000001 1.948118125 -0.1994925
v 0.9651337500000001 1.07613875 -0.1994925
v 0.2761387500000001 1.0348662499999999 -0.19949187499999999
v 0.6472137500000001 0.807931875 -0.07407562499999999
v 0.2348662500000001 1.72386125 -0.19949187499999999
v 0.007931875000000144 1.3527862499999999 -0.07407562499999999
v 0.55278625 1.9920681249999999 -0.07407562499999999
v 0.9238612500000001 1.76513375 -0.07407562499999999
v 0.4376550000000001 1.008065 -0.19944499999999998
v 0.762345 1.008065 -0.32486187499999997
v 0.762345 1.008065 -0.19944499999999998
v 0.2080650000000001 1.5623449999999999 -0.19944499999999998
v 0.2080650000000001 1.237655 -0.32486187499999997
v 0.2080650000000001 1.237655 -0.19944499999999998
v 0.4376550000000001 1.7919349999999998 -0.19944499999999998
v 0.762345 1.7919349999999998 -0.32486187499999997
v 0.4376550000000001 1.7919349999999998 -0.32486187499999997
v 0.2080650000000001 1.5623449999999999 -0.32486187499999997
v 0.991935 1.237655 -0.32486187499999997
v 0.991935 1.237655 -0.19944499999999998
v 0.991935 1.5623449999999999 -0.32486187499999997
v 0.991935 1.5623449999999999 -0.19944499999999998
v 1.1650681250000001 1.2170462499999999 -0.32486187499999997
v 0.41704625000000006 0.8349318749999999 -0.32486187499999997
v 0.4376550000000001 1.008065 -0.32486187499999997
v 0.03493187500000006 1.58295375 -0.19944499999999998
v 0.03493187500000006 1.58295375 -0.32486187499999997
v 0.762345 1.7919349999999998 -0.19944499999999998
v 0.7829537500000001 1.965068125 -0.32486187499999997
v 1.023241875 0.98949625 -0.19944499999999998
v 0.8134037500000001 0.96106125 -0.32486187499999997
v 1.023241875 0.98949625 -0.32486187499999997
v 0.1610612500000001 1.18659625 -0.32486187499999997
v 0.1894962500000001 0.976756875 -0.32486187499999997
v 0.3865962500000001 1.8389387499999998 -0.19944499999999998
v 0.1767568750000001 1.8105037499999999 -0.32486187499999997
v 0.1767568750000001 1.8105037499999999 -0.19944499999999998
v 1.03893875 1.6134037499999998 -0.19944499999999998
v 1.01050375 1.823241875 -0.32486187499999997
v 1.01050375 1.823241875 -0.19944499999999998
v 1.1650681250000001 1.2170462499999999 -0.19944499999999998
v 0.8134037500000001 0.96106125 -0.19944499999999998
v 0.41704625000000006 0.8349318749999999 -0.19944499999999998
v 0.1610612500000001 1.18659625 -0.19944499999999998
v 0.3865962500000001 1.8389387499999998 -0.32486187499999997
v 1.03893875 1.6134037499999998 -0.32486187499999997
v 0.7829537500000001 1.965068125 -0.19944499999999998
v 0.3000262500000001 1.10002625 -0.3289225
v 0.6000000000000001 0.975771875 -0.45433999999999997
v 0.6000000000000001 0.975771875 -0.3289225
v 0.3000262500000001 1.6999737499999998 -0.3289225
v 0.17577187500000008 1.4 -0.45433999999999997
v 0.17577187500000008 1.4 -0.3289225
v 0.89997375 1.6999737499999998 -0.3289225
v 0.6000000000000001 1.8242281249999999 -0.45433999999999997
v 0.6000000000000001 1.8242281249999999 -0.3289225
v 0.3000262500000001 1.6999737499999998 -0.45433999999999997
v 0.89997375 1.6999737499999998 -0.45433999999999997
v 0.89997375 1.10002625 -0.45433999999999997
v 0.89997375 1.10002625 -0.3289225
v 1.024228125 1.4 -0.45433999999999997
v 1.024228125 1.4 -0.3289225
v 1.05204125 1.01473 -0.45433999999999997
v 0.2147300000000001 0.94795875 -0.45433999999999997
v 0.3000262500000001 1.10002625 -0.45433999999999997
v 0.14795875000000008 1.78527 -0.3289225
v 0.14795875000000008 1.78527 -0.45433999999999997
v 0.9852700000000001 1.8520412499999999 -0.45433999999999997
v 0.6291850000000001 0.9128068749999999 -0.3289225
v 0.8339318750000001 0.8587762499999999 -0.45433999999999997
v 0.8339318750000001 0.8587762499999999 -0.3289225
v 0.11280687500000008 1.370815 -0.3289225
v 0.058776250000000085 1.1660681249999998 -0.45433999999999997
v 0.058776250000000085 1.1660681249999998 -0.3289225
v 0.5708150000000001 1.887193125 -0.3289225
v 0.3660681250000001 1.9412237499999998 -0.45433999999999997
v 0.3660681250000001 1.9412237499999998 -0.3289225
v 1.0871931250000002 1.429185 -0.3289225
v 1.14122375 1.633931875 -0.45433999999999997
v 1.14122375 1.633931875 -0.3289225
v 0.6291850000000001 0.9128068749999999 -0.45433999999999997
v 1.05204125 1.01473 -0.3289225
v 0.11280687500000008 1.370815 -0.45433999999999997
v 0.2147300000000001 0.94795875 -0.3289225
v 0.5708150000000001 1.8871918749999999 -0.45433999999999997
v 1.0871931250000002 1.429185 -0.45433999999999997
v 0.9852700000000001 1.8520412499999999 -0.3289225
v 0.2080650000000001 1.237655 -0.4529325
v 0.4376550000000001 1.008065 -0.57835
v 0.4376550000000001 1.008065 -0.4529325
v 0.4376550000000001 1.7919349999999998 -0.4529325
v 0.2080650000000001 1.5623449999999999 -0.57835
v 0.2080650000000001 1.5623449999999999 -0.4529325
v 0.991935 1.5623449999999999 -0.4529325
v 0.762345 1.7919349999999998 -0.57835
v 0.762345 1.7919349999999998 -0.4529325
v 0.4376550000000001 1.7919349999999998 -0.57835
v 0.991935 1.5623449999999999 -0.57835
v 0.762345 1.008065 -0.57835
v 0.991935 1.237655 -0.4529325
v 0.991935 1.237655 -0.57835
v 0.762345 1.008065 -0.4529325
v 0.870195 0.8710681249999999 -0.57835
v 0.07106812500000004 1.129805 -0.57835
v 0.2080650000000001 1.237655 -0.57835
v 0.32980500000000007 1.928931875 -0.4529325
v 0.32980500000000007 1.928931875 -0.57835
v 1.1289318750000001 1.6701949999999999 -0.57835
v 0.6090068750000001 0.8104518749999999 -0.4529325
v 0.4405231250000001 0.9387237499999999 -0.57835
v 0.6090068750000001 0.8104518749999999 -0.57835
v 0.1387237500000001 1.5594768749999999 -0.4529325
v 0.01045187500000011 1.3909931249999998 -0.57835
v 0.01045187500000011 1.3909931249999998 -0.4529325
v 0.5909931250000001 1.9895481249999998 -0.4529325
v 0.759476875 1.86127625 -0.57835
v 0.5909931250000001 1.9895481249999998 -0.57835
v 1.0612762500000001 1.240523125 -0.4529325
v 1.189548125 1.409006875 -0.57835
v 1.189548125 1.409006875 -0.4529325
v 0.870195 0.8710681249999999 -0.4529325
v 0.4405231250000001 0.9387237499999999 -0.4529325
v 0.1387237500000001 1.5594768749999999 -0.57835
v 0.07106812500000004 1.129805 -0.4529325
v 0.759476875 1.86127625 -0.4529325
v 1.0612762500000001 1.240523125 -0.57835
v 1.1289318750000001 1.6701949999999999 -0.4529325
v 0.2080650000000001 1.237655 0.053567500000000004
v 0.4376550000000001 1.008065 -0.07184874999999999
v 0.4376550000000001 1.008065 0.053567500000000004
v 0.4376550000000001 1.7919349999999998 0.053567500000000004
v 0.2080650000000001 1.5623449999999999 -0.07184874999999999
v 0.2080650000000001 1.5623449999999999 0.053567500000000004
v 0.991935 1.5623449999999999 0.053567500000000004
v 0.762345 1.7919349999999998 -0.07184874999999999
v 0.762345 1.7919349999999998 0.053567500000000004
v 0.4376550000000001 1.7919349999999998 -0.07184874999999999
v 0.991935 1.5623449999999999 -0.07184874999999999
v 0.762345 1.008065 -0.07184874999999999
v 0.991935 1.237655 0.053567500000000004
v 0.991935 1.237655 -0.07184874999999999
v 0.870195 0.8710681249999999 0.053567500000000004
v 0.870195 0.8710681249999999 -0.07184874999999999
v 0.07106812500000004 1.129805 -0.07184874999999999
v 0.2080650000000001 1.237655 -0.07184874999999999
v 0.32980500000000007 1.928931875 -0.07184874999999999
v 1.1289318750000001 1.6701949999999999 -0.07184874999999999
v 0.4405231250000001 0.9387237499999999 0.053567500000000004
v 0.6090068750000001 0.8104518749999999 -0.07184874999999999
v 0.6090068750000001 0.8104518749999999 0.053567500000000004
v 0.1387237500000001 1.5594768749999999 0.053567500000000004
v 0.01045187500000011 1.3909931249999998 -0.07184874999999999
v 0.01045187500000011 1.3909931249999998 0.053567500000000004
v 0.759476875 1.86127625 0.053567500000000004
v 0.5909931250000001 1.9895481249999998 -0.07184874999999999
v 0.5909931250000001 1.9895481249999998 0.053567500000000004
v 1.0612762500000001 1.240523125 0.053567500000000004
v 1.189548125 1.409006875 -0.07184874999999999
v 1.189548125 1.409006875 0.053567500000000004
v 0.4405231250000001 0.9387237499999999 -0.07184874999999999
v 0.1387237500000001 1.5594768749999999 -0.07184874999999999
v 0.07106812500000004 1.129805 0.053567500000000004
v 0.759476875 1.86127625 -0.07184874999999999
v 0.32980500000000007 1.928931875 0.053567500000000004
v 1.0612762500000001 1.240523125 -0.07184874999999999
v 1.1289318750000001 1.6701949999999999 0.053567500000000004
v 0.3000262500000001 1.10002625 0.1775775
v 0.6000000000000001 0.975771875 0.052161250000000006
v 0.6000000000000001 0.975771875 0.1775775
v 0.17577187500000008 1.4 0.1775775
v 0.3000262500000001 1.6999737499999998 0.052161250000000006
v 0.17577187500000008 1.4 0.052161250000000006
v 0.89997375 1.6999737499999998 0.1775775
v 0.6000000000000001 1.8242281249999999 0.052161250000000006
v 0.6000000000000001 1.8242281249999999 0.1775775
v 0.89997375 1.6999737499999998 0.052161250000000006
v 0.89997375 1.10002625 0.052161250000000006
v 0.89997375 1.10002625 0.1775775
v 1.024228125 1.4 0.052161250000000006
v 1.024228125 1.4 0.1775775
v 1.05204125 1.01473 0.052161250000000006
v 0.2147300000000001 0.94795875 0.052161250000000006
v 0.3000262500000001 1.10002625 0.052161250000000006
v 0.14795875000000008 1.78527 0.1775775
v 0.14795875000000008 1.78527 0.052161250000000006
v 0.9852700000000001 1.8520412499999999 0.052161250000000006
v 0.6291850000000001 0.9128068749999999 0.1775775
v 0.8339318750000001 0.8587762499999999 0.052161250000000006
v 0.8339318750000001 0.8587762499999999 0.1775775
v 0.11280687500000008 1.370815 0.1775775
v 0.058776250000000085 1.1660681249999998 0.052161250000000006
v 0.058776250000000085 1.1660681249999998 0.1775775
v 0.5708150000000001 1.887193125 0.1775775
v 0.3660681250000001 1.9412237499999998 0.052161250000000006
v 0.3660681250000001 1.9412237499999998 0.1775775
v 1.0871931250000002 1.429185 0.1775775
v 1.14122375 1.633931875 0.052161250000000006
v 1.14122375 1.633931875 0.1775775
v 0.6291850000000001 0.9128068749999999 0.052161250000000006
v 1.05204125 1.01473 0.1775775
v 0.11280687500000008 1.370815 0.052161250000000006
v 0.2147300000000001 0.94795875 0.1775775
v 0.5708150000000001 1.887193125 0.052161250000000006
v 1.0871931250000002 1.429185 0.052161250000000006
v 0.9852700000000001 1.8520412499999999 0.1775775
v 0.4376550000000001 1.008065 0.307055
v 0.762345 1.008065 0.18163937500000002
v 0.762345 1.008065 0.307055
v 0.2080650000000001 1.5623449999999999 0.307055
v 0.2080650000000001 1.237655 0.18163937500000002
v 0.2080650000000001 1.237655 0.307055
v 0.762345 1.7919349999999998 0.307055
v 0.4376550000000001 1.7919349999999998 0.18163937500000002
v 0.4376550000000001 1.7919349999999998 0.307055
v 0.2080650000000001 1.5623449999999999 0.18163937500000002
v 0.762345 1.7919349999999998 0.18163937500000002
v 0.991935 1.237655 0.18163937500000002
v 0.991935 1.237655 0.307055
v 0.991935 1.5623449999999999 0.18163937500000002
v 0.991935 1.5623449999999999 0.307055
v 1.1650681250000001 1.2170462499999999 0.18163937500000002
v 0.41704625000000006 0.8349318749999999 0.18163937500000002
v 0.4376550000000001 1.008065 0.18163937500000002
v 0.03493187500000006 1.58295375 0.307055
v 0.03493187500000006 1.58295375 0.18163937500000002
v 0.7829537500000001 1.965068125 0.18163937500000002
v 1.023243125 0.98949625 0.307055
v 0.8134037500000001 0.96106125 0.18163937500000002
v 1.023243125 0.98949625 0.18163937500000002
v 0.1894962500000001 0.976756875 0.307055
v 0.1610612500000001 1.18659625 0.18163937500000002
v 0.1894962500000001 0.976756875 0.18163937500000002
v 0.1767581250000001 1.8105037499999999 0.307055
v 0.3865962500000001 1.8389387499999998 0.18163937500000002
v 0.1767581250000001 1.8105037499999999 0.18163937500000002
v 1.03893875 1.6134037499999998 0.307055
v 1.01050375 1.823241875 0.18163937500000002
v 1.01050375 1.823241875 0.307055
v 1.1650681250000001 1.2170462499999999 0.307055
v 0.8134037500000001 0.96106125 0.307055
v 0.41704625000000006 0.8349318749999999 0.307055
v 0.1610612500000001 1.18659625 0.307055
v 0.3865962500000001 1.8389387499999998 0.307055
v 1.03893875 1.6134037499999998 0.18163937500000002
v 0.7829537500000001 1.965068125 0.307055
v 0.89997375 1.10002625 0.432424375
v 0.6000000000000001 0.975771875 0.307008125
v 0.89997375 1.10002625 0.307008125
v 0.17577187500000008 1.4 0.432425
v 0.3000262500000001 1.10002625 0.307008125
v 0.3000262500000001 1.10002625 0.432425
v 0.6000000000000001 1.8242281249999999 0.432424375
v 0.3000262500000001 1.6999737499999998 0.307008125
v 0.3000262500000001 1.6999737499999998 0.432425
v 0.17577187500000008 1.4 0.307008125
v 0.6000000000000001 1.8242281249999999 0.307008125
v 1.024228125 1.4 0.307008125
v 1.024228125 1.4 0.432424375
v 0.89997375 1.6999737499999998 0.307008125
v 0.89997375 1.6999737499999998 0.432424375
v 1.1920687500000002 1.44721375 0.307008125
v 0.6472150000000001 0.807931875 0.432425
v 0.6472150000000001 0.807931875 0.307008125
v 0.007931875000000144 1.3527862499999999 0.307008125
v 0.55278625 1.9920681249999999 0.307008125
v 1.148118125 1.1827112499999999 0.432424375
v 0.9651337500000001 1.07613875 0.307008125
v 1.148118125 1.1827112499999999 0.307008125
v 0.2761387500000001 1.0348662499999999 0.432425
v 0.38271125000000006 0.8518818749999999 0.307008125
v 0.38271125000000006 0.8518818749999999 0.432425
v 0.2348662500000001 1.72386125 0.432425
v 0.05188187500000008 1.617288125 0.307008125
v 0.05188187500000008 1.617288125 0.432425
v 0.9238612500000001 1.76513375 0.432424375
v 0.8172887500000001 1.948118125 0.307008125
v 0.8172887500000001 1.948118125 0.432424375
v 1.1920687500000002 1.44721375 0.432424375
v 0.9651337500000001 1.07613875 0.432424375
v 0.2761400000000001 1.0348662499999999 0.307008125
v 0.2348662500000001 1.72386125 0.307008125
v 0.007931875000000144 1.3527862499999999 0.432425
v 0.9238612500000001 1.76513375 0.307008125
v 0.55278625 1.9920681249999999 0.432425
v 0.89997375 1.10002625 0.938433125
v 0.6000000000000001 0.975771875 0.8130175000000001
v 0.89997375 1.10002625 0.8130175000000001
v 0.3000262500000001 1.10002625 0.938433125
v 0.17577187500000008 1.4 0.8130175000000001
v 0.3000262500000001 1.10002625 0.8130175000000001
v 0.3000262500000001 1.6999737499999998 0.938433125
v 0.6000000000000001 1.8242281249999999 0.8130175000000001
v 0.3000262500000001 1.6999737499999998 0.8130175000000001
v 1.024228125 1.4 0.8130175000000001
v 1.024228125 1.4 0.938433125
v 0.89997375 1.6999737499999998 0.8130175000000001
v 0.89997375 1.6999737499999998 0.938433125
v 1.1920687500000002 1.44721375 0.8130175000000001
v 0.6000000000000001 0.975771875 0.938433125
v 0.6472150000000001 0.807931875 0.8130175000000001
v 0.17577187500000008 1.4 0.938433125
v 0.007931875000000144 1.3527862499999999 0.8130175000000001
v 0.6000000000000001 1.8242281249999999 0.938433125
v 0.55278625 1.99206875 0.8130175000000001
v 0.9651337500000001 1.07613875 0.938433125
v 1.148118125 1.1827112499999999 0.8130175000000001
v 1.148118125 1.1827112499999999 0.938433125
v 0.2761400000000001 1.0348662499999999 0.938433125
v 0.3827118750000001 0.8518818749999999 0.8130175000000001
v 0.3827118750000001 0.8518818749999999 0.938433125
v 0.2348662500000001 1.72386125 0.938433125
v 0.05188187500000008 1.617288125 0.8130175000000001
v 0.05188187500000008 1.617288125 0.938433125
v 0.9238612500000001 1.76513375 0.938433125
v 0.8172887500000001 1.948118125 0.8130175000000001
v 0.8172887500000001 1.948118125 0.938433125
v 0.9651337500000001 1.07613875 0.8130175000000001
v 1.1920687500000002 1.44721375 0.938433125
v 0.2761400000000001 1.0348662499999999 0.8130175000000001
v 0.6472150000000001 0.807931875 0.938433125
v 0.2348662500000001 1.72386125 0.8130175000000001
v 0.007931875000000144 1.3527862499999999 0.938433125
v 0.9238612500000001 1.76513375 0.8130175000000001
v 0.55278625 1.99206875 0.938433125
v 0.762345 1.008065 0.8130643750000001
v 0.4376550000000001 1.008065 0.687648125
v 0.762345 1.008065 0.687648125
v 0.2080650000000001 1.5623449999999999 0.8130643750000001
v 0.2080650000000001 1.237655 0.687648125
v 0.2080650000000001 1.237655 0.8130643750000001
v 0.762345 1.7919349999999998 0.8130643750000001
v 0.4376550000000001 1.7919349999999998 0.687648125
v 0.4376550000000001 1.7919349999999998 0.8130643750000001
v 0.2080650000000001 1.5623449999999999 0.687648125
v 0.762345 1.7919349999999998 0.687648125
v 0.991935 1.237655 0.6876475
v 0.991935 1.5623449999999999 0.8130643750000001
v 0.991935 1.5623449999999999 0.6876475
v 0.991935 1.237655 0.8130643750000001
v 1.1650681250000001 1.2170462499999999 0.6876475
v 0.4376550000000001 1.008065 0.8130643750000001
v 0.41704625000000006 0.8349318749999999 0.687648125
v 0.03493187500000006 1.58295375 0.8130643750000001
v 0.03493187500000006 1.58295375 0.687648125
v 0.7829537500000001 1.965068125 0.687648125
v 1.023243125 0.98949625 0.8130643750000001
v 0.8134037500000001 0.96106125 0.687648125
v 1.023243125 0.98949625 0.6876475
v 0.1610612500000001 1.18659625 0.8130643750000001
v 0.1894962500000001 0.976756875 0.687648125
v 0.1894962500000001 0.976756875 0.8130643750000001
v 0.3865962500000001 1.8389387499999998 0.8130643750000001
v 0.1767581250000001 1.8105037499999999 0.687648125
v 0.1767581250000001 1.8105037499999999 0.8130643750000001
v 1.03893875 1.6134037499999998 0.8130643750000001
v 1.01050375 1.823241875 0.6876475
v 1.01050375 1.823241875 0.8130643750000001
v 1.1650681250000001 1.2170462499999999 0.8130643750000001
v 0.8134037500000001 0.96106125 0.8130643750000001
v 0.1610612500000001 1.18659625 0.687648125
v 0.41704625000000006 0.8349318749999999 0.8130643750000001
v 0.3865962500000001 1.8389387499999998 0.687648125
v 1.03893875 1.6134037499999998 0.6876475
v 0.7829537500000001 1.965068125 0.8130643750000001
v 0.3000262500000001 1.10002625 0.6835862500000001
v 0.6000000000000001 0.975771875 0.55817
v 0.6000000000000001 0.975771875 0.6835862500000001
v 0.3000262500000001 1.6999737499999998 0.6835862500000001
v 0.17577187500000008 1.4 0.55817
v 0.17577187500000008 1.4 0.6835862500000001
v 0.89997375 1.6999737499999998 0.6835862500000001
v 0.6000000000000001 1.8242281249999999 0.55817
v 0.6000000000000001 1.8242281249999999 0.6835862500000001
v 0.3000262500000001 1.6999737499999998 0.55817
v 0.89997375 1.6999737499999998 0.55817
v 0.89997375 1.10002625 0.558169375
v 1.024228125 1.4 0.6835862500000001
v 1.024228125 1.4 0.558169375
v 0.89997375 1.10002625 0.6835862500000001
v 1.05204125 1.01473 0.558169375
v 0.2147300000000001 0.94795875 0.55817
v 0.3000262500000001 1.10002625 0.55817
v 0.14795875000000008 1.78527 0.55817
v 0.9852700000000001 1.8520412499999999 0.6835862500000001
v 0.9852700000000001 1.8520412499999999 0.558169375
v 0.6291850000000001 0.9128068749999999 0.6835862500000001
v 0.8339318750000001 0.8587762499999999 0.558169375
v 0.8339318750000001 0.8587762499999999 0.6835862500000001
v 0.11280812500000009 1.370815 0.6835862500000001
v 0.058776250000000085 1.1660681249999998 0.55817
v 0.058776250000000085 1.1660681249999998 0.6835862500000001
v 0.5708150000000001 1.887193125 0.6835862500000001
v 0.3660681250000001 1.9412237499999998 0.55817
v 0.3660681250000001 1.9412237499999998 0.6835862500000001
v 1.0871931250000002 1.429185 0.6835862500000001
v 1.14122375 1.633931875 0.558169375
v 1.14122375 1.633931875 0.6835862500000001
v 0.6291850000000001 0.9128068749999999 0.55817
v 1.05204125 1.01473 0.6835862500000001
v 0.11280687500000008 1.370815 0.55817
v 0.2147300000000001 0.94795875 0.6835862500000001
v 0.5708150000000001 1.887193125 0.55817
v 0.14795875000000008 1.78527 0.6835862500000001
v 1.0871931250000002 1.429185 0.558169375
v 0.4376550000000001 1.008065 0.55957625
v 0.2080650000000001 1.237655 0.434159375
v 0.4376550000000001 1.008065 0.434159375
v 0.4376550000000001 1.7919349999999998 0.55957625
v 0.2080650000000001 1.5623449999999999 0.43416
v 0.2080650000000001 1.5623449999999999 0.55957625
v 0.991935 1.5623449999999999 0.55957625
v 0.762345 1.7919349999999998 0.434159375
v 0.762345 1.7919349999999998 0.55957625
v 0.4376550000000001 1.7919349999999998 0.434159375
v 0.991935 1.5623449999999999 0.434159375
v 0.762345 1.008065 0.434159375
v 0.762345 1.008065 0.55957625
v 0.991935 1.237655 0.434159375
v 0.991935 1.237655 0.55957625
v 0.870195 0.8710681249999999 0.55957625
v 0.870195 0.8710681249999999 0.434159375
v 0.2080650000000001 1.237655 0.55957625
v 0.07106812500000004 1.129805 0.43416
v 0.32980500000000007 1.928931875 0.43416
v 1.1289318750000001 1.6701949999999999 0.55957625
v 1.1289318750000001 1.6701949999999999 0.434159375
v 0.4405231250000001 0.9387237499999999 0.55957625
v 0.6090068750000001 0.8104518749999999 0.434159375
v 0.6090068750000001 0.8104518749999999 0.55957625
v 0.1387237500000001 1.5594768749999999 0.55957625
v 0.01045187500000011 1.3909931249999998 0.43416
v 0.01045187500000011 1.3909931249999998 0.55957625
v 0.5909931250000001 1.9895481249999998 0.55957625
v 0.759476875 1.86127625 0.434159375
v 0.5909931250000001 1.9895481249999998 0.434159375
v 1.0612762500000001 1.240523125 0.55957625
v 1.189548125 1.409006875 0.434159375
v 1.189548125 1.409006875 0.55957625
v 0.4405231250000001 0.9387237499999999 0.434159375
v 0.1387237500000001 1.5594768749999999 0.43416
v 0.07106812500000004 1.129805 0.55957625
v 0.32980500000000007 1.928931875 0.55957625
v 0.759476875 1.86127625 0.55957625
v 1.0612762500000001 1.240523125 0.434159375
v 0.4376550000000001 1.008065 1.0645025000000001
v 0.2080650000000001 1.237655 0.9390850000000001
v 0.4376550000000001 1.008065 0.9390850000000001
v 0.4376550000000001 1.7919349999999998 1.0645025000000001
v 0.2080650000000001 1.5623449999999999 0.9390850000000001
v 0.2080650000000001 1.5623449999999999 1.0645025000000001
v 0.991935 1.5623449999999999 1.0645025000000001
v 0.762345 1.7919349999999998 0.9390850000000001
v 0.762345 1.7919349999999998 1.0645025000000001
v 0.4376550000000001 1.7919349999999998 0.9390850000000001
v 0.991935 1.5623449999999999 0.9390850000000001
v 0.762345 1.008065 0.9390850000000001
v 0.762345 1.008065 1.0645025000000001
v 0.991935 1.237655 0.9390850000000001
v 0.991935 1.237655 1.0645025000000001
v 0.870195 0.8710681249999999 1.0645025000000001
v 0.870195 0.8710681249999999 0.9390850000000001
v 0.2080650000000001 1.237655 1.0645025000000001
v 0.07106812500000004 1.129805 0.9390850000000001
v 0.32980500000000007 1.928931875 1.0645025000000001
v 0.32980500000000007 1.928931875 0.9390850000000001
v 1.1289318750000001 1.6701949999999999 0.9390850000000001
v 0.4405231250000001 0.9387237499999999 1.0645025000000001
v 0.6090068750000001 0.8104518749999999 0.9390850000000001
v 0.6090068750000001 0.8104518749999999 1.0645025000000001
v 0.01045187500000011 1.3909931249999998 1.0645025000000001
v 0.1387237500000001 1.5594768749999999 0.9390850000000001
v 0.01045187500000011 1.3909931249999998 0.9390850000000001
v 0.759476875 1.86127625 1.0645025000000001
v 0.5909931250000001 1.9895481249999998 0.9390850000000001
v 0.5909931250000001 1.9895481249999998 1.0645025000000001
v 1.189548125 1.409006875 1.0645025000000001
v 1.0612762500000001 1.240523125 0.9390850000000001
v 1.189548125 1.409006875 0.9390850000000001
v 0.4405231250000001 0.9387237499999999 0.9390850000000001
v 0.07106812500000004 1.129805 1.0645025000000001
v 0.1387237500000001 1.5594768749999999 1.0645025000000001
v 0.759476875 1.86127625 0.9390850000000001
v 1.1289318750000001 1.6701949999999999 1.0645025000000001
v 1.0612762500000001 1.240523125 1.0645025000000001
v 1.024228125 1.4 -1.0857225000000001
v 0.89997375 1.6999737499999998 -0.8340025
v 0.762345 1.008065 0.053567500000000004
v 0.3000262500000001 1.6999737499999998 0.1775775
v 0.6000000000000001 0.975771875 0.432425
vt 0.2431771484375 0.82693359375
vt 0.2353384765625 0.806640625
vt 0.2431771484375 0.806640625
vt 0.0088021484375 0.8125
vt 0.0009634765625 0.79220703125
vt 0.0088021484375 0.79220703125
vt 0.2040884765625 0.83908203125
vt 0.2119271484375 0.859375
vt 0.2040884765625 0.859375
vt 0.306834375 0.609921875
vt 0.2693375 0.609921875
vt 0.2693375 0.572425
vt 0.0165884765625 0.912109375
vt 0.0244271484375 0.932402734375
vt 0.0165884765625 0.932402734375
vt 0.0693359375 0.609875
vt 0.042821875 0.5833609375
vt 0.0693359375 0.556846875
vt 0.2470572265625 0.5859375
vt 0.2548958984375 0.5750402343750001
vt 0.2548958984375 0.5859375
vt 0.2744009765625 0.6358972656249999
vt 0.2822396484375 0.625
vt 0.2822396484375 0.6358972656249999
vt 0.4189583984375 0.6328125
vt 0.4111197265625 0.6437097656249999
vt 0.4111197265625 0.6328125
vt 0.0634896484375 0.989102734375
vt 0.0556509765625 1
vt 0.0556509765625 0.989102734375
vt 0.3759896484375 0.898000390625
vt 0.3681509765625 0.884765625
vt 0.3759896484375 0.884765625
vt 0.3056771484375 0.6640625
vt 0.2978384765625 0.650827734375
vt 0.3056771484375 0.650827734375
vt 0.5009634765625 0.631296484375
vt 0.5088021484375 0.64453125
vt 0.5009634765625 0.64453125
vt 0.0009634765625 0.677734375
vt 0.0088021484375 0.690969140625
vt 0.0009634765625 0.690969140625
vt 0.2693375 0.572425
vt 0.273465234375 0.557346875
vt 0.28626171875 0.560723828125
vt 0.4540884765625 0.901523828125
vt 0.4619271484375 0.884765625
vt 0.4619271484375 0.901523828125
vt 0.3291146484375 0.463321875
vt 0.3212759765625 0.458984375
vt 0.3291146484375 0.458984375
vt 0.0693359375 0.556846875
vt 0.083956640625 0.549534375
vt 0.097588671875 0.5592816406250001
vt 0.306834375 0.572425
vt 0.3219125 0.576552734375
vt 0.318535546875 0.58934921875
vt 0.0088021484375 0.553867578125
vt 0.0009634765625 0.537109375
vt 0.0088021484375 0.537109375
vt 0.1728384765625 0.453125
vt 0.1806771484375 0.448787890625
vt 0.1806771484375 0.453125
vt 0.042821875 0.5833609375
vt 0.035509375 0.568740234375
vt 0.045256640625 0.555108203125
vt 0.306834375 0.609921875
vt 0.302706640625 0.625
vt 0.28991015625 0.6216230468749999
vt 0.4814583984375 0.75390625
vt 0.4736197265625 0.7371484374999999
vt 0.4814583984375 0.7371484374999999
vt 0.1142708984375 0.6831625
vt 0.1064322265625 0.6875
vt 0.1064322265625 0.6831625
vt 0.0693359375 0.609875
vt 0.054715234375 0.6171875
vt 0.041083203125 0.607440234375
vt 0.2693375 0.609921875
vt 0.254259375 0.605794140625
vt 0.257636328125 0.59299765625
vt 0.0634634765625 0.546875
vt 0.0713021484375 0.530116796875
vt 0.0713021484375 0.546875
vt 0.3603646484375 0.685546875
vt 0.3525259765625 0.689884375
vt 0.3525259765625 0.685546875
vt 0.09585 0.5833609375
vt 0.1031625 0.597981640625
vt 0.093415234375 0.611613671875
vt 0.438463671875 0.740234375
vt 0.446301953125 0.76052734375
vt 0.438463671875 0.76052734375
vt 0.239270703125 0.596465234375
vt 0.231432421875 0.576171875
vt 0.239270703125 0.576171875
vt 0.446301953125 0.87109375
vt 0.438463671875 0.85080078125
vt 0.446301953125 0.85080078125
vt 0.1729984375 0.853620703125
vt 0.146484375 0.880134765625
vt 0.1199703125 0.853620703125
vt 0.442369921875 0.734375
vt 0.450208203125 0.71408203125
vt 0.450208203125 0.734375
vt 0.0183609375 0.876275390625
vt 0.0183609375 0.838778515625
vt 0.0558578125 0.838778515625
vt 0.000963671875 0.45394648437499996
vt 0.008801953125 0.46484375
vt 0.000963671875 0.46484375
vt 0.532213671875 0.66015625
vt 0.540051953125 0.6492589843750001
vt 0.540051953125 0.66015625
vt 0.532213671875 0.6437097656249999
vt 0.540051953125 0.6328125
vt 0.540051953125 0.6437097656249999
vt 0.540051953125 0.78125
vt 0.532213671875 0.792147265625
vt 0.532213671875 0.78125
vt 0.516588671875 0.628469140625
vt 0.524426953125 0.615234375
vt 0.524426953125 0.628469140625
vt 0.071301953125 0.48003164062500003
vt 0.063463671875 0.466796875
vt 0.071301953125 0.466796875
vt 0.528333203125 0.84375
vt 0.520494921875 0.830515234375
vt 0.528333203125 0.830515234375
vt 0.3603386328125 0.47504632812500003
vt 0.3681769140625 0.48828109374999995
vt 0.3603386328125 0.48828109374999995
vt 0.1199703125 0.853620703125
vt 0.112226953125 0.840040234375
vt 0.123663671875 0.833379296875
vt 0.485338671875 0.869140625
vt 0.493176953125 0.885898828125
vt 0.485338671875 0.885898828125
vt 0.555676953125 0.932071875
vt 0.547838671875 0.927734375
vt 0.555676953125 0.927734375
vt 0.0558578125 0.838778515625
vt 0.071366796875 0.843946484375
vt 0.074113671875 0.860477734375
vt 0.146484375 0.8271066406250001
vt 0.16006484375 0.81936328125
vt 0.16672578125 0.8308
vt 0.008801953125 0.490234375
vt 0.000963671875 0.506992578125
vt 0.000963671875 0.490234375
vt 0.543932421875 0.5859375
vt 0.551770703125 0.5816
vt 0.551770703125 0.5859375
vt 0.0183609375 0.838778515625
vt 0.02352890625 0.82326953125
vt 0.04006015625 0.82052265625
vt 0.1729984375 0.853620703125
vt 0.180741796875 0.867201171875
vt 0.169305078125 0.873862109375
vt 0.504895703125 0.7109375
vt 0.497057421875 0.6941796874999999
vt 0.504895703125 0.6941796874999999
vt 0.555676953125 0.9175375
vt 0.547838671875 0.921875
vt 0.547838671875 0.9175375
vt 0.0183609375 0.876275390625
vt 0.002851953125 0.871107421875
vt 0.000105078125 0.854576171875
vt 0.146484375 0.880134765625
vt 0.13290390625 0.887878125
vt 0.12624296875 0.87644140625
vt 0.497057421875 0.5691796874999999
vt 0.504895703125 0.5859375
vt 0.497057421875 0.5859375
vt 0.157213671875 0.447265625
vt 0.165051953125 0.451603125
vt 0.157213671875 0.451603125
vt 0.0558578125 0.876275390625
vt 0.05068984375 0.891784375
vt 0.03415859375 0.89453125
vt 0.1025521484375 0.99880859375
vt 0.0947134765625 0.978515625
vt 0.1025521484375 0.978515625
vt 0.1533333984375 0.921875
vt 0.1454947265625 0.90158203125
vt 0.1533333984375 0.90158203125
vt 0.1298697265625 0.90158203125
vt 0.1377083984375 0.921875
vt 0.1298697265625 0.921875
vt 0.258193359375 0.98764921875
vt 0.22355078125 0.973299609375
vt 0.237900390625 0.93865703125
vt 0.0009634765625 0.818359375
vt 0.0088021484375 0.83865234375
vt 0.0009634765625 0.83865234375
vt 0.254287109375 0.78061796875
vt 0.21964453125 0.766268359375
vt 0.233994140625 0.73162578125
vt 0.1142447265625 0.93359375
vt 0.1220833984375 0.922696484375
vt 0.1220833984375 0.93359375
vt 0.1572134765625 0.893709765625
vt 0.1650521484375 0.8828125
vt 0.1650521484375 0.893709765625
vt 0.5361458984375 0.74609375
vt 0.5283072265625 0.756990625
vt 0.5283072265625 0.74609375
vt 0.5283333984375 0.5555089843750001
vt 0.5204947265625 0.56640625
vt 0.5204947265625 0.5555089843750001
vt 0.2197396484375 0.999562890625
vt 0.2119009765625 0.986328125
vt 0.2197396484375 0.986328125
vt 0.5048958984375 0.51171875
vt 0.4970572265625 0.49848398437499997
vt 0.5048958984375 0.49848398437499997
vt 0.1689322265625 0.953125
vt 0.1767708984375 0.939890234375
vt 0.1767708984375 0.953125
vt 0.1064322265625 0.878469140625
vt 0.1142708984375 0.865234375
vt 0.1142708984375 0.878469140625
vt 0.237900390625 0.93865703125
vt 0.247483984375 0.92630625
vt 0.2580140625 0.9343234375
vt 0.1845572265625 0.748046875
vt 0.1923958984375 0.764805078125
vt 0.1845572265625 0.764805078125
vt 0.5361197265625 0.850040625
vt 0.5439583984375 0.845703125
vt 0.5439583984375 0.850040625
vt 0.233994140625 0.73162578125
vt 0.244703515625 0.719275
vt 0.261027734375 0.723063671875
vt 0.27254296875 0.953006640625
vt 0.28489375 0.962590234375
vt 0.2768765625 0.9731203125
vt 0.4775521484375 0.8585546875
vt 0.4697134765625 0.841796875
vt 0.4775521484375 0.841796875
vt 0.0322134765625 0.4609375
vt 0.0400521484375 0.4566
vt 0.0400521484375 0.4609375
vt 0.21964453125 0.766268359375
vt 0.20729375 0.755558984375
vt 0.211082421875 0.739234765625
vt 0.258193359375 0.98764921875
vt 0.248609765625 1
vt 0.2380796875 0.9919828125
vt 0.0244271484375 0.90625
vt 0.0165884765625 0.889491796875
vt 0.0244271484375 0.889491796875
vt 0.5439583984375 0.4644125
vt 0.5361197265625 0.46875
vt 0.5361197265625 0.4644125
vt 0.254287109375 0.78061796875
vt 0.243577734375 0.79296875
vt 0.227253515625 0.789180078125
vt 0.22355078125 0.973299609375
vt 0.2112 0.963716015625
vt 0.2192171875 0.9531859375
vt 0.0009634765625 0.983241796875
vt 0.0088021484375 1
vt 0.0009634765625 1
vt 0.5478646484375 0.962890625
vt 0.5400259765625 0.967228125
vt 0.5400259765625 0.962890625
vt 0.26863671875 0.745975390625
vt 0.2809875 0.756684765625
vt 0.277198828125 0.773008984375
vt 0.3447396484375 0.61990234375
vt 0.3369009765625 0.599609375
vt 0.3447396484375 0.599609375
vt 0.0088021484375 0.61642578125
vt 0.0009634765625 0.63671875
vt 0.0009634765625 0.61642578125
vt 0.3798697265625 0.765625
vt 0.3877083984375 0.74533203125
vt 0.3877083984375 0.765625
vt 0.431834375 0.922421875
vt 0.3943375 0.922421875
vt 0.3943375 0.884925
vt 0.0009634765625 0.888671875
vt 0.0088021484375 0.908965234375
vt 0.0009634765625 0.908965234375
vt 0.4638671875 0.563
vt 0.437353125 0.5364859375
vt 0.4638671875 0.509971875
vt 0.5244009765625 0.80859375
vt 0.5322396484375 0.797696484375
vt 0.5322396484375 0.80859375
vt 0.0790884765625 0.47574101562500004
vt 0.0869271484375 0.46484375
vt 0.0869271484375 0.47574101562500004
vt 0.5322396484375 0.8125
vt 0.5244009765625 0.823397265625
vt 0.5244009765625 0.8125
vt 0.1025259765625 0.774258984375
vt 0.1103646484375 0.78515625
vt 0.1025259765625 0.78515625
vt 0.2197396484375 0.482421875
vt 0.2119009765625 0.49565664062500003
vt 0.2119009765625 0.482421875
vt 0.5127083984375 0.83203125
vt 0.5048697265625 0.818796484375
vt 0.5127083984375 0.818796484375
vt 0.1415884765625 0.48828125
vt 0.1494271484375 0.47504648437499997
vt 0.1494271484375 0.48828125
vt 0.1103384765625 0.49565664062500003
vt 0.1181771484375 0.482421875
vt 0.1181771484375 0.49565664062500003
vt 0.3943375 0.884925
vt 0.398465234375 0.869846875
vt 0.41126171875 0.873223828125
vt 0.4697134765625 0.865234375
vt 0.4775521484375 0.881992578125
vt 0.4697134765625 0.881992578125
vt 0.0556771484375 0.459415625
vt 0.0478384765625 0.455078125
vt 0.0556771484375 0.455078125
vt 0.4638671875 0.509971875
vt 0.478487890625 0.502659375
vt 0.492119921875 0.5124066406250001
vt 0.431834375 0.884925
vt 0.4469125 0.889052734375
vt 0.443535546875 0.90184921875
vt 0.1963021484375 0.517578125
vt 0.1884634765625 0.534336328125
vt 0.1884634765625 0.517578125
vt 0.2665884765625 0.46484375
vt 0.2744271484375 0.46050625
vt 0.2744271484375 0.46484375
vt 0.437353125 0.5364859375
vt 0.430040625 0.521865234375
vt 0.439787890625 0.508233203125
vt 0.431834375 0.922421875
vt 0.427706640625 0.9375
vt 0.41491015625 0.934123046875
vt 0.2431771484375 0.51953125
vt 0.2353384765625 0.5027734374999999
vt 0.2431771484375 0.5027734374999999
vt 0.5439583984375 0.77300625
vt 0.5361197265625 0.77734375
vt 0.5361197265625 0.77300625
vt 0.4638671875 0.563
vt 0.449246484375 0.5703125
vt 0.435614453125 0.560565234375
vt 0.3943375 0.922421875
vt 0.379259375 0.918294140625
vt 0.382636328125 0.90549765625
vt 0.1728384765625 0.53515625
vt 0.1806771484375 0.518398046875
vt 0.1806771484375 0.53515625
vt 0.2509634765625 0.458984375
vt 0.2588021484375 0.463321875
vt 0.2509634765625 0.463321875
vt 0.49038125 0.5364859375
vt 0.49769375 0.551106640625
vt 0.487946484375 0.564738671875
vt 0.204482421875 0.998073046875
vt 0.184189453125 0.990234375
vt 0.204482421875 0.990234375
vt 0.3603646484375 0.921875
vt 0.3525259765625 0.90158203125
vt 0.3603646484375 0.90158203125
vt 0.099013671875 0.761692578125
vt 0.078720703125 0.76953125
vt 0.078720703125 0.761692578125
vt 0.36922265625 0.7717046875
vt 0.334580078125 0.786054296875
vt 0.32023046875 0.75141171875
vt 0.3525259765625 0.69845703125
vt 0.3603646484375 0.71875
vt 0.3525259765625 0.71875
vt 0.115830078125 0.672773046875
vt 0.10148046875 0.63813046875
vt 0.136123046875 0.623780859375
vt 0.5204947265625 0.48828125
vt 0.5283333984375 0.47738398437499996
vt 0.5283333984375 0.48828125
vt 0.4853384765625 0.839022265625
vt 0.4931771484375 0.828125
vt 0.4931771484375 0.839022265625
vt 0.5283333984375 0.4921875
vt 0.5204947265625 0.5030847656249999
vt 0.5204947265625 0.4921875
vt 0.4658333984375 0.46957148437499996
vt 0.4579947265625 0.48046875
vt 0.4579947265625 0.46957148437499996
vt 0.0947134765625 0.49565664062500003
vt 0.1025521484375 0.482421875
vt 0.1025521484375 0.49565664062500003
vt 0.5127083984375 0.49175039062500003
vt 0.5048697265625 0.478515625
vt 0.5127083984375 0.478515625
vt 0.5205208984375 0.928171484375
vt 0.5126822265625 0.94140625
vt 0.5126822265625 0.928171484375
vt 0.1884634765625 0.47504648437499997
vt 0.1963021484375 0.48828125
vt 0.1884634765625 0.48828125
vt 0.32023046875 0.75141171875
vt 0.318273828125 0.7359015625
vt 0.331388671875 0.734124609375
vt 0.2197134765625 0.501953125
vt 0.2275521484375 0.5187109375000001
vt 0.2197134765625 0.5187109375000001
vt 0.1103384765625 0.459415625
vt 0.1181771484375 0.455078125
vt 0.1181771484375 0.459415625
vt 0.136123046875 0.623780859375
vt 0.152429296875 0.6226203125
vt 0.161293359375 0.6368421875
vt 0.354873046875 0.737062109375
vt 0.370383203125 0.73510546875
vt 0.37216015625 0.7482203125
vt 0.2119271484375 0.534336328125
vt 0.2040884765625 0.517578125
vt 0.2119271484375 0.517578125
vt 0.2353384765625 0.46484375
vt 0.2431771484375 0.46050625
vt 0.2431771484375 0.46484375
vt 0.10148046875 0.63813046875
vt 0.100319921875 0.62182421875
vt 0.114541796875 0.61296015625
vt 0.36922265625 0.7717046875
vt 0.371179296875 0.78721484375
vt 0.358064453125 0.788991796875
vt 0.4775521484375 0.90625
vt 0.4697134765625 0.889491796875
vt 0.4775521484375 0.889491796875
vt 0.0790884765625 0.4566
vt 0.0869271484375 0.4609375
vt 0.0790884765625 0.4609375
vt 0.115830078125 0.672773046875
vt 0.099523828125 0.67393359375
vt 0.090659765625 0.65971171875
vt 0.334580078125 0.786054296875
vt 0.319069921875 0.7880109375
vt 0.31729296875 0.77489609375
vt 0.0790884765625 0.5027734374999999
vt 0.0869271484375 0.51953125
vt 0.0790884765625 0.51953125
vt 0.5517708984375 0.724609375
vt 0.5439322265625 0.728946875
vt 0.5439322265625 0.724609375
vt 0.15047265625 0.6584234375
vt 0.151633203125 0.6747296875
vt 0.137411328125 0.68359375
vt 0.3798697265625 0.65505859375
vt 0.3877083984375 0.634765625
vt 0.3877083984375 0.65505859375
vt 0.0400521484375 0.900390625
vt 0.0322134765625 0.920683984375
vt 0.0322134765625 0.900390625
vt 0.2392708984375 0.625
vt 0.2314322265625 0.60470703125
vt 0.2392708984375 0.60470703125
vt 0.0636236328125 0.9629953125
vt 0.0371095703125 0.989509765625
vt 0.0105951171875 0.9629953125
vt 0.1376822265625 0.59298828125
vt 0.1455208984375 0.61328125
vt 0.1376822265625 0.61328125
vt 0.0652359375 0.829400390625
vt 0.0652359375 0.791903515625
vt 0.1027328125 0.791903515625
vt 0.5361458984375 0.934415234375
vt 0.5283072265625 0.9453125
vt 0.5283072265625 0.934415234375
vt 0.5244009765625 0.9609375
vt 0.5322396484375 0.950040234375
vt 0.5322396484375 0.9609375
vt 0.5283072265625 0.518709375
vt 0.5361458984375 0.5078125
vt 0.5361458984375 0.518709375
vt 0.5361458984375 0.5234375
vt 0.5283072265625 0.534334375
vt 0.5283072265625 0.5234375
vt 0.4736197265625 0.482421875
vt 0.4814583984375 0.49565664062500003
vt 0.4736197265625 0.49565664062500003
vt 0.1806771484375 0.48784414062500003
vt 0.1728384765625 0.474609375
vt 0.1806771484375 0.474609375
vt 0.5205208984375 0.73046875
vt 0.5126822265625 0.717233984375
vt 0.5205208984375 0.717233984375
vt 0.2275259765625 0.49609375
vt 0.2353646484375 0.48285898437499997
vt 0.2353646484375 0.49609375
vt 0.0105951171875 0.9629953125
vt 0.0028517578125 0.94941484375
vt 0.0142884765625 0.94275390625
vt 0.3876822265625 0.537109375
vt 0.3955208984375 0.553867578125
vt 0.3876822265625 0.553867578125
vt 0.0634634765625 0.459415625
vt 0.0713021484375 0.455078125
vt 0.0713021484375 0.459415625
vt 0.1027328125 0.791903515625
vt 0.118241796875 0.797071484375
vt 0.120988671875 0.813602734375
vt 0.0371095703125 0.936480859375
vt 0.05069015625 0.9287376953125
vt 0.0573508984375 0.9401745312500001
vt 0.4658333984375 0.737461328125
vt 0.4579947265625 0.720703125
vt 0.4658333984375 0.720703125
vt 0.5439583984375 0.83984375
vt 0.5361197265625 0.83550625
vt 0.5439583984375 0.83550625
vt 0.0652359375 0.791903515625
vt 0.07040390625 0.77639453125
vt 0.08693515625 0.77364765625
vt 0.0636236328125 0.9629953125
vt 0.071366953125 0.9765758203125
vt 0.0599301953125 0.98323671875
vt 0.4736458984375 0.71484375
vt 0.4658072265625 0.698085546875
vt 0.4736458984375 0.698085546875
vt 0.1025521484375 0.4566
vt 0.0947134765625 0.4609375
vt 0.0947134765625 0.4566
vt 0.0652359375 0.829400390625
vt 0.049726953125 0.824232421875
vt 0.046980078125 0.807701171875
vt 0.0371095703125 0.989509765625
vt 0.0235291015625 0.997253125
vt 0.0168681640625 0.98581640625
vt 0.4033072265625 0.518398046875
vt 0.4111458984375 0.53515625
vt 0.4033072265625 0.53515625
vt 0.5439322265625 0.736328125
vt 0.5517708984375 0.740665625
vt 0.5439322265625 0.740665625
vt 0.1027328125 0.829400390625
vt 0.09756484375 0.844909375
vt 0.08103359375 0.84765625
vt 0.0009634765625 0.74490234375
vt 0.0088021484375 0.724609375
vt 0.0088021484375 0.74490234375
vt 0.0088021484375 0.916015625
vt 0.0009634765625 0.936308984375
vt 0.0009634765625 0.916015625
vt 0.1963021484375 0.87109375
vt 0.1884634765625 0.85080078125
vt 0.1963021484375 0.85080078125
vt 0.1651861328125 0.962995078125
vt 0.138672734375 0.9895098046875
vt 0.1121576171875 0.96299640625
vt 0.1611197265625 0.65158203125
vt 0.1689583984375 0.671875
vt 0.1611197265625 0.671875
vt 0.1785171875 0.930962890625
vt 0.1785171875 0.893466015625
vt 0.2160140625 0.893466015625
vt 0.2040884765625 0.46566523437499996
vt 0.2119271484375 0.4765625
vt 0.2040884765625 0.4765625
vt 0.1689322265625 0.63671875
vt 0.1767708984375 0.6258214843750001
vt 0.1767708984375 0.63671875
vt 0.5283072265625 0.710115625
vt 0.5361458984375 0.69921875
vt 0.5361458984375 0.710115625
vt 0.2978646484375 0.4609375
vt 0.2900259765625 0.47183437500000003
vt 0.2900259765625 0.4609375
vt 0.4970572265625 0.517578125
vt 0.5048958984375 0.530812890625
vt 0.4970572265625 0.530812890625
vt 0.0869271484375 0.49565664062500003
vt 0.0790884765625 0.482421875
vt 0.0869271484375 0.482421875
vt 0.5166146484375 0.8125
vt 0.5087759765625 0.799265234375
vt 0.5166146484375 0.799265234375
vt 0.3564322265625 0.5546875
vt 0.3642708984375 0.541452734375
vt 0.3642708984375 0.5546875
vt 0.1121576953125 0.9629962890625
vt 0.1044143359375 0.9494158203125
vt 0.1158510546875 0.9427548828125
vt 0.3212759765625 0.599609375
vt 0.3291146484375 0.616367578125
vt 0.3212759765625 0.616367578125
vt 0.3447396484375 0.463321875
vt 0.3369009765625 0.458984375
vt 0.3447396484375 0.458984375
vt 0.2160140625 0.893466015625
vt 0.231523046875 0.898633984375
vt 0.234269921875 0.915165234375
vt 0.13867140625 0.9364816796875
vt 0.1522516796875 0.92873796875
vt 0.1589129296875 0.9401745312500001
vt 0.4306771484375 0.960117578125
vt 0.4228384765625 0.943359375
vt 0.4306771484375 0.943359375
vt 0.3017708984375 0.87890625
vt 0.2939322265625 0.87456875
vt 0.3017708984375 0.87456875
vt 0.1785171875 0.893466015625
vt 0.18368515625 0.87795703125
vt 0.20021640625 0.87521015625
vt 0.1651861328125 0.962995078125
vt 0.17292984375 0.9765753515625
vt 0.16149328125 0.9832365625
vt 0.4541146484375 0.59375
vt 0.4462759765625 0.576991796875
vt 0.4541146484375 0.576991796875
vt 0.5439583984375 0.56988125
vt 0.5361197265625 0.57421875
vt 0.5361197265625 0.56988125
vt 0.1785171875 0.930962890625
vt 0.163008203125 0.925794921875
vt 0.160261328125 0.909263671875
vt 0.138672734375 0.9895098046875
vt 0.1250923828125 0.997253359375
vt 0.1184312890625 0.9858167578125
vt 0.0478384765625 0.534023046875
vt 0.0556771484375 0.55078125
vt 0.0478384765625 0.55078125
vt 0.5400259765625 0.798828125
vt 0.5478646484375 0.803165625
vt 0.5400259765625 0.803165625
vt 0.2160140625 0.930962890625
vt 0.21084609375 0.946471875
vt 0.19431484375 0.94921875
vt 0.078720703125 0.861354296875
vt 0.099013671875 0.853515625
vt 0.099013671875 0.861354296875
vt 0.1338021484375 0.82421875
vt 0.1259634765625 0.80392578125
vt 0.1338021484375 0.80392578125
vt 0.156845703125 0.992161328125
vt 0.177138671875 1
vt 0.156845703125 1
vt 0.36922265625 0.6623296875
vt 0.334580078125 0.676679296875
vt 0.32023046875 0.64203671875
vt 0.0165884765625 0.79611328125
vt 0.0244271484375 0.81640625
vt 0.0165884765625 0.81640625
vt 0.354111328125 0.989179296875
vt 0.33976171875 0.95453671875
vt 0.374404296875 0.940187109375
vt 0.3369009765625 0.703125
vt 0.3447396484375 0.6922277343750001
vt 0.3447396484375 0.703125
vt 0.0322134765625 0.815584765625
vt 0.0400521484375 0.8046875
vt 0.0400521484375 0.815584765625
vt 0.1923697265625 0.65234375
vt 0.2002083984375 0.6632410156249999
vt 0.1923697265625 0.6632410156249999
vt 0.3095833984375 0.758633984375
vt 0.3017447265625 0.76953125
vt 0.3017447265625 0.758633984375
vt 0.2197134765625 0.847219140625
vt 0.2275521484375 0.833984375
vt 0.2275521484375 0.847219140625
vt 0.3369271484375 0.486328125
vt 0.3290884765625 0.49956289062500003
vt 0.3290884765625 0.486328125
vt 0.3525521484375 0.5
vt 0.3447134765625 0.48676523437499997
vt 0.3525521484375 0.48676523437499997
vt 0.5087759765625 0.947702734375
vt 0.5166146484375 0.9609375
vt 0.5087759765625 0.9609375
vt 0.32023046875 0.64203671875
vt 0.318273828125 0.6265265625
vt 0.331388671875 0.624749609375
vt 0.0478384765625 0.509765625
vt 0.0556771484375 0.5265234375000001
vt 0.0478384765625 0.5265234375000001
vt 0.5361197265625 0.490665625
vt 0.5439583984375 0.486328125
vt 0.5439583984375 0.490665625
vt 0.374404296875 0.940187109375
vt 0.390710546875 0.9390265625
vt 0.399574609375 0.9532484375
vt 0.354873046875 0.627687109375
vt 0.370383203125 0.62573046875
vt 0.37216015625 0.6388453125
vt 0.4775521484375 0.5890234375000001
vt 0.4697134765625 0.572265625
vt 0.4775521484375 0.572265625
vt 0.3252083984375 0.96875
vt 0.3173697265625 0.9644125
vt 0.3252083984375 0.9644125
vt 0.33976171875 0.95453671875
vt 0.338601171875 0.93823046875
vt 0.352823046875 0.92936640625
vt 0.36922265625 0.6623296875
vt 0.371179296875 0.67783984375
vt 0.358064453125 0.679616796875
vt 0.2822396484375 0.534023046875
vt 0.2744009765625 0.55078125
vt 0.2744009765625 0.534023046875
vt 0.3759634765625 0.46050625
vt 0.3838021484375 0.46484375
vt 0.3759634765625 0.46484375
vt 0.354111328125 0.989179296875
vt 0.337805078125 0.99033984375
vt 0.328941015625 0.97611796875
vt 0.334580078125 0.676679296875
vt 0.319069921875 0.6786359375
vt 0.31729296875 0.66552109375
vt 0.3798697265625 0.5144921874999999
vt 0.3877083984375 0.53125
vt 0.3798697265625 0.53125
vt 0.2119271484375 0.455078125
vt 0.2040884765625 0.459415625
vt 0.2040884765625 0.455078125
vt 0.38875390625 0.9748296875
vt 0.389914453125 0.9911359375
vt 0.375692578125 1
vt 0.219739453125 0.56130859375
vt 0.211901171875 0.541015625
vt 0.219739453125 0.541015625
vt 0.250989453125 0.5703125
vt 0.243151171875 0.55001953125
vt 0.250989453125 0.55001953125
vt 0.184557421875 0.54220703125
vt 0.192395703125 0.5625
vt 0.184557421875 0.5625
vt 0.486521875 0.984921875
vt 0.449025 0.984921875
vt 0.449025 0.947425
vt 0.407213671875 0.951171875
vt 0.415051953125 0.971465234375
vt 0.407213671875 0.971465234375
vt 0.4677734375 0.8208125
vt 0.441259375 0.7942984375
vt 0.4677734375 0.767784375
vt 0.532213671875 0.61328125
vt 0.540051953125 0.6023839843750001
vt 0.540051953125 0.61328125
vt 0.360338671875 0.46792851562500004
vt 0.368176953125 0.45703125
vt 0.368176953125 0.46792851562500004
vt 0.532213671875 0.6171875
vt 0.540051953125 0.6280847656249999
vt 0.532213671875 0.6280847656249999
vt 0.528333203125 0.46175898437499996
vt 0.520494921875 0.47265625
vt 0.520494921875 0.46175898437499996
vt 0.524426953125 0.862844140625
vt 0.516588671875 0.849609375
vt 0.524426953125 0.849609375
vt 0.524426953125 0.8828125
vt 0.516588671875 0.869577734375
vt 0.524426953125 0.869577734375
vt 0.5126823828125 0.6977025781249999
vt 0.5205206640625 0.71093734375
vt 0.5126823828125 0.71093734375
vt 0.516588671875 0.888671875
vt 0.524426953125 0.901906640625
vt 0.516588671875 0.901906640625
vt 0.449025 0.947425
vt 0.453152734375 0.932346875
vt 0.46594921875 0.935723828125
vt 0.032213671875 0.486328125
vt 0.040051953125 0.503086328125
vt 0.032213671875 0.503086328125
vt 0.547838671875 0.998478125
vt 0.555676953125 0.994140625
vt 0.555676953125 0.998478125
vt 0.4677734375 0.767784375
vt 0.482394140625 0.760471875
vt 0.496026171875 0.770219140625
vt 0.486521875 0.947425
vt 0.5016 0.951552734375
vt 0.498223046875 0.96434921875
vt 0.383801953125 0.506992578125
vt 0.375963671875 0.490234375
vt 0.383801953125 0.490234375
vt 0.543932421875 0.5390625
vt 0.551770703125 0.534725
vt 0.551770703125 0.5390625
vt 0.441259375 0.7942984375
vt 0.433946875 0.779677734375
vt 0.443694140625 0.766045703125
vt 0.486521875 0.984921875
vt 0.482394140625 1
vt 0.46959765625 0.996623046875
vt 0.434583203125 0.50390625
vt 0.426744921875 0.48714843750000003
vt 0.434583203125 0.48714843750000003
vt 0.1103384765625 0.7300375
vt 0.1181771484375 0.734375
vt 0.1103384765625 0.734375
vt 0.4677734375 0.8208125
vt 0.453152734375 0.828125
vt 0.439520703125 0.818377734375
vt 0.449025 0.984921875
vt 0.433946875 0.980794140625
vt 0.437323828125 0.96799765625
vt 0.016588671875 0.491054296875
vt 0.024426953125 0.5078125
vt 0.016588671875 0.5078125
vt 0.543932421875 0.544921875
vt 0.551770703125 0.549259375
vt 0.543932421875 0.549259375
vt 0.4942875 0.7942984375
vt 0.5016 0.808919140625
vt 0.491852734375 0.822551171875
vt 0.1298958984375 0.61599609375
vt 0.1220572265625 0.595703125
vt 0.1298958984375 0.595703125
vt 0.4033333984375 0.7890625
vt 0.3954947265625 0.76876953125
vt 0.4033333984375 0.76876953125
vt 0.0165884765625 0.59298828125
vt 0.0244271484375 0.61328125
vt 0.0165884765625 0.61328125
vt 0.262099609375 0.89389921875
vt 0.22745703125 0.879549609375
vt 0.241806640625 0.84490703125
vt 0.3954947265625 0.76052734375
vt 0.4033333984375 0.740234375
vt 0.4033333984375 0.76052734375
vt 0.301162109375 0.83530546875
vt 0.26651953125 0.820955859375
vt 0.280869140625 0.78631328125
vt 0.0947134765625 0.4765625
vt 0.1025521484375 0.46566523437499996
vt 0.1025521484375 0.4765625
vt 0.1103384765625 0.47574101562500004
vt 0.1181771484375 0.46484375
vt 0.1181771484375 0.47574101562500004
vt 0.5283072265625 0.5390625
vt 0.5361458984375 0.549959375
vt 0.5283072265625 0.549959375
vt 0.1338021484375 0.46175898437499996
vt 0.1259634765625 0.47265625
vt 0.1259634765625 0.46175898437499996
vt 0.5166146484375 0.654296875
vt 0.5087759765625 0.667531640625
vt 0.5087759765625 0.654296875
vt 0.5205208984375 0.75
vt 0.5126822265625 0.736765234375
vt 0.5205208984375 0.736765234375
vt 0.3134634765625 0.4921875
vt 0.3213021484375 0.47895273437499997
vt 0.3213021484375 0.4921875
vt 0.5048697265625 0.755859375
vt 0.5127083984375 0.769094140625
vt 0.5048697265625 0.769094140625
vt 0.241806640625 0.84490703125
vt 0.251390234375 0.83255625
vt 0.2619203125 0.8405734375
vt 0.0165884765625 0.513671875
vt 0.0244271484375 0.530430078125
vt 0.0165884765625 0.530430078125
vt 0.5400259765625 0.955509375
vt 0.5478646484375 0.951171875
vt 0.5478646484375 0.955509375
vt 0.280869140625 0.78631328125
vt 0.291578515625 0.7739625
vt 0.307902734375 0.777751171875
vt 0.27644921875 0.859256640625
vt 0.2888 0.868840234375
vt 0.2807828125 0.8793703125
vt 0.4892708984375 0.9327734375
vt 0.4814322265625 0.916015625
vt 0.4892708984375 0.916015625
vt 0.5439322265625 0.765625
vt 0.5517708984375 0.7612875
vt 0.5517708984375 0.765625
vt 0.26651953125 0.820955859375
vt 0.25416875 0.810246484375
vt 0.257957421875 0.793922265625
vt 0.262099609375 0.89389921875
vt 0.252516015625 0.90625
vt 0.2419859375 0.8982328125
vt 0.0088021484375 0.53125
vt 0.0009634765625 0.514491796875
vt 0.0088021484375 0.514491796875
vt 0.1338021484375 0.45269375
vt 0.1259634765625 0.45703125
vt 0.1259634765625 0.45269375
vt 0.301162109375 0.83530546875
vt 0.290452734375 0.84765625
vt 0.274128515625 0.843867578125
vt 0.22745703125 0.879549609375
vt 0.21510625 0.869966015625
vt 0.2231234375 0.8594359375
vt 0.3642447265625 0.53515625
vt 0.3720833984375 0.518398046875
vt 0.3720833984375 0.53515625
vt 0.5517708984375 0.748046875
vt 0.5439322265625 0.752384375
vt 0.5439322265625 0.748046875
vt 0.31551171875 0.800662890625
vt 0.3278625 0.811372265625
vt 0.324073828125 0.827696484375
vt 0.3447396484375 0.72927734375
vt 0.3369009765625 0.708984375
vt 0.3447396484375 0.708984375
vt 0.0088021484375 0.609375
vt 0.0009634765625 0.58908203125
vt 0.0088021484375 0.58908203125
vt 0.2822134765625 0.64376953125
vt 0.2900521484375 0.6640625
vt 0.2822134765625 0.6640625
vt 0.094130859375 0.73374296875
vt 0.05948828125 0.7193933593749999
vt 0.073837890625 0.68475078125
vt 0.3525259765625 0.60818359375
vt 0.3603646484375 0.587890625
vt 0.3603646484375 0.60818359375
vt 0.195693359375 0.72983671875
vt 0.16105078125 0.7154871093749999
vt 0.175400390625 0.68084453125
vt 0.3525521484375 0.48046875
vt 0.3447134765625 0.46957148437499996
vt 0.3525521484375 0.46957148437499996
vt 0.4228384765625 0.47964726562500004
vt 0.4306771484375 0.46875
vt 0.4306771484375 0.47964726562500004
vt 0.5361458984375 0.71484375
vt 0.5283072265625 0.725740625
vt 0.5283072265625 0.71484375
vt 0.4814583984375 0.46566523437499996
vt 0.4736197265625 0.4765625
vt 0.4736197265625 0.46566523437499996
vt 0.5127083984375 0.562062890625
vt 0.5048697265625 0.548828125
vt 0.5127083984375 0.548828125
vt 0.1650521484375 0.48828125
vt 0.1572134765625 0.47504648437499997
vt 0.1650521484375 0.47504648437499997
vt 0.5048697265625 0.674265234375
vt 0.5127083984375 0.6875
vt 0.5048697265625 0.6875
vt 0.5009634765625 0.611328125
vt 0.5088021484375 0.624562890625
vt 0.5009634765625 0.624562890625
vt 0.073837890625 0.68475078125
vt 0.083421484375 0.6724
vt 0.0939515625 0.6804171875
vt 0.4658072265625 0.928867578125
vt 0.4736458984375 0.912109375
vt 0.4736458984375 0.928867578125
vt 0.4540884765625 0.463321875
vt 0.4619271484375 0.458984375
vt 0.4619271484375 0.463321875
vt 0.175400390625 0.68084453125
vt 0.186109765625 0.66849375
vt 0.202433984375 0.672282421875
vt 0.10848046875 0.699100390625
vt 0.12083125 0.708683984375
vt 0.1128140625 0.7192140625
vt 0.0400521484375 0.5265234375000001
vt 0.0322134765625 0.509765625
vt 0.0400521484375 0.509765625
vt 0.4697134765625 0.4609375
vt 0.4775521484375 0.4566
vt 0.4775521484375 0.4609375
vt 0.16105078125 0.7154871093749999
vt 0.1487 0.704777734375
vt 0.152488671875 0.688453515625
vt 0.094130859375 0.73374296875
vt 0.084547265625 0.74609375
vt 0.0740171875 0.7380765625
vt 0.4697396484375 0.61328125
vt 0.4619009765625 0.596523046875
vt 0.4697396484375 0.596523046875
vt 0.5478646484375 0.6675375
vt 0.5400259765625 0.671875
vt 0.5400259765625 0.6675375
vt 0.195693359375 0.72983671875
vt 0.184983984375 0.7421875
vt 0.168659765625 0.738398828125
vt 0.05948828125 0.7193933593749999
vt 0.0471375 0.709809765625
vt 0.0551546875 0.6992796875
vt 0.2431509765625 0.526210546875
vt 0.2509896484375 0.54296875
vt 0.2431509765625 0.54296875
vt 0.5517708984375 0.939453125
vt 0.5439322265625 0.943790625
vt 0.5439322265625 0.939453125
vt 0.21004296875 0.695194140625
vt 0.22239375 0.705903515625
vt 0.218605078125 0.722227734375
vt 0.024426953125 0.58474609375
vt 0.016588671875 0.564453125
vt 0.024426953125 0.564453125
vt 0.418958203125 0.75705078125
vt 0.411119921875 0.77734375
vt 0.411119921875 0.75705078125
vt 0.415026171875 0.97970703125
vt 0.422864453125 1
vt 0.415026171875 1
vt 0.341990625 0.551328125
vt 0.30449375 0.551328125
vt 0.30449375 0.51383125
vt 0.399401171875 0.978515625
vt 0.407239453125 0.998808984375
vt 0.399401171875 0.998808984375
vt 0.4677734375 0.67628125
vt 0.441259375 0.6497671875
vt 0.4677734375 0.623253125
vt 0.188463671875 0.46875
vt 0.196301953125 0.45785273437499996
vt 0.196301953125 0.46875
vt 0.532213671875 0.866366015625
vt 0.540051953125 0.85546875
vt 0.540051953125 0.866366015625
vt 0.172838671875 0.45703125
vt 0.180676953125 0.46792851562500004
vt 0.172838671875 0.46792851562500004
vt 0.497083203125 0.46175898437499996
vt 0.489244921875 0.47265625
vt 0.489244921875 0.46175898437499996
vt 0.520520703125 0.542531640625
vt 0.512682421875 0.529296875
vt 0.520520703125 0.529296875
vt 0.520520703125 0.5859375
vt 0.512682421875 0.572702734375
vt 0.520520703125 0.572702734375
vt 0.375963671875 0.47114023437499997
vt 0.383801953125 0.484375
vt 0.375963671875 0.484375
vt 0.407213671875 0.474609375
vt 0.415051953125 0.48784414062500003
vt 0.407213671875 0.48784414062500003
vt 0.30449375 0.51383125
vt 0.308621484375 0.498753125
vt 0.32141796875 0.502130078125
vt 0.411119921875 0.494140625
vt 0.418958203125 0.510898828125
vt 0.411119921875 0.510898828125
vt 0.543932421875 0.514103125
vt 0.551770703125 0.509765625
vt 0.551770703125 0.514103125
vt 0.4677734375 0.623253125
vt 0.482394140625 0.615940625
vt 0.496026171875 0.6256878906250001
vt 0.341990625 0.51383125
vt 0.35706875 0.517958984375
vt 0.353691796875 0.53075546875
vt 0.172864453125 0.510898828125
vt 0.165026171875 0.494140625
vt 0.172864453125 0.494140625
vt 0.543932421875 0.59765625
vt 0.551770703125 0.59331875
vt 0.551770703125 0.59765625
vt 0.441259375 0.6497671875
vt 0.433946875 0.635146484375
vt 0.443694140625 0.621514453125
vt 0.341990625 0.551328125
vt 0.337862890625 0.56640625
vt 0.32506640625 0.5630292968749999
vt 0.504895703125 0.7176171874999999
vt 0.497057421875 0.734375
vt 0.497057421875 0.7176171874999999
vt 0.551770703125 0.70269375
vt 0.543932421875 0.70703125
vt 0.543932421875 0.70269375
vt 0.4677734375 0.67628125
vt 0.453152734375 0.68359375
vt 0.439520703125 0.673846484375
vt 0.30449375 0.551328125
vt 0.289415625 0.547200390625
vt 0.292792578125 0.53440390625
vt 0.485338671875 0.893398046875
vt 0.493176953125 0.91015625
vt 0.485338671875 0.91015625
vt 0.305676953125 0.451171875
vt 0.297838671875 0.455509375
vt 0.297838671875 0.451171875
vt 0.4942875 0.6497671875
vt 0.5016 0.664387890625
vt 0.491852734375 0.678019921875
vt 0.180283203125 0.982448046875
vt 0.200576171875 0.974609375
vt 0.200576171875 0.982448046875
vt 0.0088021484375 0.71875
vt 0.0009634765625 0.69845703125
vt 0.0088021484375 0.69845703125
vt 0.200576171875 0.960911328125
vt 0.180283203125 0.96875
vt 0.180283203125 0.960911328125
vt 0.42781640625 0.8302984375
vt 0.393173828125 0.844648046875
vt 0.37882421875 0.81000546875
vt 0.2822134765625 0.97970703125
vt 0.2900521484375 1
vt 0.2822134765625 1
vt 0.178330078125 0.618085546875
vt 0.16398046875 0.58344296875
vt 0.198623046875 0.569093359375
vt 0.2431509765625 0.48046875
vt 0.2509896484375 0.46957148437499996
vt 0.2509896484375 0.48046875
vt 0.1415884765625 0.811678515625
vt 0.1494271484375 0.80078125
vt 0.1494271484375 0.811678515625
vt 0.5204947265625 0.76171875
vt 0.5283333984375 0.772616015625
vt 0.5204947265625 0.772616015625
vt 0.4345833984375 0.6570714843750001
vt 0.4267447265625 0.66796875
vt 0.4267447265625 0.6570714843750001
vt 0.5009634765625 0.999562890625
vt 0.5088021484375 0.986328125
vt 0.5088021484375 0.999562890625
vt 0.5088021484375 0.591796875
vt 0.5009634765625 0.605031640625
vt 0.5009634765625 0.591796875
vt 0.4658333984375 0.48676523437499997
vt 0.4579947265625 0.5
vt 0.4579947265625 0.48676523437499997
vt 0.2978384765625 0.47895273437499997
vt 0.3056771484375 0.4921875
vt 0.2978384765625 0.4921875
vt 0.37882421875 0.81000546875
vt 0.376867578125 0.7944953125
vt 0.389982421875 0.792718359375
vt 0.0790884765625 0.525390625
vt 0.0869271484375 0.542148828125
vt 0.0790884765625 0.542148828125
vt 0.5361197265625 0.478946875
vt 0.5439583984375 0.474609375
vt 0.5439583984375 0.478946875
vt 0.198623046875 0.569093359375
vt 0.214929296875 0.5679328125
vt 0.223793359375 0.5821546875
vt 0.413466796875 0.795655859375
vt 0.428976953125 0.79369921875
vt 0.43075390625 0.8068140625
vt 0.2822396484375 0.5265234375000001
vt 0.2744009765625 0.509765625
vt 0.2822396484375 0.509765625
vt 0.1845572265625 0.63671875
vt 0.1923958984375 0.63238125
vt 0.1923958984375 0.63671875
vt 0.16398046875 0.58344296875
vt 0.162819921875 0.56713671875
vt 0.177041796875 0.55827265625
vt 0.42781640625 0.8302984375
vt 0.429773046875 0.84580859375
vt 0.416658203125 0.847585546875
vt 0.4619271484375 0.76171875
vt 0.4540884765625 0.744960546875
vt 0.4619271484375 0.744960546875
vt 0.5361197265625 0.5581625
vt 0.5439583984375 0.5625
vt 0.5361197265625 0.5625
vt 0.178330078125 0.618085546875
vt 0.162023828125 0.61924609375
vt 0.153159765625 0.60502421875
vt 0.393173828125 0.844648046875
vt 0.377663671875 0.8466046875
vt 0.37588671875 0.83348984375
vt 0.2587759765625 0.5105859374999999
vt 0.2666146484375 0.52734375
vt 0.2587759765625 0.52734375
vt 0.5478646484375 0.677734375
vt 0.5400259765625 0.682071875
vt 0.5400259765625 0.677734375
vt 0.21297265625 0.6037359375
vt 0.214133203125 0.6200421875
vt 0.199911328125 0.62890625
vt 0.3134634765625 0.99880859375
vt 0.3213021484375 0.978515625
vt 0.3213021484375 0.99880859375
vt 0.0869271484375 0.998808984375
vt 0.0790884765625 0.978515625
vt 0.0869271484375 0.978515625
vt 0.2939583984375 0.76953125
vt 0.2861197265625 0.74923828125
vt 0.2939583984375 0.74923828125
vt 0.2198734375 0.806745703125
vt 0.193359375 0.833259765625
vt 0.1668453125 0.806745703125
vt 0.1767447265625 0.64376953125
vt 0.1845833984375 0.6640625
vt 0.1767447265625 0.6640625
vt 0.0691421875 0.92315
vt 0.0691421875 0.885653125
vt 0.1066390625 0.885653125
vt 0.5322396484375 0.6648839843750001
vt 0.5244009765625 0.67578125
vt 0.5244009765625 0.6648839843750001
vt 0.2666146484375 0.48046875
vt 0.2587759765625 0.46957148437499996
vt 0.2666146484375 0.46957148437499996
vt 0.5283072265625 0.589021875
vt 0.5361458984375 0.578125
vt 0.5361458984375 0.589021875
vt 0.3134896484375 0.4609375
vt 0.3056509765625 0.47183437500000003
vt 0.3056509765625 0.4609375
vt 0.5009634765625 0.851125390625
vt 0.5088021484375 0.837890625
vt 0.5088021484375 0.851125390625
vt 0.1338021484375 0.49175039062500003
vt 0.1259634765625 0.478515625
vt 0.1338021484375 0.478515625
vt 0.4970833984375 0.4921875
vt 0.4892447265625 0.47895273437499997
vt 0.4970833984375 0.47895273437499997
vt 0.5009634765625 0.857858984375
vt 0.5088021484375 0.87109375
vt 0.5009634765625 0.87109375
vt 0.1668453125 0.806745703125
vt 0.159101953125 0.793165234375
vt 0.170538671875 0.786504296875
vt 0.4189322265625 0.853515625
vt 0.4267708984375 0.870273828125
vt 0.4189322265625 0.870273828125
vt 0.4384634765625 0.463321875
vt 0.4463021484375 0.458984375
vt 0.4463021484375 0.463321875
vt 0.1066390625 0.885653125
vt 0.122148046875 0.89082109375
vt 0.124894921875 0.90735234375
vt 0.193359375 0.7802316406250001
vt 0.20693984375 0.77248828125
vt 0.21360078125 0.783925
vt 0.3798958984375 0.541015625
vt 0.3720572265625 0.557773828125
vt 0.3720572265625 0.541015625
vt 0.2158333984375 0.734375
vt 0.2079947265625 0.7300375
vt 0.2158333984375 0.7300375
vt 0.0691421875 0.885653125
vt 0.07431015625 0.870144140625
vt 0.09084140625 0.867397265625
vt 0.2198734375 0.806745703125
vt 0.227616796875 0.820326171875
vt 0.216180078125 0.826987109375
vt 0.4619271484375 0.87890625
vt 0.4540884765625 0.862148046875
vt 0.4619271484375 0.862148046875
vt 0.5439583984375 0.49956875
vt 0.5361197265625 0.50390625
vt 0.5361197265625 0.49956875
vt 0.0691421875 0.92315
vt 0.053633203125 0.91798203125
vt 0.050886328125 0.90145078125
vt 0.193359375 0.833259765625
vt 0.17977890625 0.841003125
vt 0.17311796875 0.82956640625
vt 0.4540884765625 0.838710546875
vt 0.4619271484375 0.85546875
vt 0.4540884765625 0.85546875
vt 0.2275521484375 0.455078125
vt 0.2197134765625 0.459415625
vt 0.2197134765625 0.455078125
vt 0.1066390625 0.92315
vt 0.1014713671875 0.9386590625
vt 0.08494015625 0.94140625
vt 0.137682421875 0.58474609375
vt 0.145520703125 0.564453125
vt 0.145520703125 0.58474609375
vt 0.403333203125 0.642578125
vt 0.395494921875 0.662871484375
vt 0.395494921875 0.642578125
vt 0.418958203125 0.65158203125
vt 0.411119921875 0.671875
vt 0.411119921875 0.65158203125
vt 0.1690921875 0.759870703125
vt 0.142578125 0.786384765625
vt 0.1160640625 0.759870703125
vt 0.227526171875 0.55001953125
vt 0.235364453125 0.5703125
vt 0.227526171875 0.5703125
vt 0.0183609375 0.782525390625
vt 0.0183609375 0.745028515625
vt 0.0558578125 0.745028515625
vt 0.399426953125 0.45785273437499996
vt 0.391588671875 0.46875
vt 0.391588671875 0.45785273437499996
vt 0.532213671875 0.8828125
vt 0.540051953125 0.871915234375
vt 0.540051953125 0.8828125
vt 0.536119921875 0.983553125
vt 0.543958203125 0.97265625
vt 0.543958203125 0.983553125
vt 0.540051953125 0.88671875
vt 0.532213671875 0.897616015625
vt 0.532213671875 0.88671875
vt 0.516588671875 0.986328125
vt 0.524426953125 0.999562890625
vt 0.516588671875 0.999562890625
vt 0.450208203125 0.48393789062500003
vt 0.442369921875 0.470703125
vt 0.450208203125 0.470703125
vt 0.055676953125 0.48046875
vt 0.047838671875 0.46723398437499997
vt 0.055676953125 0.46723398437499997
vt 0.512682421875 0.510202734375
vt 0.520520703125 0.5234375
vt 0.512682421875 0.5234375
vt 0.1160640625 0.759870703125
vt 0.108320703125 0.746290234375
vt 0.119757421875 0.739629296875
vt 0.481432421875 0.712890625
vt 0.489270703125 0.729648828125
vt 0.481432421875 0.729648828125
vt 0.500963671875 0.455509375
vt 0.508801953125 0.451171875
vt 0.508801953125 0.455509375
vt 0.0558578125 0.745028515625
vt 0.071366796875 0.750196484375
vt 0.074113671875 0.766727734375
vt 0.142578125 0.7333566406250001
vt 0.15615859375 0.72561328125
vt 0.16281953125 0.73705
vt 0.489270703125 0.706211328125
vt 0.481432421875 0.689453125
vt 0.489270703125 0.689453125
vt 0.551770703125 0.71875
vt 0.543932421875 0.7144125
vt 0.551770703125 0.7144125
vt 0.0183609375 0.745028515625
vt 0.02352890625 0.72951953125
vt 0.04006015625 0.72677265625
vt 0.1690921875 0.759870703125
vt 0.176835546875 0.773451171875
vt 0.165398828125 0.780112109375
vt 0.188489453125 0.51171875
vt 0.180651171875 0.494960546875
vt 0.188489453125 0.494960546875
vt 0.516588671875 0.45269375
vt 0.524426953125 0.45703125
vt 0.516588671875 0.45703125
vt 0.0183609375 0.782525390625
vt 0.002851953125 0.777357421875
vt 0.000105078125 0.760826171875
vt 0.142578125 0.786384765625
vt 0.12899765625 0.794128125
vt 0.12233671875 0.78269140625
vt 0.489244921875 0.741054296875
vt 0.497083203125 0.7578125
vt 0.489244921875 0.7578125
vt 0.141588671875 0.447265625
vt 0.149426953125 0.451603125
vt 0.141588671875 0.451603125
vt 0.0558578125 0.782525390625
vt 0.05068984375 0.798034375
vt 0.03415859375 0.80078125
vt 0.259169921875 0.91994765625
vt 0.238876953125 0.912109375
vt 0.259169921875 0.912109375
vt 0.336926953125 0.59375
vt 0.329088671875 0.57345703125
vt 0.336926953125 0.57345703125
vt 0.309951171875 0.96481796875
vt 0.289658203125 0.97265625
vt 0.289658203125 0.96481796875
vt 0.26375390625 0.6662359375
vt 0.229111328125 0.680585546875
vt 0.21476171875 0.64594296875
vt 0.110338671875 0.58984375
vt 0.118176953125 0.56955078125
vt 0.118176953125 0.58984375
vt 0.397080078125 0.731366796875
vt 0.38273046875 0.69672421875
vt 0.417373046875 0.682374609375
vt 0.532213671875 0.9140625
vt 0.540051953125 0.903165234375
vt 0.540051953125 0.9140625
vt 0.504869921875 0.47183476562500004
vt 0.512708203125 0.4609375
vt 0.512708203125 0.47183476562500004
vt 0.532213671875 0.91796875
vt 0.540051953125 0.928866015625
vt 0.532213671875 0.928866015625
vt 0.540051953125 0.989102734375
vt 0.532213671875 1
vt 0.532213671875 0.989102734375
vt 0.391588671875 0.48784414062500003
vt 0.399426953125 0.474609375
vt 0.399426953125 0.48784414062500003
vt 0.024426953125 0.48393789062500003
vt 0.016588671875 0.470703125
vt 0.024426953125 0.470703125
vt 0.524426953125 0.921875
vt 0.516588671875 0.908640234375
vt 0.524426953125 0.908640234375
vt 0.516588671875 0.596140234375
vt 0.524426953125 0.609375
vt 0.516588671875 0.609375
vt 0.21476171875 0.64594296875
vt 0.2128046875 0.6304328125
vt 0.225919921875 0.628655859375
vt 0.485338671875 0.591796875
vt 0.493176953125 0.608555078125
vt 0.485338671875 0.608555078125
vt 0.532213671875 0.455509375
vt 0.540051953125 0.451171875
vt 0.540051953125 0.455509375
vt 0.417373046875 0.682374609375
vt 0.433679296875 0.6812140625
vt 0.442543359375 0.6954359375
vt 0.249404296875 0.631593359375
vt 0.264914453125 0.62963671875
vt 0.26669140625 0.6427515625
vt 0.274426953125 0.5030859375000001
vt 0.266588671875 0.486328125
vt 0.274426953125 0.486328125
vt 0.282213671875 0.45703125
vt 0.290051953125 0.45269375
vt 0.290051953125 0.45703125
vt 0.38273046875 0.69672421875
vt 0.381569921875 0.68041796875
vt 0.395791796875 0.67155390625
vt 0.26375390625 0.6662359375
vt 0.265710546875 0.68174609375
vt 0.252595703125 0.683523046875
vt 0.493176953125 0.86328125
vt 0.485338671875 0.846523046875
vt 0.493176953125 0.846523046875
vt 0.551770703125 0.52300625
vt 0.543932421875 0.52734375
vt 0.543932421875 0.52300625
vt 0.397080078125 0.731366796875
vt 0.380773828125 0.73252734375
vt 0.371909765625 0.71830546875
vt 0.229111328125 0.680585546875
vt 0.213601171875 0.6825421484375
vt 0.211824296875 0.669427265625
vt 0.250963671875 0.48714843750000003
vt 0.258801953125 0.50390625
vt 0.250963671875 0.50390625
vt 0.555676953125 0.904296875
vt 0.547838671875 0.908634375
vt 0.547838671875 0.904296875
vt 0.43172265625 0.7170171875
vt 0.432883203125 0.7333234375
vt 0.418661328125 0.7421875
vt 0.3056771484375 0.99880859375
vt 0.2978384765625 0.978515625
vt 0.3056771484375 0.978515625
vt 0.1338021484375 0.71875
vt 0.1259634765625 0.69845703125
vt 0.1338021484375 0.69845703125
vt 0.2353384765625 0.69455078125
vt 0.2431771484375 0.71484375
vt 0.2353384765625 0.71484375
vt 0.424021875 0.613828125
vt 0.386525 0.613828125
vt 0.386525 0.57633125
vt 0.0790884765625 0.971465234375
vt 0.0869271484375 0.951171875
vt 0.0869271484375 0.971465234375
vt 0.1318359375 0.5551875
vt 0.105321875 0.5286734375
vt 0.1318359375 0.502159375
vt 0.3290884765625 0.48046875
vt 0.3369271484375 0.46957148437499996
vt 0.3369271484375 0.48046875
vt 0.2744009765625 0.47964726562500004
vt 0.2822396484375 0.46875
vt 0.2822396484375 0.47964726562500004
vt 0.5283333984375 0.6796875
vt 0.5204947265625 0.6905847656249999
vt 0.5204947265625 0.6796875
vt 0.0634634765625 0.934415234375
vt 0.0713021484375 0.9453125
vt 0.0634634765625 0.9453125
vt 0.5088021484375 0.890187890625
vt 0.5009634765625 0.876953125
vt 0.5088021484375 0.876953125
vt 0.5088021484375 0.91015625
vt 0.5009634765625 0.896921484375
vt 0.5088021484375 0.896921484375
vt 0.5048697265625 0.967233984375
vt 0.5127083984375 0.98046875
vt 0.5048697265625 0.98046875
vt 0.0634634765625 0.486328125
vt 0.0713021484375 0.49956289062500003
vt 0.0634634765625 0.49956289062500003
vt 0.386525 0.57633125
vt 0.3906524609375 0.561253046875
vt 0.4034490234375 0.564629765625
vt 0.2275259765625 0.525390625
vt 0.2353646484375 0.542148828125
vt 0.2275259765625 0.542148828125
vt 0.4228384765625 0.463321875
vt 0.4306771484375 0.458984375
vt 0.4306771484375 0.463321875
vt 0.1318359375 0.502159375
vt 0.146456640625 0.494846875
vt 0.160088671875 0.5045941406250001
vt 0.424021875 0.57633125
vt 0.4391 0.580458984375
vt 0.435723046875 0.59325546875
vt 0.4580208984375 0.689453125
vt 0.4501822265625 0.706211328125
vt 0.4501822265625 0.689453125
vt 0.0751822265625 0.625
vt 0.0830207421875 0.6206625781249999
vt 0.0830208984375 0.6249996875
vt 0.105321875 0.5286734375
vt 0.098009375 0.514052734375
vt 0.107756640625 0.500420703125
vt 0.424021875 0.613828125
vt 0.419894140625 0.62890625
vt 0.40709765625 0.6255292968749999
vt 0.0713021484375 0.5066796874999999
vt 0.0634634765625 0.5234375
vt 0.0634634765625 0.5066796874999999
vt 0.3681771484375 0.92925625
vt 0.3603384765625 0.93359375
vt 0.3603384765625 0.92925625
vt 0.1318359375 0.5551875
vt 0.117215234375 0.5625
vt 0.103583203125 0.552752734375
vt 0.386525 0.613828125
vt 0.371446875 0.609700390625
vt 0.374823828125 0.59690390625
vt 0.4423697265625 0.600429296875
vt 0.4502083984375 0.6171875
vt 0.4423697265625 0.6171875
vt 0.2978646484375 0.630859375
vt 0.2900259765625 0.635196875
vt 0.2900259765625 0.630859375
vt 0.15835 0.5286734375
vt 0.1656625 0.543294140625
vt 0.155915234375 0.556926171875
vt 0.0244271484375 0.701171875
vt 0.0165884765625 0.72146484375
vt 0.0165884765625 0.701171875
vt 0.3486458984375 0.8203125
vt 0.3408076171875 0.80001953125
vt 0.3486458984375 0.80001953125
vt 0.0322134765625 0.70236328125
vt 0.0400521484375 0.72265625
vt 0.0322134765625 0.72265625
vt 0.312880859375 0.94468046875
vt 0.27823828125 0.930330859375
vt 0.292587890625 0.89568828125
vt 0.0790884765625 0.630859375
vt 0.0869271484375 0.65115234375
vt 0.0790884765625 0.65115234375
vt 0.305068359375 0.72983671875
vt 0.27042578125 0.7154871093749999
vt 0.284775390625 0.68084453125
vt 0.0673958984375 0.6328125
vt 0.0595572265625 0.6219152343750001
vt 0.0673958984375 0.6219152343750001
vt 0.3994009765625 0.862459765625
vt 0.4072392578125 0.8515625
vt 0.4072396484375 0.862459765625
vt 0.5361458984375 0.73046875
vt 0.5283076171875 0.741365625
vt 0.5283072265625 0.73046875
vt 0.2197134765625 0.46566523437499996
vt 0.2275521484375 0.4765625
vt 0.2197134765625 0.4765625
vt 0.2900521484375 0.49956289062500003
vt 0.2822134765625 0.486328125
vt 0.2900521484375 0.486328125
vt 0.528333203125 0.98046875
vt 0.520494921875 0.967233984375
vt 0.528333203125 0.967233984375
vt 0.5009634765625 0.7890625
vt 0.5088021484375 0.775827734375
vt 0.5088021484375 0.7890625
vt 0.4423697265625 0.490234375
vt 0.4502083984375 0.503469140625
vt 0.4423697265625 0.503469140625
vt 0.292587890625 0.89568828125
vt 0.302171484375 0.8833375
vt 0.3127015625 0.8913546875
vt 0.2587759765625 0.533203125
vt 0.2666146484375 0.549961328125
vt 0.2587759765625 0.549961328125
vt 0.5361197265625 0.693790625
vt 0.5439583984375 0.689453125
vt 0.5439583984375 0.693790625
vt 0.284775390625 0.68084453125
vt 0.295484765625 0.66849375
vt 0.311808984375 0.672282421875
vt 0.32723046875 0.910037890625
vt 0.33958125 0.919621484375
vt 0.3315640625 0.9301515625
vt 0.055676953125 0.5030859375000001
vt 0.047838671875 0.486328125
vt 0.055676953125 0.486328125
vt 0.555676953125 0.86328125
vt 0.547838671875 0.85894375
vt 0.555676953125 0.85894375
vt 0.27042578125 0.7154871093749999
vt 0.258075 0.704777734375
vt 0.261863671875 0.688453515625
vt 0.312880859375 0.94468046875
vt 0.303297265625 0.95703125
vt 0.2927671875 0.9490140625
vt 0.4580208984375 0.92578125
vt 0.4501826171875 0.909023046875
vt 0.4580208984375 0.909023046875
vt 0.5478646484375 0.8237875
vt 0.5400259765625 0.828125
vt 0.5400259765625 0.8237875
vt 0.305068359375 0.72983671875
vt 0.294358984375 0.7421875
vt 0.278034765625 0.738398828125
vt 0.27823828125 0.930330859375
vt 0.2658875 0.920747265625
vt 0.2739046875 0.9102171875
vt 0.0322134765625 0.534023046875
vt 0.0400521484375 0.55078125
vt 0.0322134765625 0.55078125
vt 0.5478646484375 0.810546875
vt 0.5400259765625 0.814884375
vt 0.5400259765625 0.810546875
vt 0.31941796875 0.695194140625
vt 0.33176875 0.705903515625
vt 0.327980078125 0.722227734375
vt 0.008801953125 0.560546875
vt 0.000963671875 0.58083984375
vt 0.000963671875 0.560546875
vt 0.418958203125 0.5625
vt 0.411119921875 0.54220703125
vt 0.418958203125 0.54220703125
vt 0.356432421875 0.56173828125
vt 0.364270703125 0.58203125
vt 0.356432421875 0.58203125
vt 0.047255859375 0.67905546875
vt 0.01261328125 0.6647058593749999
vt 0.026962890625 0.63006328125
vt 0.016588671875 0.537109375
vt 0.024426953125 0.55740234375
vt 0.016588671875 0.55740234375
vt 0.351943359375 0.88608671875
vt 0.31730078125 0.871737109375
vt 0.331650390625 0.83709453125
vt 0.149426953125 0.46875
vt 0.141588671875 0.45785273437499996
vt 0.149426953125 0.45785273437499996
vt 0.157213671875 0.46792851562500004
vt 0.165051953125 0.45703125
vt 0.165051953125 0.46792851562500004
vt 0.016588671875 0.453125
vt 0.024426953125 0.46402187500000003
vt 0.016588671875 0.46402187500000003
vt 0.415051953125 0.45785273437499996
vt 0.407213671875 0.46875
vt 0.407213671875 0.45785273437499996
vt 0.524426953125 0.648000390625
vt 0.516588671875 0.634765625
vt 0.524426953125 0.634765625
vt 0.040051953125 0.46723398437499997
vt 0.032213671875 0.48046875
vt 0.032213671875 0.46723398437499997
vt 0.516588671875 0.779733984375
vt 0.524426953125 0.79296875
vt 0.516588671875 0.79296875
vt 0.000963671875 0.48393789062500003
vt 0.008801953125 0.470703125
vt 0.008801953125 0.48393789062500003
vt 0.026962890625 0.63006328125
vt 0.036546484375 0.6177125
vt 0.0470765625 0.6257296875
vt 0.395494921875 0.494140625
vt 0.403333203125 0.510898828125
vt 0.395494921875 0.510898828125
vt 0.485338671875 0.455509375
vt 0.493176953125 0.451171875
vt 0.493176953125 0.455509375
vt 0.331650390625 0.83709453125
vt 0.342359765625 0.82474375
vt 0.358683984375 0.828532421875
vt 0.06160546875 0.644412890625
vt 0.07395625 0.653996484375
vt 0.0659390625 0.6645265625
vt 0.504895703125 0.916015625
vt 0.497057421875 0.9327734375
vt 0.497057421875 0.916015625
vt 0.555676953125 0.88671875
vt 0.547838671875 0.88238125
vt 0.555676953125 0.88238125
vt 0.31730078125 0.871737109375
vt 0.30495 0.861027734375
vt 0.308738671875 0.844703515625
vt 0.047255859375 0.67905546875
vt 0.037672265625 0.69140625
vt 0.0271421875 0.6833890625
vt 0.368176953125 0.494960546875
vt 0.360338671875 0.51171875
vt 0.360338671875 0.494960546875
vt 0.555676953125 0.8941
vt 0.547838671875 0.8984375
vt 0.547838671875 0.8941
vt 0.351943359375 0.88608671875
vt 0.341233984375 0.8984375
vt 0.324909765625 0.894648828125
vt 0.01261328125 0.6647058593749999
vt 0.0002625 0.655122265625
vt 0.0082796875 0.6445921875
vt 0.196276171875 0.494960546875
vt 0.204114453125 0.51171875
vt 0.196276171875 0.51171875
vt 0.555676953125 0.869140625
vt 0.547838671875 0.873478125
vt 0.547838671875 0.869140625
vt 0.36629296875 0.851444140625
vt 0.37864375 0.862153515625
vt 0.374855078125 0.878477734375
vt 0.2431771484375 0.82693359375
vt 0.2353384765625 0.82693359375
vt 0.2353384765625 0.806640625
vt 0.0088021484375 0.8125
vt 0.0009634765625 0.8125
vt 0.0009634765625 0.79220703125
vt 0.2040884765625 0.83908203125
vt 0.2119271484375 0.83908203125
vt 0.2119271484375 0.859375
vt 0.2693375 0.572425
vt 0.2880859375 0.564659375
vt 0.306834375 0.572425
vt 0.306834375 0.572425
vt 0.3146 0.5911734375
vt 0.306834375 0.609921875
vt 0.306834375 0.609921875
vt 0.2880859375 0.6176875
vt 0.2693375 0.609921875
vt 0.2693375 0.609921875
vt 0.261571875 0.5911734375
vt 0.2693375 0.572425
vt 0.2693375 0.572425
vt 0.306834375 0.572425
vt 0.306834375 0.609921875
vt 0.0165884765625 0.912109375
vt 0.0244271484375 0.912109375
vt 0.0244271484375 0.932402734375
vt 0.0693359375 0.556846875
vt 0.088084375 0.5646125
vt 0.09585 0.5833609375
vt 0.09585 0.5833609375
vt 0.088084375 0.602109375
vt 0.0693359375 0.609875
vt 0.0693359375 0.609875
vt 0.0505875 0.602109375
vt 0.042821875 0.5833609375
vt 0.042821875 0.5833609375
vt 0.0505875 0.5646125
vt 0.0693359375 0.556846875
vt 0.0693359375 0.556846875
vt 0.09585 0.5833609375
vt 0.0693359375 0.609875
vt 0.2470572265625 0.5859375
vt 0.2470572265625 0.5750402343750001
vt 0.2548958984375 0.5750402343750001
vt 0.2744009765625 0.6358972656249999
vt 0.2744009765625 0.625
vt 0.2822396484375 0.625
vt 0.4189583984375 0.6328125
vt 0.4189583984375 0.6437097656249999
vt 0.4111197265625 0.6437097656249999
vt 0.0634896484375 0.989102734375
vt 0.0634896484375 1
vt 0.0556509765625 1
vt 0.3759896484375 0.898000390625
vt 0.3681509765625 0.898000390625
vt 0.3681509765625 0.884765625
vt 0.3056771484375 0.6640625
vt 0.2978384765625 0.6640625
vt 0.2978384765625 0.650827734375
vt 0.5009634765625 0.631296484375
vt 0.5088021484375 0.631296484375
vt 0.5088021484375 0.64453125
vt 0.0009634765625 0.677734375
vt 0.0088021484375 0.677734375
vt 0.0088021484375 0.690969140625
vt 0.28626171875 0.560723828125
vt 0.2880859375 0.564659375
vt 0.2693375 0.572425
vt 0.2693375 0.572425
vt 0.2598333203125 0.56709390625
vt 0.2734651953125 0.5573469921875001
vt 0.4540884765625 0.901523828125
vt 0.4540884765625 0.884765625
vt 0.4619271484375 0.884765625
vt 0.3291146484375 0.463321875
vt 0.3212759765625 0.463321875
vt 0.3212759765625 0.458984375
vt 0.097588671875 0.5592816406250001
vt 0.088084375 0.5646125
vt 0.0693359375 0.556846875
vt 0.0693359375 0.556846875
vt 0.07116015625 0.552911328125
vt 0.083956640625 0.549534375
vt 0.318535546875 0.58934921875
vt 0.3146 0.5911734375
vt 0.306834375 0.572425
vt 0.306834375 0.572425
vt 0.312165234375 0.562920703125
vt 0.3219125 0.576552734375
vt 0.0088021484375 0.553867578125
vt 0.0009634765625 0.553867578125
vt 0.0009634765625 0.537109375
vt 0.1728384765625 0.453125
vt 0.1728384765625 0.448787890625
vt 0.1806771484375 0.448787890625
vt 0.045256640625 0.555108203125
vt 0.0505875 0.5646125
vt 0.042821875 0.5833609375
vt 0.042821875 0.5833609375
vt 0.038886328125 0.58153671875
vt 0.035509375 0.568740234375
vt 0.28991015625 0.6216230468749999
vt 0.2880859375 0.6176875
vt 0.306834375 0.609921875
vt 0.306834375 0.609921875
vt 0.316338671875 0.615252734375
vt 0.302706640625 0.625
vt 0.4814583984375 0.75390625
vt 0.4736197265625 0.75390625
vt 0.4736197265625 0.7371484374999999
vt 0.1142708984375 0.6831625
vt 0.1142708984375 0.6875
vt 0.1064322265625 0.6875
vt 0.041083203125 0.607440234375
vt 0.0505875 0.602109375
vt 0.0693359375 0.609875
vt 0.0693359375 0.609875
vt 0.06751171875 0.6138105468749999
vt 0.054715234375 0.6171875
vt 0.257636328125 0.59299765625
vt 0.261571875 0.5911734375
vt 0.2693375 0.609921875
vt 0.2693375 0.609921875
vt 0.264006640625 0.619426171875
vt 0.254259375 0.605794140625
vt 0.0634634765625 0.546875
vt 0.0634634765625 0.530116796875
vt 0.0713021484375 0.530116796875
vt 0.3603646484375 0.685546875
vt 0.3603646484375 0.689884375
vt 0.3525259765625 0.689884375
vt 0.093415234375 0.611613671875
vt 0.088084375 0.602109375
vt 0.09585 0.5833609375
vt 0.09585 0.5833609375
vt 0.099785546875 0.58518515625
vt 0.1031625 0.597981640625
vt 0.438463671875 0.740234375
vt 0.446301953125 0.740234375
vt 0.446301953125 0.76052734375
vt 0.239270703125 0.596465234375
vt 0.231432421875 0.596465234375
vt 0.231432421875 0.576171875
vt 0.446301953125 0.87109375
vt 0.438463671875 0.87109375
vt 0.438463671875 0.85080078125
vt 0.1199703125 0.853620703125
vt 0.1277359375 0.834872265625
vt 0.146484375 0.8271066406250001
vt 0.146484375 0.8271066406250001
vt 0.1652328125 0.834872265625
vt 0.1729984375 0.853620703125
vt 0.1729984375 0.853620703125
vt 0.1652328125 0.872369140625
vt 0.146484375 0.880134765625
vt 0.146484375 0.880134765625
vt 0.1277359375 0.872369140625
vt 0.1199703125 0.853620703125
vt 0.1199703125 0.853620703125
vt 0.146484375 0.8271066406250001
vt 0.1729984375 0.853620703125
vt 0.442369921875 0.734375
vt 0.442369921875 0.71408203125
vt 0.450208203125 0.71408203125
vt 0.0558578125 0.838778515625
vt 0.0636234375 0.857526953125
vt 0.0558578125 0.876275390625
vt 0.0558578125 0.876275390625
vt 0.037109375 0.884041015625
vt 0.0183609375 0.876275390625
vt 0.0183609375 0.876275390625
vt 0.0105953125 0.857526953125
vt 0.0183609375 0.838778515625
vt 0.0183609375 0.838778515625
vt 0.037109375 0.8310128906250001
vt 0.0558578125 0.838778515625
vt 0.0558578125 0.838778515625
vt 0.0558578125 0.876275390625
vt 0.0183609375 0.876275390625
vt 0.000963671875 0.45394648437499996
vt 0.008801953125 0.45394648437499996
vt 0.008801953125 0.46484375
vt 0.532213671875 0.66015625
vt 0.532213671875 0.6492589843750001
vt 0.540051953125 0.6492589843750001
vt 0.532213671875 0.6437097656249999
vt 0.532213671875 0.6328125
vt 0.540051953125 0.6328125
vt 0.540051953125 0.78125
vt 0.540051953125 0.792147265625
vt 0.532213671875 0.792147265625
vt 0.516588671875 0.628469140625
vt 0.516588671875 0.615234375
vt 0.524426953125 0.615234375
vt 0.071301953125 0.48003164062500003
vt 0.063463671875 0.48003164062500003
vt 0.063463671875 0.466796875
vt 0.528333203125 0.84375
vt 0.520494921875 0.84375
vt 0.520494921875 0.830515234375
vt 0.3603386328125 0.47504632812500003
vt 0.3681769140625 0.47504648437499997
vt 0.3681769921875 0.48828125
vt 0.123663671875 0.833379296875
vt 0.1277359375 0.834872265625
vt 0.1199703125 0.853620703125
vt 0.1199703125 0.853620703125
vt 0.109480078125 0.856571484375
vt 0.112226953125 0.840040234375
vt 0.485338671875 0.869140625
vt 0.493176953125 0.869140625
vt 0.493176953125 0.885898828125
vt 0.555676953125 0.932071875
vt 0.547838671875 0.932071875
vt 0.547838671875 0.927734375
vt 0.074113671875 0.860477734375
vt 0.0636234375 0.857526953125
vt 0.0558578125 0.838778515625
vt 0.0558578125 0.838778515625
vt 0.059930078125 0.837285546875
vt 0.071366796875 0.843946484375
vt 0.16672578125 0.8308
vt 0.1652328125 0.834872265625
vt 0.146484375 0.8271066406250001
vt 0.146484375 0.8271066406250001
vt 0.14353359375 0.81661640625
vt 0.16006484375 0.81936328125
vt 0.008801953125 0.490234375
vt 0.008801953125 0.506992578125
vt 0.000963671875 0.506992578125
vt 0.543932421875 0.5859375
vt 0.543932421875 0.5816
vt 0.551770703125 0.5816
vt 0.04006015625 0.82052265625
vt 0.037109375 0.8310128906250001
vt 0.0183609375 0.838778515625
vt 0.0183609375 0.838778515625
vt 0.01686796875 0.83470625
vt 0.02352890625 0.82326953125
vt 0.169305078125 0.873862109375
vt 0.1652328125 0.872369140625
vt 0.1729984375 0.853620703125
vt 0.1729984375 0.853620703125
vt 0.183488671875 0.850669921875
vt 0.180741796875 0.867201171875
vt 0.504895703125 0.7109375
vt 0.497057421875 0.7109375
vt 0.497057421875 0.6941796874999999
vt 0.555676953125 0.9175375
vt 0.555676953125 0.921875
vt 0.547838671875 0.921875
vt 0.000105078125 0.854576171875
vt 0.0105953125 0.857526953125
vt 0.0183609375 0.876275390625
vt 0.0183609375 0.876275390625
vt 0.014288671875 0.877768359375
vt 0.002851953125 0.871107421875
vt 0.12624296875 0.87644140625
vt 0.1277359375 0.872369140625
vt 0.146484375 0.880134765625
vt 0.146484375 0.880134765625
vt 0.14943515625 0.890625
vt 0.13290390625 0.887878125
vt 0.497057421875 0.5691796874999999
vt 0.504895703125 0.5691796874999999
vt 0.504895703125 0.5859375
vt 0.157213671875 0.447265625
vt 0.165051953125 0.447265625
vt 0.165051953125 0.451603125
vt 0.03415859375 0.89453125
vt 0.037109375 0.884041015625
vt 0.0558578125 0.876275390625
vt 0.0558578125 0.876275390625
vt 0.05735078125 0.88034765625
vt 0.05068984375 0.891784375
vt 0.1025521484375 0.99880859375
vt 0.0947134765625 0.99880859375
vt 0.0947134765625 0.978515625
vt 0.1533333984375 0.921875
vt 0.1454947265625 0.921875
vt 0.1454947265625 0.90158203125
vt 0.1298697265625 0.90158203125
vt 0.1377083984375 0.90158203125
vt 0.1377083984375 0.921875
vt 0.237900390625 0.93865703125
vt 0.258193359375 0.93865703125
vt 0.27254296875 0.953006640625
vt 0.27254296875 0.953006640625
vt 0.27254296875 0.973299609375
vt 0.258193359375 0.98764921875
vt 0.258193359375 0.98764921875
vt 0.237900390625 0.98764921875
vt 0.22355078125 0.973299609375
vt 0.22355078125 0.973299609375
vt 0.22355078125 0.953006640625
vt 0.237900390625 0.93865703125
vt 0.237900390625 0.93865703125
vt 0.27254296875 0.953006640625
vt 0.258193359375 0.98764921875
vt 0.0009634765625 0.818359375
vt 0.0088021484375 0.818359375
vt 0.0088021484375 0.83865234375
vt 0.233994140625 0.73162578125
vt 0.254287109375 0.73162578125
vt 0.26863671875 0.745975390625
vt 0.26863671875 0.745975390625
vt 0.26863671875 0.766268359375
vt 0.254287109375 0.78061796875
vt 0.254287109375 0.78061796875
vt 0.233994140625 0.78061796875
vt 0.21964453125 0.766268359375
vt 0.21964453125 0.766268359375
vt 0.21964453125 0.745975390625
vt 0.233994140625 0.73162578125
vt 0.233994140625 0.73162578125
vt 0.26863671875 0.745975390625
vt 0.254287109375 0.78061796875
vt 0.1142447265625 0.93359375
vt 0.1142447265625 0.922696484375
vt 0.1220833984375 0.922696484375
vt 0.1572134765625 0.893709765625
vt 0.1572134765625 0.8828125
vt 0.1650521484375 0.8828125
vt 0.5361458984375 0.74609375
vt 0.5361458984375 0.756990625
vt 0.5283072265625 0.756990625
vt 0.5283333984375 0.5555089843750001
vt 0.5283333984375 0.56640625
vt 0.5204947265625 0.56640625
vt 0.2197396484375 0.999562890625
vt 0.2119009765625 0.999562890625
vt 0.2119009765625 0.986328125
vt 0.5048958984375 0.51171875
vt 0.4970572265625 0.51171875
vt 0.4970572265625 0.49848398437499997
vt 0.1689322265625 0.953125
vt 0.1689322265625 0.939890234375
vt 0.1767708984375 0.939890234375
vt 0.1064322265625 0.878469140625
vt 0.1064322265625 0.865234375
vt 0.1142708984375 0.865234375
vt 0.2580140625 0.9343234375
vt 0.258193359375 0.93865703125
vt 0.237900390625 0.93865703125
vt 0.237900390625 0.93865703125
vt 0.231159765625 0.930094921875
vt 0.247483984375 0.92630625
vt 0.1845572265625 0.748046875
vt 0.1923958984375 0.748046875
vt 0.1923958984375 0.764805078125
vt 0.5361197265625 0.850040625
vt 0.5361197265625 0.845703125
vt 0.5439583984375 0.845703125
vt 0.261027734375 0.723063671875
vt 0.254287109375 0.73162578125
vt 0.233994140625 0.73162578125
vt 0.233994140625 0.73162578125
vt 0.2341734375 0.7272921875
vt 0.244703515625 0.719275
vt 0.2768765625 0.9731203125
vt 0.27254296875 0.973299609375
vt 0.27254296875 0.953006640625
vt 0.27254296875 0.953006640625
vt 0.281105078125 0.946266015625
vt 0.28489375 0.962590234375
vt 0.4775521484375 0.8585546875
vt 0.4697134765625 0.8585546875
vt 0.4697134765625 0.841796875
vt 0.0322134765625 0.4609375
vt 0.0322134765625 0.4566
vt 0.0400521484375 0.4566
vt 0.211082421875 0.739234765625
vt 0.21964453125 0.745975390625
vt 0.21964453125 0.766268359375
vt 0.21964453125 0.766268359375
vt 0.2153109375 0.7660890625
vt 0.20729375 0.755558984375
vt 0.2380796875 0.9919828125
vt 0.237900390625 0.98764921875
vt 0.258193359375 0.98764921875
vt 0.258193359375 0.98764921875
vt 0.264933984375 0.996211328125
vt 0.248609765625 1
vt 0.0244271484375 0.90625
vt 0.0165884765625 0.90625
vt 0.0165884765625 0.889491796875
vt 0.5439583984375 0.4644125
vt 0.5439583984375 0.46875
vt 0.5361197265625 0.46875
vt 0.227253515625 0.789180078125
vt 0.233994140625 0.78061796875
vt 0.254287109375 0.78061796875
vt 0.254287109375 0.78061796875
vt 0.2541078125 0.7849515625
vt 0.243577734375 0.79296875
vt 0.2192171875 0.9531859375
vt 0.22355078125 0.953006640625
vt 0.22355078125 0.973299609375
vt 0.22355078125 0.973299609375
vt 0.214988671875 0.980040234375
vt 0.2112 0.963716015625
vt 0.0009634765625 0.983241796875
vt 0.0088021484375 0.983241796875
vt 0.0088021484375 1
vt 0.5478646484375 0.962890625
vt 0.5478646484375 0.967228125
vt 0.5400259765625 0.967228125
vt 0.277198828125 0.773008984375
vt 0.26863671875 0.766268359375
vt 0.26863671875 0.745975390625
vt 0.26863671875 0.745975390625
vt 0.2729703125 0.7461546875
vt 0.2809875 0.756684765625
vt 0.3447396484375 0.61990234375
vt 0.3369009765625 0.61990234375
vt 0.3369009765625 0.599609375
vt 0.0088021484375 0.61642578125
vt 0.0088021484375 0.63671875
vt 0.0009634765625 0.63671875
vt 0.3798697265625 0.765625
vt 0.3798697265625 0.74533203125
vt 0.3877083984375 0.74533203125
vt 0.3943375 0.884925
vt 0.4130859375 0.877159375
vt 0.431834375 0.884925
vt 0.431834375 0.884925
vt 0.4396 0.9036734375
vt 0.431834375 0.922421875
vt 0.431834375 0.922421875
vt 0.4130859375 0.9301875
vt 0.3943375 0.922421875
vt 0.3943375 0.922421875
vt 0.386571875 0.9036734375
vt 0.3943375 0.884925
vt 0.3943375 0.884925
vt 0.431834375 0.884925
vt 0.431834375 0.922421875
vt 0.0009634765625 0.888671875
vt 0.0088021484375 0.888671875
vt 0.0088021484375 0.908965234375
vt 0.4638671875 0.509971875
vt 0.482615625 0.5177375
vt 0.49038125 0.5364859375
vt 0.49038125 0.5364859375
vt 0.482615625 0.555234375
vt 0.4638671875 0.563
vt 0.4638671875 0.563
vt 0.44511875 0.555234375
vt 0.437353125 0.5364859375
vt 0.437353125 0.5364859375
vt 0.44511875 0.5177375
vt 0.4638671875 0.509971875
vt 0.4638671875 0.509971875
vt 0.49038125 0.5364859375
vt 0.4638671875 0.563
vt 0.5244009765625 0.80859375
vt 0.5244009765625 0.797696484375
vt 0.5322396484375 0.797696484375
vt 0.0790884765625 0.47574101562500004
vt 0.0790884765625 0.46484375
vt 0.0869271484375 0.46484375
vt 0.5322396484375 0.8125
vt 0.5322396484375 0.823397265625
vt 0.5244009765625 0.823397265625
vt 0.1025259765625 0.774258984375
vt 0.1103646484375 0.774258984375
vt 0.1103646484375 0.78515625
vt 0.2197396484375 0.482421875
vt 0.2197396484375 0.49565664062500003
vt 0.2119009765625 0.49565664062500003
vt 0.5127083984375 0.83203125
vt 0.5048697265625 0.83203125
vt 0.5048697265625 0.818796484375
vt 0.1415884765625 0.48828125
vt 0.1415884765625 0.47504648437499997
vt 0.1494271484375 0.47504648437499997
vt 0.1103384765625 0.49565664062500003
vt 0.1103384765625 0.482421875
vt 0.1181771484375 0.482421875
vt 0.41126171875 0.873223828125
vt 0.4130859375 0.877159375
vt 0.3943375 0.884925
vt 0.3943375 0.884925
vt 0.384833203125 0.879594140625
vt 0.398465234375 0.869846875
vt 0.4697134765625 0.865234375
vt 0.4775521484375 0.865234375
vt 0.4775521484375 0.881992578125
vt 0.0556771484375 0.459415625
vt 0.0478384765625 0.459415625
vt 0.0478384765625 0.455078125
vt 0.492119921875 0.5124066406250001
vt 0.482615625 0.5177375
vt 0.4638671875 0.509971875
vt 0.4638671875 0.509971875
vt 0.46569140625 0.506036328125
vt 0.478487890625 0.502659375
vt 0.443535546875 0.90184921875
vt 0.4396 0.9036734375
vt 0.431834375 0.884925
vt 0.431834375 0.884925
vt 0.437165234375 0.875420703125
vt 0.4469125 0.889052734375
vt 0.1963021484375 0.517578125
vt 0.1963021484375 0.534336328125
vt 0.1884634765625 0.534336328125
vt 0.2665884765625 0.46484375
vt 0.2665884765625 0.46050625
vt 0.2744271484375 0.46050625
vt 0.439787890625 0.508233203125
vt 0.44511875 0.5177375
vt 0.437353125 0.5364859375
vt 0.437353125 0.5364859375
vt 0.433417578125 0.53466171875
vt 0.430040625 0.521865234375
vt 0.41491015625 0.934123046875
vt 0.4130859375 0.9301875
vt 0.431834375 0.922421875
vt 0.431834375 0.922421875
vt 0.441338671875 0.927752734375
vt 0.427706640625 0.9375
vt 0.2431771484375 0.51953125
vt 0.2353384765625 0.51953125
vt 0.2353384765625 0.5027734374999999
vt 0.5439583984375 0.77300625
vt 0.5439583984375 0.77734375
vt 0.5361197265625 0.77734375
vt 0.435614453125 0.560565234375
vt 0.44511875 0.555234375
vt 0.4638671875 0.563
vt 0.4638671875 0.563
vt 0.46204296875 0.5669355468749999
vt 0.449246484375 0.5703125
vt 0.382636328125 0.90549765625
vt 0.386571875 0.9036734375
vt 0.3943375 0.922421875
vt 0.3943375 0.922421875
vt 0.389006640625 0.931926171875
vt 0.379259375 0.918294140625
vt 0.1728384765625 0.53515625
vt 0.1728384765625 0.518398046875
vt 0.1806771484375 0.518398046875
vt 0.2509634765625 0.458984375
vt 0.2588021484375 0.458984375
vt 0.2588021484375 0.463321875
vt 0.487946484375 0.564738671875
vt 0.482615625 0.555234375
vt 0.49038125 0.5364859375
vt 0.49038125 0.5364859375
vt 0.494316796875 0.53831015625
vt 0.49769375 0.551106640625
vt 0.204482421875 0.998073046875
vt 0.184189453125 0.998073046875
vt 0.184189453125 0.990234375
vt 0.3603646484375 0.921875
vt 0.3525259765625 0.921875
vt 0.3525259765625 0.90158203125
vt 0.099013671875 0.761692578125
vt 0.099013671875 0.76953125
vt 0.078720703125 0.76953125
vt 0.32023046875 0.75141171875
vt 0.334580078125 0.737062109375
vt 0.354873046875 0.737062109375
vt 0.354873046875 0.737062109375
vt 0.36922265625 0.75141171875
vt 0.36922265625 0.7717046875
vt 0.36922265625 0.7717046875
vt 0.354873046875 0.786054296875
vt 0.334580078125 0.786054296875
vt 0.334580078125 0.786054296875
vt 0.32023046875 0.7717046875
vt 0.32023046875 0.75141171875
vt 0.32023046875 0.75141171875
vt 0.354873046875 0.737062109375
vt 0.36922265625 0.7717046875
vt 0.3525259765625 0.69845703125
vt 0.3603646484375 0.69845703125
vt 0.3603646484375 0.71875
vt 0.136123046875 0.623780859375
vt 0.15047265625 0.63813046875
vt 0.15047265625 0.6584234375
vt 0.15047265625 0.6584234375
vt 0.136123046875 0.672773046875
vt 0.115830078125 0.672773046875
vt 0.115830078125 0.672773046875
vt 0.10148046875 0.6584234375
vt 0.10148046875 0.63813046875
vt 0.10148046875 0.63813046875
vt 0.115830078125 0.623780859375
vt 0.136123046875 0.623780859375
vt 0.136123046875 0.623780859375
vt 0.15047265625 0.6584234375
vt 0.115830078125 0.672773046875
vt 0.5204947265625 0.48828125
vt 0.5204947265625 0.47738398437499996
vt 0.5283333984375 0.47738398437499996
vt 0.4853384765625 0.839022265625
vt 0.4853384765625 0.828125
vt 0.4931771484375 0.828125
vt 0.5283333984375 0.4921875
vt 0.5283333984375 0.5030847656249999
vt 0.5204947265625 0.5030847656249999
vt 0.4658333984375 0.46957148437499996
vt 0.4658333984375 0.48046875
vt 0.4579947265625 0.48046875
vt 0.0947134765625 0.49565664062500003
vt 0.0947134765625 0.482421875
vt 0.1025521484375 0.482421875
vt 0.5127083984375 0.49175039062500003
vt 0.5048697265625 0.49175039062500003
vt 0.5048697265625 0.478515625
vt 0.5205208984375 0.928171484375
vt 0.5205208984375 0.94140625
vt 0.5126822265625 0.94140625
vt 0.1884634765625 0.47504648437499997
vt 0.1963021484375 0.47504648437499997
vt 0.1963021484375 0.48828125
vt 0.331388671875 0.734124609375
vt 0.334580078125 0.737062109375
vt 0.32023046875 0.75141171875
vt 0.32023046875 0.75141171875
vt 0.309409765625 0.7501234375
vt 0.318273828125 0.7359015625
vt 0.2197134765625 0.501953125
vt 0.2275521484375 0.501953125
vt 0.2275521484375 0.5187109375000001
vt 0.1103384765625 0.459415625
vt 0.1103384765625 0.455078125
vt 0.1181771484375 0.455078125
vt 0.161293359375 0.6368421875
vt 0.15047265625 0.63813046875
vt 0.136123046875 0.623780859375
vt 0.136123046875 0.623780859375
vt 0.139314453125 0.620843359375
vt 0.152429296875 0.6226203125
vt 0.37216015625 0.7482203125
vt 0.36922265625 0.75141171875
vt 0.354873046875 0.737062109375
vt 0.354873046875 0.737062109375
vt 0.356161328125 0.72624140625
vt 0.370383203125 0.73510546875
vt 0.2119271484375 0.534336328125
vt 0.2040884765625 0.534336328125
vt 0.2040884765625 0.517578125
vt 0.2353384765625 0.46484375
vt 0.2353384765625 0.46050625
vt 0.2431771484375 0.46050625
vt 0.114541796875 0.61296015625
vt 0.115830078125 0.623780859375
vt 0.10148046875 0.63813046875
vt 0.10148046875 0.63813046875
vt 0.09854296875 0.6349390625
vt 0.100319921875 0.62182421875
vt 0.358064453125 0.788991796875
vt 0.354873046875 0.786054296875
vt 0.36922265625 0.7717046875
vt 0.36922265625 0.7717046875
vt 0.380043359375 0.77299296875
vt 0.371179296875 0.78721484375
vt 0.4775521484375 0.90625
vt 0.4697134765625 0.90625
vt 0.4697134765625 0.889491796875
vt 0.0790884765625 0.4566
vt 0.0869271484375 0.4566
vt 0.0869271484375 0.4609375
vt 0.090659765625 0.65971171875
vt 0.10148046875 0.6584234375
vt 0.115830078125 0.672773046875
vt 0.115830078125 0.672773046875
vt 0.112638671875 0.675710546875
vt 0.099523828125 0.67393359375
vt 0.31729296875 0.77489609375
vt 0.32023046875 0.7717046875
vt 0.334580078125 0.786054296875
vt 0.334580078125 0.786054296875
vt 0.333291796875 0.796875
vt 0.319069921875 0.7880109375
vt 0.0790884765625 0.5027734374999999
vt 0.0869271484375 0.5027734374999999
vt 0.0869271484375 0.51953125
vt 0.5517708984375 0.724609375
vt 0.5517708984375 0.728946875
vt 0.5439322265625 0.728946875
vt 0.137411328125 0.68359375
vt 0.136123046875 0.672773046875
vt 0.15047265625 0.6584234375
vt 0.15047265625 0.6584234375
vt 0.15341015625 0.66161484375
vt 0.151633203125 0.6747296875
vt 0.3798697265625 0.65505859375
vt 0.3798697265625 0.634765625
vt 0.3877083984375 0.634765625
vt 0.0400521484375 0.900390625
vt 0.0400521484375 0.920683984375
vt 0.0322134765625 0.920683984375
vt 0.2392708984375 0.625
vt 0.2314322265625 0.625
vt 0.2314322265625 0.60470703125
vt 0.0105951171875 0.9629953125
vt 0.0183607421875 0.944246875
vt 0.0371091796875 0.93648125
vt 0.0371095703125 0.936480859375
vt 0.055857890625 0.9442467578125
vt 0.0636236328125 0.9629953125
vt 0.0636236328125 0.9629953125
vt 0.055857890625 0.9817438671875
vt 0.0371095703125 0.989509765625
vt 0.0371095703125 0.989509765625
vt 0.0183611328125 0.981744140625
vt 0.0105955078125 0.962995703125
vt 0.0105951171875 0.9629953125
vt 0.0371095703125 0.936480859375
vt 0.0636236328125 0.9629953125
vt 0.1376822265625 0.59298828125
vt 0.1455208984375 0.59298828125
vt 0.1455208984375 0.61328125
vt 0.1027328125 0.791903515625
vt 0.1104984375 0.810651953125
vt 0.1027328125 0.829400390625
vt 0.1027328125 0.829400390625
vt 0.083984375 0.837166015625
vt 0.0652359375 0.829400390625
vt 0.0652359375 0.829400390625
vt 0.0574703125 0.810651953125
vt 0.0652359375 0.791903515625
vt 0.0652359375 0.791903515625
vt 0.083984375 0.7841378906250001
vt 0.1027328125 0.791903515625
vt 0.1027328125 0.791903515625
vt 0.1027328125 0.829400390625
vt 0.0652359375 0.829400390625
vt 0.5361458984375 0.934415234375
vt 0.5361458984375 0.9453125
vt 0.5283072265625 0.9453125
vt 0.5244009765625 0.9609375
vt 0.5244009765625 0.950040234375
vt 0.5322396484375 0.950040234375
vt 0.5283072265625 0.518709375
vt 0.5283072265625 0.5078125
vt 0.5361458984375 0.5078125
vt 0.5361458984375 0.5234375
vt 0.5361458984375 0.534334375
vt 0.5283072265625 0.534334375
vt 0.4736197265625 0.482421875
vt 0.4814583984375 0.482421875
vt 0.4814583984375 0.49565664062500003
vt 0.1806771484375 0.48784414062500003
vt 0.1728384765625 0.48784414062500003
vt 0.1728384765625 0.474609375
vt 0.5205208984375 0.73046875
vt 0.5126822265625 0.73046875
vt 0.5126822265625 0.717233984375
vt 0.2275259765625 0.49609375
vt 0.2275259765625 0.48285898437499997
vt 0.2353646484375 0.48285898437499997
vt 0.0142884765625 0.94275390625
vt 0.0183607421875 0.944246875
vt 0.0105951171875 0.9629953125
vt 0.0105951171875 0.9629953125
vt 0.0001048828125 0.96594609375
vt 0.0028517578125 0.94941484375
vt 0.3876822265625 0.537109375
vt 0.3955208984375 0.537109375
vt 0.3955208984375 0.553867578125
vt 0.0634634765625 0.459415625
vt 0.0634634765625 0.455078125
vt 0.0713021484375 0.455078125
vt 0.120988671875 0.813602734375
vt 0.1104984375 0.810651953125
vt 0.1027328125 0.791903515625
vt 0.1027328125 0.791903515625
vt 0.106805078125 0.790410546875
vt 0.118241796875 0.797071484375
vt 0.0573508984375 0.9401745312500001
vt 0.055857890625 0.9442467578125
vt 0.0371095703125 0.936480859375
vt 0.0371095703125 0.936480859375
vt 0.0341589453125 0.9259905859374999
vt 0.05069015625 0.9287376953125
vt 0.4658333984375 0.737461328125
vt 0.4579947265625 0.737461328125
vt 0.4579947265625 0.720703125
vt 0.5439583984375 0.83984375
vt 0.5361197265625 0.83984375
vt 0.5361197265625 0.83550625
vt 0.08693515625 0.77364765625
vt 0.083984375 0.7841378906250001
vt 0.0652359375 0.791903515625
vt 0.0652359375 0.791903515625
vt 0.06374296875 0.78783125
vt 0.07040390625 0.77639453125
vt 0.0599301953125 0.98323671875
vt 0.0558579296875 0.9817437109375
vt 0.0636236328125 0.9629953125
vt 0.0636236328125 0.9629953125
vt 0.0741138671875 0.9600445703125
vt 0.071366953125 0.9765758203125
vt 0.4736458984375 0.71484375
vt 0.4658072265625 0.71484375
vt 0.4658072265625 0.698085546875
vt 0.1025521484375 0.4566
vt 0.1025521484375 0.4609375
vt 0.0947134765625 0.4609375
vt 0.046980078125 0.807701171875
vt 0.0574703125 0.810651953125
vt 0.0652359375 0.829400390625
vt 0.0652359375 0.829400390625
vt 0.061163671875 0.830893359375
vt 0.049726953125 0.824232421875
vt 0.0168681640625 0.98581640625
vt 0.0183611328125 0.981744140625
vt 0.0371095703125 0.989509765625
vt 0.0371095703125 0.989509765625
vt 0.0400603515625 1
vt 0.0235291015625 0.997253125
vt 0.4033072265625 0.518398046875
vt 0.4111458984375 0.518398046875
vt 0.4111458984375 0.53515625
vt 0.5439322265625 0.736328125
vt 0.5517708984375 0.736328125
vt 0.5517708984375 0.740665625
vt 0.08103359375 0.84765625
vt 0.083984375 0.837166015625
vt 0.1027328125 0.829400390625
vt 0.1027328125 0.829400390625
vt 0.10422578125 0.83347265625
vt 0.09756484375 0.844909375
vt 0.0009634765625 0.74490234375
vt 0.0009634765625 0.724609375
vt 0.0088021484375 0.724609375
vt 0.0088021484375 0.916015625
vt 0.0088021484375 0.936308984375
vt 0.0009634765625 0.936308984375
vt 0.1963021484375 0.87109375
vt 0.1884634765625 0.87109375
vt 0.1884634765625 0.85080078125
vt 0.1121576171875 0.96299640625
vt 0.1199233203125 0.9442478515625
vt 0.1386716015625 0.936481484375
vt 0.13867140625 0.9364816796875
vt 0.1574200390625 0.9442468359375
vt 0.1651861328125 0.962995078125
vt 0.1651861328125 0.962995078125
vt 0.1574209765625 0.9817437109375
vt 0.138672734375 0.9895098046875
vt 0.138672734375 0.9895098046875
vt 0.1199240625 0.9817444140625
vt 0.1121578125 0.9629966015625
vt 0.1121576171875 0.96299640625
vt 0.13867140625 0.9364816796875
vt 0.1651861328125 0.962995078125
vt 0.1611197265625 0.65158203125
vt 0.1689583984375 0.65158203125
vt 0.1689583984375 0.671875
vt 0.2160140625 0.893466015625
vt 0.2237796875 0.912214453125
vt 0.2160140625 0.930962890625
vt 0.2160140625 0.930962890625
vt 0.197265625 0.938728515625
vt 0.1785171875 0.930962890625
vt 0.1785171875 0.930962890625
vt 0.1707515625 0.912214453125
vt 0.1785171875 0.893466015625
vt 0.1785171875 0.893466015625
vt 0.197265625 0.8857003906250001
vt 0.2160140625 0.893466015625
vt 0.2160140625 0.893466015625
vt 0.2160140625 0.930962890625
vt 0.1785171875 0.930962890625
vt 0.2040884765625 0.46566523437499996
vt 0.2119271484375 0.46566523437499996
vt 0.2119271484375 0.4765625
vt 0.1689322265625 0.63671875
vt 0.1689322265625 0.6258214843750001
vt 0.1767708984375 0.6258214843750001
vt 0.5283072265625 0.710115625
vt 0.5283072265625 0.69921875
vt 0.5361458984375 0.69921875
vt 0.2978646484375 0.4609375
vt 0.2978646484375 0.47183437500000003
vt 0.2900259765625 0.47183437500000003
vt 0.4970572265625 0.517578125
vt 0.5048958984375 0.517578125
vt 0.5048958984375 0.530812890625
vt 0.0869271484375 0.49565664062500003
vt 0.0790884765625 0.49565664062500003
vt 0.0790884765625 0.482421875
vt 0.5166146484375 0.8125
vt 0.5087759765625 0.8125
vt 0.5087759765625 0.799265234375
vt 0.3564322265625 0.5546875
vt 0.3564322265625 0.541452734375
vt 0.3642708984375 0.541452734375
vt 0.1158510546875 0.9427548828125
vt 0.1199233203125 0.9442478515625
vt 0.1121576953125 0.9629962890625
vt 0.1121576953125 0.9629962890625
vt 0.1016674609375 0.9659470703125
vt 0.1044143359375 0.9494158203125
vt 0.3212759765625 0.599609375
vt 0.3291146484375 0.599609375
vt 0.3291146484375 0.616367578125
vt 0.3447396484375 0.463321875
vt 0.3369009765625 0.463321875
vt 0.3369009765625 0.458984375
vt 0.234269921875 0.915165234375
vt 0.2237796875 0.912214453125
vt 0.2160140625 0.893466015625
vt 0.2160140625 0.893466015625
vt 0.220086328125 0.891973046875
vt 0.231523046875 0.898633984375
vt 0.1589129296875 0.9401745312500001
vt 0.1574200390625 0.9442468359375
vt 0.13867140625 0.9364816796875
vt 0.13867140625 0.9364816796875
vt 0.1357203515625 0.9259915234375
vt 0.1522516796875 0.92873796875
vt 0.4306771484375 0.960117578125
vt 0.4228384765625 0.960117578125
vt 0.4228384765625 0.943359375
vt 0.3017708984375 0.87890625
vt 0.2939322265625 0.87890625
vt 0.2939322265625 0.87456875
vt 0.20021640625 0.87521015625
vt 0.197265625 0.8857003906250001
vt 0.1785171875 0.893466015625
vt 0.1785171875 0.893466015625
vt 0.17702421875 0.88939375
vt 0.18368515625 0.87795703125
vt 0.16149328125 0.9832365625
vt 0.1574209765625 0.9817437109375
vt 0.1651861328125 0.962995078125
vt 0.1651861328125 0.962995078125
vt 0.1756762890625 0.9600440234375
vt 0.17292984375 0.9765753515625
vt 0.4541146484375 0.59375
vt 0.4462759765625 0.59375
vt 0.4462759765625 0.576991796875
vt 0.5439583984375 0.56988125
vt 0.5439583984375 0.57421875
vt 0.5361197265625 0.57421875
vt 0.160261328125 0.909263671875
vt 0.1707515625 0.912214453125
vt 0.1785171875 0.930962890625
vt 0.1785171875 0.930962890625
vt 0.174444921875 0.932455859375
vt 0.163008203125 0.925794921875
vt 0.1184312890625 0.9858167578125
vt 0.1199241796875 0.981744453125
vt 0.138672734375 0.9895098046875
vt 0.138672734375 0.9895098046875
vt 0.141623671875 1
vt 0.1250923828125 0.997253359375
vt 0.0478384765625 0.534023046875
vt 0.0556771484375 0.534023046875
vt 0.0556771484375 0.55078125
vt 0.5400259765625 0.798828125
vt 0.5478646484375 0.798828125
vt 0.5478646484375 0.803165625
vt 0.19431484375 0.94921875
vt 0.197265625 0.938728515625
vt 0.2160140625 0.930962890625
vt 0.2160140625 0.930962890625
vt 0.21750703125 0.93503515625
vt 0.21084609375 0.946471875
vt 0.078720703125 0.861354296875
vt 0.078720703125 0.853515625
vt 0.099013671875 0.853515625
vt 0.1338021484375 0.82421875
vt 0.1259634765625 0.82421875
vt 0.1259634765625 0.80392578125
vt 0.156845703125 0.992161328125
vt 0.177138671875 0.992161328125
vt 0.177138671875 1
vt 0.32023046875 0.64203671875
vt 0.334580078125 0.627687109375
vt 0.354873046875 0.627687109375
vt 0.354873046875 0.627687109375
vt 0.36922265625 0.64203671875
vt 0.36922265625 0.6623296875
vt 0.36922265625 0.6623296875
vt 0.354873046875 0.676679296875
vt 0.334580078125 0.676679296875
vt 0.334580078125 0.676679296875
vt 0.32023046875 0.6623296875
vt 0.32023046875 0.64203671875
vt 0.32023046875 0.64203671875
vt 0.354873046875 0.627687109375
vt 0.36922265625 0.6623296875
vt 0.0165884765625 0.79611328125
vt 0.0244271484375 0.79611328125
vt 0.0244271484375 0.81640625
vt 0.374404296875 0.940187109375
vt 0.38875390625 0.95453671875
vt 0.38875390625 0.9748296875
vt 0.38875390625 0.9748296875
vt 0.374404296875 0.989179296875
vt 0.354111328125 0.989179296875
vt 0.354111328125 0.989179296875
vt 0.33976171875 0.9748296875
vt 0.33976171875 0.95453671875
vt 0.33976171875 0.95453671875
vt 0.354111328125 0.940187109375
vt 0.374404296875 0.940187109375
vt 0.374404296875 0.940187109375
vt 0.38875390625 0.9748296875
vt 0.354111328125 0.989179296875
vt 0.3369009765625 0.703125
vt 0.3369009765625 0.6922277343750001
vt 0.3447396484375 0.6922277343750001
vt 0.0322134765625 0.815584765625
vt 0.0322134765625 0.8046875
vt 0.0400521484375 0.8046875
vt 0.1923697265625 0.65234375
vt 0.2002083984375 0.65234375
vt 0.2002083984375 0.6632410156249999
vt 0.3095833984375 0.758633984375
vt 0.3095833984375 0.76953125
vt 0.3017447265625 0.76953125
vt 0.2197134765625 0.847219140625
vt 0.2197134765625 0.833984375
vt 0.2275521484375 0.833984375
vt 0.3369271484375 0.486328125
vt 0.3369271484375 0.49956289062500003
vt 0.3290884765625 0.49956289062500003
vt 0.3525521484375 0.5
vt 0.3447134765625 0.5
vt 0.3447134765625 0.48676523437499997
vt 0.5087759765625 0.947702734375
vt 0.5166146484375 0.947702734375
vt 0.5166146484375 0.9609375
vt 0.331388671875 0.624749609375
vt 0.334580078125 0.627687109375
vt 0.32023046875 0.64203671875
vt 0.32023046875 0.64203671875
vt 0.309409765625 0.6407484375
vt 0.318273828125 0.6265265625
vt 0.0478384765625 0.509765625
vt 0.0556771484375 0.509765625
vt 0.0556771484375 0.5265234375000001
vt 0.5361197265625 0.490665625
vt 0.5361197265625 0.486328125
vt 0.5439583984375 0.486328125
vt 0.399574609375 0.9532484375
vt 0.38875390625 0.95453671875
vt 0.374404296875 0.940187109375
vt 0.374404296875 0.940187109375
vt 0.377595703125 0.937249609375
vt 0.390710546875 0.9390265625
vt 0.37216015625 0.6388453125
vt 0.36922265625 0.64203671875
vt 0.354873046875 0.627687109375
vt 0.354873046875 0.627687109375
vt 0.356161328125 0.61686640625
vt 0.370383203125 0.62573046875
vt 0.4775521484375 0.5890234375000001
vt 0.4697134765625 0.5890234375000001
vt 0.4697134765625 0.572265625
vt 0.3252083984375 0.96875
vt 0.3173697265625 0.96875
vt 0.3173697265625 0.9644125
vt 0.352823046875 0.92936640625
vt 0.354111328125 0.940187109375
vt 0.33976171875 0.95453671875
vt 0.33976171875 0.95453671875
vt 0.33682421875 0.9513453125
vt 0.338601171875 0.93823046875
vt 0.358064453125 0.679616796875
vt 0.354873046875 0.676679296875
vt 0.36922265625 0.6623296875
vt 0.36922265625 0.6623296875
vt 0.380043359375 0.66361796875
vt 0.371179296875 0.67783984375
vt 0.2822396484375 0.534023046875
vt 0.2822396484375 0.55078125
vt 0.2744009765625 0.55078125
vt 0.3759634765625 0.46050625
vt 0.3838021484375 0.46050625
vt 0.3838021484375 0.46484375
vt 0.328941015625 0.97611796875
vt 0.33976171875 0.9748296875
vt 0.354111328125 0.989179296875
vt 0.354111328125 0.989179296875
vt 0.350919921875 0.992116796875
vt 0.337805078125 0.99033984375
vt 0.31729296875 0.66552109375
vt 0.32023046875 0.6623296875
vt 0.334580078125 0.676679296875
vt 0.334580078125 0.676679296875
vt 0.333291796875 0.6875
vt 0.319069921875 0.6786359375
vt 0.3798697265625 0.5144921874999999
vt 0.3877083984375 0.5144921874999999
vt 0.3877083984375 0.53125
vt 0.2119271484375 0.455078125
vt 0.2119271484375 0.459415625
vt 0.2040884765625 0.459415625
vt 0.375692578125 1
vt 0.374404296875 0.989179296875
vt 0.38875390625 0.9748296875
vt 0.38875390625 0.9748296875
vt 0.39169140625 0.97802109375
vt 0.389914453125 0.9911359375
vt 0.219739453125 0.56130859375
vt 0.211901171875 0.56130859375
vt 0.211901171875 0.541015625
vt 0.250989453125 0.5703125
vt 0.243151171875 0.5703125
vt 0.243151171875 0.55001953125
vt 0.184557421875 0.54220703125
vt 0.192395703125 0.54220703125
vt 0.192395703125 0.5625
vt 0.449025 0.947425
vt 0.4677734375 0.939659375
vt 0.486521875 0.947425
vt 0.486521875 0.947425
vt 0.4942875 0.9661734375
vt 0.486521875 0.984921875
vt 0.486521875 0.984921875
vt 0.4677734375 0.9926875
vt 0.449025 0.984921875
vt 0.449025 0.984921875
vt 0.441259375 0.9661734375
vt 0.449025 0.947425
vt 0.449025 0.947425
vt 0.486521875 0.947425
vt 0.486521875 0.984921875
vt 0.407213671875 0.951171875
vt 0.415051953125 0.951171875
vt 0.415051953125 0.971465234375
vt 0.4677734375 0.767784375
vt 0.486521875 0.77555
vt 0.4942875 0.7942984375
vt 0.4942875 0.7942984375
vt 0.486521875 0.813046875
vt 0.4677734375 0.8208125
vt 0.4677734375 0.8208125
vt 0.449025 0.813046875
vt 0.441259375 0.7942984375
vt 0.441259375 0.7942984375
vt 0.449025 0.77555
vt 0.4677734375 0.767784375
vt 0.4677734375 0.767784375
vt 0.4942875 0.7942984375
vt 0.4677734375 0.8208125
vt 0.532213671875 0.61328125
vt 0.532213671875 0.6023839843750001
vt 0.540051953125 0.6023839843750001
vt 0.360338671875 0.46792851562500004
vt 0.360338671875 0.45703125
vt 0.368176953125 0.45703125
vt 0.532213671875 0.6171875
vt 0.540051953125 0.6171875
vt 0.540051953125 0.6280847656249999
vt 0.528333203125 0.46175898437499996
vt 0.528333203125 0.47265625
vt 0.520494921875 0.47265625
vt 0.524426953125 0.862844140625
vt 0.516588671875 0.862844140625
vt 0.516588671875 0.849609375
vt 0.524426953125 0.8828125
vt 0.516588671875 0.8828125
vt 0.516588671875 0.869577734375
vt 0.5126823828125 0.6977025781249999
vt 0.5205206640625 0.6977023437500001
vt 0.5205207421875 0.7109375
vt 0.516588671875 0.888671875
vt 0.524426953125 0.888671875
vt 0.524426953125 0.901906640625
vt 0.46594921875 0.935723828125
vt 0.4677734375 0.939659375
vt 0.449025 0.947425
vt 0.449025 0.947425
vt 0.439520703125 0.942094140625
vt 0.453152734375 0.932346875
vt 0.032213671875 0.486328125
vt 0.040051953125 0.486328125
vt 0.040051953125 0.503086328125
vt 0.547838671875 0.998478125
vt 0.547838671875 0.994140625
vt 0.555676953125 0.994140625
vt 0.496026171875 0.770219140625
vt 0.486521875 0.77555
vt 0.4677734375 0.767784375
vt 0.4677734375 0.767784375
vt 0.46959765625 0.763848828125
vt 0.482394140625 0.760471875
vt 0.498223046875 0.96434921875
vt 0.4942875 0.9661734375
vt 0.486521875 0.947425
vt 0.486521875 0.947425
vt 0.491852734375 0.937920703125
vt 0.5016 0.951552734375
vt 0.383801953125 0.506992578125
vt 0.375963671875 0.506992578125
vt 0.375963671875 0.490234375
vt 0.543932421875 0.5390625
vt 0.543932421875 0.534725
vt 0.551770703125 0.534725
vt 0.443694140625 0.766045703125
vt 0.449025 0.77555
vt 0.441259375 0.7942984375
vt 0.441259375 0.7942984375
vt 0.437323828125 0.79247421875
vt 0.433946875 0.779677734375
vt 0.46959765625 0.996623046875
vt 0.4677734375 0.9926875
vt 0.486521875 0.984921875
vt 0.486521875 0.984921875
vt 0.496026171875 0.990252734375
vt 0.482394140625 1
vt 0.434583203125 0.50390625
vt 0.426744921875 0.50390625
vt 0.426744921875 0.48714843750000003
vt 0.1103384765625 0.7300375
vt 0.1181767578125 0.7300373437500001
vt 0.1181768359375 0.73437484375
vt 0.439520703125 0.818377734375
vt 0.449025 0.813046875
vt 0.4677734375 0.8208125
vt 0.4677734375 0.8208125
vt 0.46594921875 0.824748046875
vt 0.453152734375 0.828125
vt 0.437323828125 0.96799765625
vt 0.441259375 0.9661734375
vt 0.449025 0.984921875
vt 0.449025 0.984921875
vt 0.443694140625 0.994426171875
vt 0.433946875 0.980794140625
vt 0.016588671875 0.491054296875
vt 0.024426953125 0.491054296875
vt 0.024426953125 0.5078125
vt 0.543932421875 0.544921875
vt 0.551770703125 0.544921875
vt 0.551770703125 0.549259375
vt 0.491852734375 0.822551171875
vt 0.486521875 0.813046875
vt 0.4942875 0.7942984375
vt 0.4942875 0.7942984375
vt 0.498223046875 0.79612265625
vt 0.5016 0.808919140625
vt 0.1298958984375 0.61599609375
vt 0.1220572265625 0.61599609375
vt 0.1220572265625 0.595703125
vt 0.4033333984375 0.7890625
vt 0.3954947265625 0.7890625
vt 0.3954947265625 0.76876953125
vt 0.0165884765625 0.59298828125
vt 0.0244271484375 0.59298828125
vt 0.0244271484375 0.61328125
vt 0.241806640625 0.84490703125
vt 0.262099609375 0.84490703125
vt 0.27644921875 0.859256640625
vt 0.27644921875 0.859256640625
vt 0.27644921875 0.879549609375
vt 0.262099609375 0.89389921875
vt 0.262099609375 0.89389921875
vt 0.241806640625 0.89389921875
vt 0.22745703125 0.879549609375
vt 0.22745703125 0.879549609375
vt 0.22745703125 0.859256640625
vt 0.241806640625 0.84490703125
vt 0.241806640625 0.84490703125
vt 0.27644921875 0.859256640625
vt 0.262099609375 0.89389921875
vt 0.3954947265625 0.76052734375
vt 0.3954947265625 0.740234375
vt 0.4033333984375 0.740234375
vt 0.280869140625 0.78631328125
vt 0.301162109375 0.78631328125
vt 0.31551171875 0.800662890625
vt 0.31551171875 0.800662890625
vt 0.31551171875 0.820955859375
vt 0.301162109375 0.83530546875
vt 0.301162109375 0.83530546875
vt 0.280869140625 0.83530546875
vt 0.26651953125 0.820955859375
vt 0.26651953125 0.820955859375
vt 0.26651953125 0.800662890625
vt 0.280869140625 0.78631328125
vt 0.280869140625 0.78631328125
vt 0.31551171875 0.800662890625
vt 0.301162109375 0.83530546875
vt 0.0947134765625 0.4765625
vt 0.0947134765625 0.46566523437499996
vt 0.1025521484375 0.46566523437499996
vt 0.1103384765625 0.47574101562500004
vt 0.1103384765625 0.46484375
vt 0.1181771484375 0.46484375
vt 0.5283072265625 0.5390625
vt 0.5361458984375 0.5390625
vt 0.5361458984375 0.549959375
vt 0.1338021484375 0.46175898437499996
vt 0.1338021484375 0.47265625
vt 0.1259634765625 0.47265625
vt 0.5166146484375 0.654296875
vt 0.5166146484375 0.667531640625
vt 0.5087759765625 0.667531640625
vt 0.5205208984375 0.75
vt 0.5126822265625 0.75
vt 0.5126822265625 0.736765234375
vt 0.3134634765625 0.4921875
vt 0.3134634765625 0.47895273437499997
vt 0.3213021484375 0.47895273437499997
vt 0.5048697265625 0.755859375
vt 0.5127083984375 0.755859375
vt 0.5127083984375 0.769094140625
vt 0.2619203125 0.8405734375
vt 0.262099609375 0.84490703125
vt 0.241806640625 0.84490703125
vt 0.241806640625 0.84490703125
vt 0.235066015625 0.836344921875
vt 0.251390234375 0.83255625
vt 0.0165884765625 0.513671875
vt 0.0244271484375 0.513671875
vt 0.0244271484375 0.530430078125
vt 0.5400259765625 0.955509375
vt 0.5400259765625 0.951171875
vt 0.5478646484375 0.951171875
vt 0.307902734375 0.777751171875
vt 0.301162109375 0.78631328125
vt 0.280869140625 0.78631328125
vt 0.280869140625 0.78631328125
vt 0.2810484375 0.7819796875
vt 0.291578515625 0.7739625
vt 0.2807828125 0.8793703125
vt 0.27644921875 0.879549609375
vt 0.27644921875 0.859256640625
vt 0.27644921875 0.859256640625
vt 0.285011328125 0.852516015625
vt 0.2888 0.868840234375
vt 0.4892708984375 0.9327734375
vt 0.4814322265625 0.9327734375
vt 0.4814322265625 0.916015625
vt 0.5439322265625 0.765625
vt 0.5439322265625 0.7612875
vt 0.5517708984375 0.7612875
vt 0.257957421875 0.793922265625
vt 0.26651953125 0.800662890625
vt 0.26651953125 0.820955859375
vt 0.26651953125 0.820955859375
vt 0.2621859375 0.8207765625
vt 0.25416875 0.810246484375
vt 0.2419859375 0.8982328125
vt 0.241806640625 0.89389921875
vt 0.262099609375 0.89389921875
vt 0.262099609375 0.89389921875
vt 0.268840234375 0.902461328125
vt 0.252516015625 0.90625
vt 0.0088021484375 0.53125
vt 0.0009634765625 0.53125
vt 0.0009634765625 0.514491796875
vt 0.1338021484375 0.45269375
vt 0.1338021484375 0.45703125
vt 0.1259634765625 0.45703125
vt 0.274128515625 0.843867578125
vt 0.280869140625 0.83530546875
vt 0.301162109375 0.83530546875
vt 0.301162109375 0.83530546875
vt 0.3009828125 0.8396390625
vt 0.290452734375 0.84765625
vt 0.2231234375 0.8594359375
vt 0.22745703125 0.859256640625
vt 0.22745703125 0.879549609375
vt 0.22745703125 0.879549609375
vt 0.218894921875 0.886290234375
vt 0.21510625 0.869966015625
vt 0.3642447265625 0.53515625
vt 0.3642447265625 0.518398046875
vt 0.3720833984375 0.518398046875
vt 0.5517708984375 0.748046875
vt 0.5517708984375 0.752384375
vt 0.5439322265625 0.752384375
vt 0.324073828125 0.827696484375
vt 0.31551171875 0.820955859375
vt 0.31551171875 0.800662890625
vt 0.31551171875 0.800662890625
vt 0.3198453125 0.8008421875
vt 0.3278625 0.811372265625
vt 0.3447396484375 0.72927734375
vt 0.3369009765625 0.72927734375
vt 0.3369009765625 0.708984375
vt 0.0088021484375 0.609375
vt 0.0009634765625 0.609375
vt 0.0009634765625 0.58908203125
vt 0.2822134765625 0.64376953125
vt 0.2900521484375 0.64376953125
vt 0.2900521484375 0.6640625
vt 0.073837890625 0.68475078125
vt 0.094130859375 0.68475078125
vt 0.10848046875 0.699100390625
vt 0.10848046875 0.699100390625
vt 0.10848046875 0.7193933593749999
vt 0.094130859375 0.73374296875
vt 0.094130859375 0.73374296875
vt 0.073837890625 0.73374296875
vt 0.05948828125 0.7193933593749999
vt 0.05948828125 0.7193933593749999
vt 0.05948828125 0.699100390625
vt 0.073837890625 0.68475078125
vt 0.073837890625 0.68475078125
vt 0.10848046875 0.699100390625
vt 0.094130859375 0.73374296875
vt 0.3525259765625 0.60818359375
vt 0.3525259765625 0.587890625
vt 0.3603646484375 0.587890625
vt 0.175400390625 0.68084453125
vt 0.195693359375 0.68084453125
vt 0.21004296875 0.695194140625
vt 0.21004296875 0.695194140625
vt 0.21004296875 0.7154871093749999
vt 0.195693359375 0.72983671875
vt 0.195693359375 0.72983671875
vt 0.175400390625 0.72983671875
vt 0.16105078125 0.7154871093749999
vt 0.16105078125 0.7154871093749999
vt 0.16105078125 0.695194140625
vt 0.175400390625 0.68084453125
vt 0.175400390625 0.68084453125
vt 0.21004296875 0.695194140625
vt 0.195693359375 0.72983671875
vt 0.3525521484375 0.48046875
vt 0.3447134765625 0.48046875
vt 0.3447134765625 0.46957148437499996
vt 0.4228384765625 0.47964726562500004
vt 0.4228384765625 0.46875
vt 0.4306771484375 0.46875
vt 0.5361458984375 0.71484375
vt 0.5361458984375 0.725740625
vt 0.5283072265625 0.725740625
vt 0.4814583984375 0.46566523437499996
vt 0.4814583984375 0.4765625
vt 0.4736197265625 0.4765625
vt 0.5127083984375 0.562062890625
vt 0.5048697265625 0.562062890625
vt 0.5048697265625 0.548828125
vt 0.1650521484375 0.48828125
vt 0.1572134765625 0.48828125
vt 0.1572134765625 0.47504648437499997
vt 0.5048697265625 0.674265234375
vt 0.5127083984375 0.674265234375
vt 0.5127083984375 0.6875
vt 0.5009634765625 0.611328125
vt 0.5088021484375 0.611328125
vt 0.5088021484375 0.624562890625
vt 0.0939515625 0.6804171875
vt 0.094130859375 0.68475078125
vt 0.073837890625 0.68475078125
vt 0.073837890625 0.68475078125
vt 0.067097265625 0.676188671875
vt 0.083421484375 0.6724
vt 0.4658072265625 0.928867578125
vt 0.4658072265625 0.912109375
vt 0.4736458984375 0.912109375
vt 0.4540884765625 0.463321875
vt 0.4540884765625 0.458984375
vt 0.4619271484375 0.458984375
vt 0.202433984375 0.672282421875
vt 0.195693359375 0.68084453125
vt 0.175400390625 0.68084453125
vt 0.175400390625 0.68084453125
vt 0.1755796875 0.6765109375
vt 0.186109765625 0.66849375
vt 0.1128140625 0.7192140625
vt 0.10848046875 0.7193933593749999
vt 0.10848046875 0.699100390625
vt 0.10848046875 0.699100390625
vt 0.117042578125 0.692359765625
vt 0.12083125 0.708683984375
vt 0.0400521484375 0.5265234375000001
vt 0.0322134765625 0.5265234375000001
vt 0.0322134765625 0.509765625
vt 0.4697134765625 0.4609375
vt 0.4697134765625 0.4566
vt 0.4775521484375 0.4566
vt 0.152488671875 0.688453515625
vt 0.16105078125 0.695194140625
vt 0.16105078125 0.7154871093749999
vt 0.16105078125 0.7154871093749999
vt 0.1567171875 0.7153078125
vt 0.1487 0.704777734375
vt 0.0740171875 0.7380765625
vt 0.073837890625 0.73374296875
vt 0.094130859375 0.73374296875
vt 0.094130859375 0.73374296875
vt 0.100871484375 0.742305078125
vt 0.084547265625 0.74609375
vt 0.4697396484375 0.61328125
vt 0.4619009765625 0.61328125
vt 0.4619009765625 0.596523046875
vt 0.5478646484375 0.6675375
vt 0.5478646484375 0.671875
vt 0.5400259765625 0.671875
vt 0.168659765625 0.738398828125
vt 0.175400390625 0.72983671875
vt 0.195693359375 0.72983671875
vt 0.195693359375 0.72983671875
vt 0.1955140625 0.7341703125
vt 0.184983984375 0.7421875
vt 0.0551546875 0.6992796875
vt 0.05948828125 0.699100390625
vt 0.05948828125 0.7193933593749999
vt 0.05948828125 0.7193933593749999
vt 0.050926171875 0.726133984375
vt 0.0471375 0.709809765625
vt 0.2431509765625 0.526210546875
vt 0.2509896484375 0.526210546875
vt 0.2509896484375 0.54296875
vt 0.5517708984375 0.939453125
vt 0.5517708984375 0.943790625
vt 0.5439322265625 0.943790625
vt 0.218605078125 0.722227734375
vt 0.21004296875 0.7154871093749999
vt 0.21004296875 0.695194140625
vt 0.21004296875 0.695194140625
vt 0.2143765625 0.6953734375
vt 0.22239375 0.705903515625
vt 0.024426953125 0.58474609375
vt 0.016588671875 0.58474609375
vt 0.016588671875 0.564453125
vt 0.418958203125 0.75705078125
vt 0.418958203125 0.77734375
vt 0.411119921875 0.77734375
vt 0.415026171875 0.97970703125
vt 0.422864453125 0.97970703125
vt 0.422864453125 1
vt 0.30449375 0.51383125
vt 0.3232421875 0.506065625
vt 0.341990625 0.51383125
vt 0.341990625 0.51383125
vt 0.34975625 0.5325796875
vt 0.341990625 0.551328125
vt 0.341990625 0.551328125
vt 0.3232421875 0.55909375
vt 0.30449375 0.551328125
vt 0.30449375 0.551328125
vt 0.296728125 0.5325796875
vt 0.30449375 0.51383125
vt 0.30449375 0.51383125
vt 0.341990625 0.51383125
vt 0.341990625 0.551328125
vt 0.399401171875 0.978515625
vt 0.407239453125 0.978515625
vt 0.407239453125 0.998808984375
vt 0.4677734375 0.623253125
vt 0.486521875 0.63101875
vt 0.4942875 0.6497671875
vt 0.4942875 0.6497671875
vt 0.486521875 0.668515625
vt 0.4677734375 0.67628125
vt 0.4677734375 0.67628125
vt 0.449025 0.668515625
vt 0.441259375 0.6497671875
vt 0.441259375 0.6497671875
vt 0.449025 0.63101875
vt 0.4677734375 0.623253125
vt 0.4677734375 0.623253125
vt 0.4942875 0.6497671875
vt 0.4677734375 0.67628125
vt 0.188463671875 0.46875
vt 0.188463671875 0.45785273437499996
vt 0.196301953125 0.45785273437499996
vt 0.532213671875 0.866366015625
vt 0.532213671875 0.85546875
vt 0.540051953125 0.85546875
vt 0.172838671875 0.45703125
vt 0.180676953125 0.45703125
vt 0.180676953125 0.46792851562500004
vt 0.497083203125 0.46175898437499996
vt 0.497083203125 0.47265625
vt 0.489244921875 0.47265625
vt 0.520520703125 0.542531640625
vt 0.512682421875 0.542531640625
vt 0.512682421875 0.529296875
vt 0.520520703125 0.5859375
vt 0.512682421875 0.5859375
vt 0.512682421875 0.572702734375
vt 0.375963671875 0.47114023437499997
vt 0.383801953125 0.47114023437499997
vt 0.383801953125 0.484375
vt 0.407213671875 0.474609375
vt 0.415051953125 0.474609375
vt 0.415051953125 0.48784414062500003
vt 0.32141796875 0.502130078125
vt 0.3232421875 0.506065625
vt 0.30449375 0.51383125
vt 0.30449375 0.51383125
vt 0.294989453125 0.5085003906250001
vt 0.308621484375 0.498753125
vt 0.411119921875 0.494140625
vt 0.418958203125 0.494140625
vt 0.418958203125 0.510898828125
vt 0.543932421875 0.514103125
vt 0.543932421875 0.509765625
vt 0.551770703125 0.509765625
vt 0.496026171875 0.6256878906250001
vt 0.486521875 0.63101875
vt 0.4677734375 0.623253125
vt 0.4677734375 0.623253125
vt 0.46959765625 0.619317578125
vt 0.482394140625 0.615940625
vt 0.353691796875 0.53075546875
vt 0.34975625 0.5325796875
vt 0.341990625 0.51383125
vt 0.341990625 0.51383125
vt 0.347321484375 0.504326953125
vt 0.35706875 0.517958984375
vt 0.172864453125 0.510898828125
vt 0.165026171875 0.510898828125
vt 0.165026171875 0.494140625
vt 0.543932421875 0.59765625
vt 0.543932421875 0.59331875
vt 0.551770703125 0.59331875
vt 0.443694140625 0.621514453125
vt 0.449025 0.63101875
vt 0.441259375 0.6497671875
vt 0.441259375 0.6497671875
vt 0.437323828125 0.64794296875
vt 0.433946875 0.635146484375
vt 0.32506640625 0.5630292968749999
vt 0.3232421875 0.55909375
vt 0.341990625 0.551328125
vt 0.341990625 0.551328125
vt 0.351494921875 0.556658984375
vt 0.337862890625 0.56640625
vt 0.504895703125 0.7176171874999999
vt 0.504895703125 0.734375
vt 0.497057421875 0.734375
vt 0.551770703125 0.70269375
vt 0.551770703125 0.70703125
vt 0.543932421875 0.70703125
vt 0.439520703125 0.673846484375
vt 0.449025 0.668515625
vt 0.4677734375 0.67628125
vt 0.4677734375 0.67628125
vt 0.46594921875 0.6802167968749999
vt 0.453152734375 0.68359375
vt 0.292792578125 0.53440390625
vt 0.296728125 0.5325796875
vt 0.30449375 0.551328125
vt 0.30449375 0.551328125
vt 0.299162890625 0.560832421875
vt 0.289415625 0.547200390625
vt 0.485338671875 0.893398046875
vt 0.493176953125 0.893398046875
vt 0.493176953125 0.91015625
vt 0.305676953125 0.451171875
vt 0.305676953125 0.455509375
vt 0.297838671875 0.455509375
vt 0.491852734375 0.678019921875
vt 0.486521875 0.668515625
vt 0.4942875 0.6497671875
vt 0.4942875 0.6497671875
vt 0.498223046875 0.65159140625
vt 0.5016 0.664387890625
vt 0.180283203125 0.982448046875
vt 0.180283203125 0.974609375
vt 0.200576171875 0.974609375
vt 0.0088021484375 0.71875
vt 0.0009634765625 0.71875
vt 0.0009634765625 0.69845703125
vt 0.200576171875 0.960911328125
vt 0.200576171875 0.96875
vt 0.180283203125 0.96875
vt 0.37882421875 0.81000546875
vt 0.393173828125 0.795655859375
vt 0.413466796875 0.795655859375
vt 0.413466796875 0.795655859375
vt 0.42781640625 0.81000546875
vt 0.42781640625 0.8302984375
vt 0.42781640625 0.8302984375
vt 0.413466796875 0.844648046875
vt 0.393173828125 0.844648046875
vt 0.393173828125 0.844648046875
vt 0.37882421875 0.8302984375
vt 0.37882421875 0.81000546875
vt 0.37882421875 0.81000546875
vt 0.413466796875 0.795655859375
vt 0.42781640625 0.8302984375
vt 0.2822134765625 0.97970703125
vt 0.2900521484375 0.97970703125
vt 0.2900521484375 1
vt 0.198623046875 0.569093359375
vt 0.21297265625 0.58344296875
vt 0.21297265625 0.6037359375
vt 0.21297265625 0.6037359375
vt 0.198623046875 0.618085546875
vt 0.178330078125 0.618085546875
vt 0.178330078125 0.618085546875
vt 0.16398046875 0.6037359375
vt 0.16398046875 0.58344296875
vt 0.16398046875 0.58344296875
vt 0.178330078125 0.569093359375
vt 0.198623046875 0.569093359375
vt 0.198623046875 0.569093359375
vt 0.21297265625 0.6037359375
vt 0.178330078125 0.618085546875
vt 0.2431509765625 0.48046875
vt 0.2431509765625 0.46957148437499996
vt 0.2509896484375 0.46957148437499996
vt 0.1415884765625 0.811678515625
vt 0.1415884765625 0.80078125
vt 0.1494271484375 0.80078125
vt 0.5204947265625 0.76171875
vt 0.5283333984375 0.76171875
vt 0.5283333984375 0.772616015625
vt 0.4345833984375 0.6570714843750001
vt 0.4345833984375 0.66796875
vt 0.4267447265625 0.66796875
vt 0.5009634765625 0.999562890625
vt 0.5009634765625 0.986328125
vt 0.5088021484375 0.986328125
vt 0.5088021484375 0.591796875
vt 0.5088021484375 0.605031640625
vt 0.5009634765625 0.605031640625
vt 0.4658333984375 0.48676523437499997
vt 0.4658333984375 0.5
vt 0.4579947265625 0.5
vt 0.2978384765625 0.47895273437499997
vt 0.3056771484375 0.47895273437499997
vt 0.3056771484375 0.4921875
vt 0.389982421875 0.792718359375
vt 0.393173828125 0.795655859375
vt 0.37882421875 0.81000546875
vt 0.37882421875 0.81000546875
vt 0.368003515625 0.8087171875
vt 0.376867578125 0.7944953125
vt 0.0790884765625 0.525390625
vt 0.0869271484375 0.525390625
vt 0.0869271484375 0.542148828125
vt 0.5361197265625 0.478946875
vt 0.5361197265625 0.474609375
vt 0.5439583984375 0.474609375
vt 0.223793359375 0.5821546875
vt 0.21297265625 0.58344296875
vt 0.198623046875 0.569093359375
vt 0.198623046875 0.569093359375
vt 0.201814453125 0.566155859375
vt 0.214929296875 0.5679328125
vt 0.43075390625 0.8068140625
vt 0.42781640625 0.81000546875
vt 0.413466796875 0.795655859375
vt 0.413466796875 0.795655859375
vt 0.414755078125 0.78483515625
vt 0.428976953125 0.79369921875
vt 0.2822396484375 0.5265234375000001
vt 0.2744009765625 0.5265234375000001
vt 0.2744009765625 0.509765625
vt 0.1845572265625 0.63671875
vt 0.1845572265625 0.63238125
vt 0.1923958984375 0.63238125
vt 0.177041796875 0.55827265625
vt 0.178330078125 0.569093359375
vt 0.16398046875 0.58344296875
vt 0.16398046875 0.58344296875
vt 0.16104296875 0.5802515625
vt 0.162819921875 0.56713671875
vt 0.416658203125 0.847585546875
vt 0.413466796875 0.844648046875
vt 0.42781640625 0.8302984375
vt 0.42781640625 0.8302984375
vt 0.438637109375 0.83158671875
vt 0.429773046875 0.84580859375
vt 0.4619271484375 0.76171875
vt 0.4540884765625 0.76171875
vt 0.4540884765625 0.744960546875
vt 0.5361197265625 0.5581625
vt 0.5439583984375 0.5581625
vt 0.5439583984375 0.5625
vt 0.153159765625 0.60502421875
vt 0.16398046875 0.6037359375
vt 0.178330078125 0.618085546875
vt 0.178330078125 0.618085546875
vt 0.175138671875 0.621023046875
vt 0.162023828125 0.61924609375
vt 0.37588671875 0.83348984375
vt 0.37882421875 0.8302984375
vt 0.393173828125 0.844648046875
vt 0.393173828125 0.844648046875
vt 0.391885546875 0.85546875
vt 0.377663671875 0.8466046875
vt 0.2587759765625 0.5105859374999999
vt 0.2666146484375 0.5105859374999999
vt 0.2666146484375 0.52734375
vt 0.5478646484375 0.677734375
vt 0.5478646484375 0.682071875
vt 0.5400259765625 0.682071875
vt 0.199911328125 0.62890625
vt 0.198623046875 0.618085546875
vt 0.21297265625 0.6037359375
vt 0.21297265625 0.6037359375
vt 0.21591015625 0.60692734375
vt 0.214133203125 0.6200421875
vt 0.3134634765625 0.99880859375
vt 0.3134634765625 0.978515625
vt 0.3213021484375 0.978515625
vt 0.0869271484375 0.998808984375
vt 0.0790884765625 0.998808984375
vt 0.0790884765625 0.978515625
vt 0.2939583984375 0.76953125
vt 0.2861197265625 0.76953125
vt 0.2861197265625 0.74923828125
vt 0.1668453125 0.806745703125
vt 0.1746109375 0.787997265625
vt 0.193359375 0.7802316406250001
vt 0.193359375 0.7802316406250001
vt 0.2121078125 0.787997265625
vt 0.2198734375 0.806745703125
vt 0.2198734375 0.806745703125
vt 0.2121078125 0.825494140625
vt 0.193359375 0.833259765625
vt 0.193359375 0.833259765625
vt 0.1746109375 0.825494140625
vt 0.1668453125 0.806745703125
vt 0.1668453125 0.806745703125
vt 0.193359375 0.7802316406250001
vt 0.2198734375 0.806745703125
vt 0.1767447265625 0.64376953125
vt 0.1845833984375 0.64376953125
vt 0.1845833984375 0.6640625
vt 0.1066390625 0.885653125
vt 0.1144046875 0.9044015625
vt 0.1066390625 0.92315
vt 0.1066390625 0.92315
vt 0.087890625 0.930916015625
vt 0.0691421875 0.92315
vt 0.0691421875 0.92315
vt 0.0613765625 0.9044015625
vt 0.0691421875 0.885653125
vt 0.0691421875 0.885653125
vt 0.087890625 0.8778875
vt 0.1066390625 0.885653125
vt 0.1066390625 0.885653125
vt 0.1066390625 0.92315
vt 0.0691421875 0.92315
vt 0.5322396484375 0.6648839843750001
vt 0.5322396484375 0.67578125
vt 0.5244009765625 0.67578125
vt 0.2666146484375 0.48046875
vt 0.2587759765625 0.48046875
vt 0.2587759765625 0.46957148437499996
vt 0.5283072265625 0.589021875
vt 0.5283072265625 0.578125
vt 0.5361458984375 0.578125
vt 0.3134896484375 0.4609375
vt 0.3134896484375 0.47183437500000003
vt 0.3056509765625 0.47183437500000003
vt 0.5009634765625 0.851125390625
vt 0.5009634765625 0.837890625
vt 0.5088021484375 0.837890625
vt 0.1338021484375 0.49175039062500003
vt 0.1259634765625 0.4917502734375
vt 0.1259636328125 0.4785158984375
vt 0.4970833984375 0.4921875
vt 0.4892447265625 0.4921875
vt 0.4892447265625 0.47895273437499997
vt 0.5009634765625 0.857858984375
vt 0.5088021484375 0.857858984375
vt 0.5088021484375 0.87109375
vt 0.170538671875 0.786504296875
vt 0.1746109375 0.787997265625
vt 0.1668453125 0.806745703125
vt 0.1668453125 0.806745703125
vt 0.156355078125 0.809696484375
vt 0.159101953125 0.793165234375
vt 0.4189322265625 0.853515625
vt 0.4267708984375 0.853515625
vt 0.4267708984375 0.870273828125
vt 0.4384634765625 0.463321875
vt 0.4384634765625 0.458984375
vt 0.4463021484375 0.458984375
vt 0.124894921875 0.90735234375
vt 0.1144046875 0.9044015625
vt 0.1066390625 0.885653125
vt 0.1066390625 0.885653125
vt 0.110711328125 0.88416015625
vt 0.122148046875 0.89082109375
vt 0.21360078125 0.783925
vt 0.2121078125 0.787997265625
vt 0.193359375 0.7802316406250001
vt 0.193359375 0.7802316406250001
vt 0.19040859375 0.76974140625
vt 0.20693984375 0.77248828125
vt 0.3798958984375 0.541015625
vt 0.3798958984375 0.557773828125
vt 0.3720572265625 0.557773828125
vt 0.2158333984375 0.734375
vt 0.2079947265625 0.734375
vt 0.2079947265625 0.7300375
vt 0.09084140625 0.867397265625
vt 0.087890625 0.8778875
vt 0.0691421875 0.885653125
vt 0.0691421875 0.885653125
vt 0.06764921875 0.881580859375
vt 0.07431015625 0.870144140625
vt 0.216180078125 0.826987109375
vt 0.2121078125 0.825494140625
vt 0.2198734375 0.806745703125
vt 0.2198734375 0.806745703125
vt 0.230363671875 0.803794921875
vt 0.227616796875 0.820326171875
vt 0.4619271484375 0.87890625
vt 0.4540884765625 0.87890625
vt 0.4540884765625 0.862148046875
vt 0.5439583984375 0.49956875
vt 0.5439583984375 0.50390625
vt 0.5361197265625 0.50390625
vt 0.050886328125 0.90145078125
vt 0.0613765625 0.9044015625
vt 0.0691421875 0.92315
vt 0.0691421875 0.92315
vt 0.065069921875 0.92464296875
vt 0.053633203125 0.91798203125
vt 0.17311796875 0.82956640625
vt 0.1746109375 0.825494140625
vt 0.193359375 0.833259765625
vt 0.193359375 0.833259765625
vt 0.19631015625 0.84375
vt 0.17977890625 0.841003125
vt 0.4540884765625 0.838710546875
vt 0.4619271484375 0.838710546875
vt 0.4619271484375 0.85546875
vt 0.2275521484375 0.455078125
vt 0.2275521484375 0.459415625
vt 0.2197134765625 0.459415625
vt 0.08494015625 0.94140625
vt 0.08789078125 0.9309159765625
vt 0.1066390625 0.92315
vt 0.1066390625 0.92315
vt 0.108132109375 0.9272222265625
vt 0.1014713671875 0.9386590625
vt 0.137682421875 0.58474609375
vt 0.137682421875 0.564453125
vt 0.145520703125 0.564453125
vt 0.403333203125 0.642578125
vt 0.403333203125 0.662871484375
vt 0.395494921875 0.662871484375
vt 0.418958203125 0.65158203125
vt 0.418958203125 0.671875
vt 0.411119921875 0.671875
vt 0.1160640625 0.759870703125
vt 0.1238296875 0.741122265625
vt 0.142578125 0.7333566406250001
vt 0.142578125 0.7333566406250001
vt 0.1613265625 0.741122265625
vt 0.1690921875 0.759870703125
vt 0.1690921875 0.759870703125
vt 0.1613265625 0.778619140625
vt 0.142578125 0.786384765625
vt 0.142578125 0.786384765625
vt 0.1238296875 0.778619140625
vt 0.1160640625 0.759870703125
vt 0.1160640625 0.759870703125
vt 0.142578125 0.7333566406250001
vt 0.1690921875 0.759870703125
vt 0.227526171875 0.55001953125
vt 0.235364453125 0.55001953125
vt 0.235364453125 0.5703125
vt 0.0558578125 0.745028515625
vt 0.0636234375 0.763776953125
vt 0.0558578125 0.782525390625
vt 0.0558578125 0.782525390625
vt 0.037109375 0.790291015625
vt 0.0183609375 0.782525390625
vt 0.0183609375 0.782525390625
vt 0.0105953125 0.763776953125
vt 0.0183609375 0.745028515625
vt 0.0183609375 0.745028515625
vt 0.037109375 0.7372628906250001
vt 0.0558578125 0.745028515625
vt 0.0558578125 0.745028515625
vt 0.0558578125 0.782525390625
vt 0.0183609375 0.782525390625
vt 0.399426953125 0.45785273437499996
vt 0.399426953125 0.46875
vt 0.391588671875 0.46875
vt 0.532213671875 0.8828125
vt 0.532213671875 0.871915234375
vt 0.540051953125 0.871915234375
vt 0.536119921875 0.983553125
vt 0.536119921875 0.97265625
vt 0.543958203125 0.97265625
vt 0.540051953125 0.88671875
vt 0.540051953125 0.897616015625
vt 0.532213671875 0.897616015625
vt 0.516588671875 0.986328125
vt 0.524426953125 0.986328125
vt 0.524426953125 0.999562890625
vt 0.450208203125 0.48393789062500003
vt 0.442369921875 0.48393789062500003
vt 0.442369921875 0.470703125
vt 0.055676953125 0.48046875
vt 0.047838671875 0.48046875
vt 0.047838671875 0.46723398437499997
vt 0.512682421875 0.510202734375
vt 0.520520703125 0.510202734375
vt 0.520520703125 0.5234375
vt 0.119757421875 0.739629296875
vt 0.1238296875 0.741122265625
vt 0.1160640625 0.759870703125
vt 0.1160640625 0.759870703125
vt 0.105573828125 0.762821484375
vt 0.108320703125 0.746290234375
vt 0.481432421875 0.712890625
vt 0.489270703125 0.712890625
vt 0.489270703125 0.729648828125
vt 0.500963671875 0.455509375
vt 0.500963671875 0.451171875
vt 0.508801953125 0.451171875
vt 0.074113671875 0.766727734375
vt 0.0636234375 0.763776953125
vt 0.0558578125 0.745028515625
vt 0.0558578125 0.745028515625
vt 0.059930078125 0.743535546875
vt 0.071366796875 0.750196484375
vt 0.16281953125 0.73705
vt 0.1613265625 0.741122265625
vt 0.142578125 0.7333566406250001
vt 0.142578125 0.7333566406250001
vt 0.13962734375 0.72286640625
vt 0.15615859375 0.72561328125
vt 0.489270703125 0.706211328125
vt 0.481432421875 0.706211328125
vt 0.481432421875 0.689453125
vt 0.551770703125 0.71875
vt 0.543932421875 0.71875
vt 0.543932421875 0.7144125
vt 0.04006015625 0.72677265625
vt 0.037109375 0.7372628906250001
vt 0.0183609375 0.745028515625
vt 0.0183609375 0.745028515625
vt 0.01686796875 0.74095625
vt 0.02352890625 0.72951953125
vt 0.165398828125 0.780112109375
vt 0.1613265625 0.778619140625
vt 0.1690921875 0.759870703125
vt 0.1690921875 0.759870703125
vt 0.179582421875 0.756919921875
vt 0.176835546875 0.773451171875
vt 0.188489453125 0.51171875
vt 0.180651171875 0.51171875
vt 0.180651171875 0.494960546875
vt 0.516588671875 0.45269375
vt 0.524426953125 0.45269375
vt 0.524426953125 0.45703125
vt 0.000105078125 0.760826171875
vt 0.0105953125 0.763776953125
vt 0.0183609375 0.782525390625
vt 0.0183609375 0.782525390625
vt 0.014288671875 0.784018359375
vt 0.002851953125 0.777357421875
vt 0.12233671875 0.78269140625
vt 0.1238296875 0.778619140625
vt 0.142578125 0.786384765625
vt 0.142578125 0.786384765625
vt 0.14552890625 0.796875
vt 0.12899765625 0.794128125
vt 0.489244921875 0.741054296875
vt 0.497083203125 0.741054296875
vt 0.497083203125 0.7578125
vt 0.141588671875 0.447265625
vt 0.149426953125 0.447265625
vt 0.149426953125 0.451603125
vt 0.03415859375 0.80078125
vt 0.037109375 0.790291015625
vt 0.0558578125 0.782525390625
vt 0.0558578125 0.782525390625
vt 0.05735078125 0.78659765625
vt 0.05068984375 0.798034375
vt 0.259169921875 0.91994765625
vt 0.238876953125 0.91994765625
vt 0.238876953125 0.912109375
vt 0.336926953125 0.59375
vt 0.329088671875 0.59375
vt 0.329088671875 0.57345703125
vt 0.309951171875 0.96481796875
vt 0.309951171875 0.97265625
vt 0.289658203125 0.97265625
vt 0.21476171875 0.64594296875
vt 0.229111328125 0.631593359375
vt 0.249404296875 0.631593359375
vt 0.249404296875 0.631593359375
vt 0.26375390625 0.64594296875
vt 0.26375390625 0.6662359375
vt 0.26375390625 0.6662359375
vt 0.249404296875 0.680585546875
vt 0.229111328125 0.680585546875
vt 0.229111328125 0.680585546875
vt 0.2147619921875 0.66623609375
vt 0.214761796875 0.6459431250000001
vt 0.21476171875 0.64594296875
vt 0.249404296875 0.631593359375
vt 0.26375390625 0.6662359375
vt 0.110338671875 0.58984375
vt 0.110338671875 0.56955078125
vt 0.118176953125 0.56955078125
vt 0.417373046875 0.682374609375
vt 0.43172265625 0.69672421875
vt 0.43172265625 0.7170171875
vt 0.43172265625 0.7170171875
vt 0.417373046875 0.731366796875
vt 0.397080078125 0.731366796875
vt 0.397080078125 0.731366796875
vt 0.38273046875 0.7170171875
vt 0.38273046875 0.69672421875
vt 0.38273046875 0.69672421875
vt 0.397080078125 0.682374609375
vt 0.417373046875 0.682374609375
vt 0.417373046875 0.682374609375
vt 0.43172265625 0.7170171875
vt 0.397080078125 0.731366796875
vt 0.532213671875 0.9140625
vt 0.532213671875 0.903165234375
vt 0.540051953125 0.903165234375
vt 0.504869921875 0.47183476562500004
vt 0.504869921875 0.4609375
vt 0.512708203125 0.4609375
vt 0.532213671875 0.91796875
vt 0.540051953125 0.91796875
vt 0.540051953125 0.928866015625
vt 0.540051953125 0.989102734375
vt 0.540051953125 1
vt 0.532213671875 1
vt 0.391588671875 0.48784414062500003
vt 0.391588671875 0.474609375
vt 0.399426953125 0.474609375
vt 0.024426953125 0.48393789062500003
vt 0.016588671875 0.48393789062500003
vt 0.016588671875 0.470703125
vt 0.524426953125 0.921875
vt 0.516588671875 0.921875
vt 0.516588671875 0.908640234375
vt 0.516588671875 0.596140234375
vt 0.524426953125 0.596140234375
vt 0.524426953125 0.609375
vt 0.225919921875 0.628655859375
vt 0.229111328125 0.631593359375
vt 0.21476171875 0.64594296875
vt 0.21476171875 0.64594296875
vt 0.203941015625 0.6446549609375001
vt 0.2128047265625 0.6304328515625
vt 0.485338671875 0.591796875
vt 0.493176953125 0.591796875
vt 0.493176953125 0.608555078125
vt 0.532213671875 0.455509375
vt 0.532213671875 0.451171875
vt 0.540051953125 0.451171875
vt 0.442543359375 0.6954359375
vt 0.43172265625 0.69672421875
vt 0.417373046875 0.682374609375
vt 0.417373046875 0.682374609375
vt 0.420564453125 0.679437109375
vt 0.433679296875 0.6812140625
vt 0.26669140625 0.6427515625
vt 0.26375390625 0.64594296875
vt 0.249404296875 0.631593359375
vt 0.249404296875 0.631593359375
vt 0.250692578125 0.62077265625
vt 0.264914453125 0.62963671875
vt 0.274426953125 0.5030859375000001
vt 0.266588671875 0.5030859375000001
vt 0.266588671875 0.486328125
vt 0.282213671875 0.45703125
vt 0.282213671875 0.45269375
vt 0.290051953125 0.45269375
vt 0.395791796875 0.67155390625
vt 0.397080078125 0.682374609375
vt 0.38273046875 0.69672421875
vt 0.38273046875 0.69672421875
vt 0.37979296875 0.6935328125
vt 0.381569921875 0.68041796875
vt 0.252595703125 0.683523046875
vt 0.249404296875 0.680585546875
vt 0.26375390625 0.6662359375
vt 0.26375390625 0.6662359375
vt 0.274574609375 0.66752421875
vt 0.265710546875 0.68174609375
vt 0.493176953125 0.86328125
vt 0.485338671875 0.86328125
vt 0.485338671875 0.846523046875
vt 0.551770703125 0.52300625
vt 0.551770703125 0.52734375
vt 0.543932421875 0.52734375
vt 0.371909765625 0.71830546875
vt 0.38273046875 0.7170171875
vt 0.397080078125 0.731366796875
vt 0.397080078125 0.731366796875
vt 0.393888671875 0.734304296875
vt 0.380773828125 0.73252734375
vt 0.211824296875 0.669427265625
vt 0.214761796875 0.6662358984375
vt 0.229111328125 0.680585546875
vt 0.229111328125 0.680585546875
vt 0.2278230078125 0.69140625
vt 0.213601171875 0.6825421484375
vt 0.250963671875 0.48714843750000003
vt 0.258801953125 0.48714843750000003
vt 0.258801953125 0.50390625
vt 0.555676953125 0.904296875
vt 0.555676953125 0.908634375
vt 0.547838671875 0.908634375
vt 0.418661328125 0.7421875
vt 0.417373046875 0.731366796875
vt 0.43172265625 0.7170171875
vt 0.43172265625 0.7170171875
vt 0.43466015625 0.72020859375
vt 0.432883203125 0.7333234375
vt 0.3056771484375 0.99880859375
vt 0.2978384765625 0.99880859375
vt 0.2978384765625 0.978515625
vt 0.1338021484375 0.71875
vt 0.1259634765625 0.71875
vt 0.1259634765625 0.69845703125
vt 0.2353384765625 0.69455078125
vt 0.2431771484375 0.69455078125
vt 0.2431771484375 0.71484375
vt 0.386525 0.57633125
vt 0.4052734375 0.5685652343750001
vt 0.424021875 0.57633125
vt 0.424021875 0.57633125
vt 0.4317875 0.5950796875
vt 0.424021875 0.613828125
vt 0.424021875 0.613828125
vt 0.4052734375 0.62159375
vt 0.386525 0.613828125
vt 0.386525 0.613828125
vt 0.378759375 0.5950796875
vt 0.386525 0.57633125
vt 0.386525 0.57633125
vt 0.424021875 0.57633125
vt 0.424021875 0.613828125
vt 0.0790884765625 0.971465234375
vt 0.0790884765625 0.951171875
vt 0.0869271484375 0.951171875
vt 0.1318359375 0.502159375
vt 0.150584375 0.509925
vt 0.15835 0.5286734375
vt 0.15835 0.5286734375
vt 0.150584375 0.547421875
vt 0.1318359375 0.5551875
vt 0.1318359375 0.5551875
vt 0.1130875 0.547421875
vt 0.105321875 0.5286734375
vt 0.105321875 0.5286734375
vt 0.1130875 0.509925
vt 0.1318359375 0.502159375
vt 0.1318359375 0.502159375
vt 0.15835 0.5286734375
vt 0.1318359375 0.5551875
vt 0.3290884765625 0.48046875
vt 0.3290884765625 0.46957148437499996
vt 0.3369271484375 0.46957148437499996
vt 0.2744009765625 0.47964726562500004
vt 0.2744009765625 0.46875
vt 0.2822396484375 0.46875
vt 0.5283333984375 0.6796875
vt 0.5283333984375 0.6905847656249999
vt 0.5204947265625 0.6905847656249999
vt 0.0634634765625 0.934415234375
vt 0.0713021484375 0.934415234375
vt 0.0713021484375 0.9453125
vt 0.5088021484375 0.890187890625
vt 0.5009634765625 0.890187890625
vt 0.5009634765625 0.876953125
vt 0.5088021484375 0.91015625
vt 0.5009634765625 0.91015625
vt 0.5009634765625 0.896921484375
vt 0.5048697265625 0.967233984375
vt 0.5127083984375 0.967233984375
vt 0.5127083984375 0.98046875
vt 0.0634634765625 0.486328125
vt 0.0713021484375 0.486328125
vt 0.0713021484375 0.49956289062500003
vt 0.4034490234375 0.564629765625
vt 0.40527328125 0.5685652734375
vt 0.386525 0.57633125
vt 0.386525 0.57633125
vt 0.377020625 0.571000546875
vt 0.3906524609375 0.561253046875
vt 0.2275259765625 0.525390625
vt 0.2353646484375 0.525390625
vt 0.2353646484375 0.542148828125
vt 0.4228384765625 0.463321875
vt 0.4228384765625 0.458984375
vt 0.4306771484375 0.458984375
vt 0.160088671875 0.5045941406250001
vt 0.150584375 0.509925
vt 0.1318359375 0.502159375
vt 0.1318359375 0.502159375
vt 0.13366015625 0.498223828125
vt 0.146456640625 0.494846875
vt 0.435723046875 0.59325546875
vt 0.4317875 0.5950796875
vt 0.424021875 0.57633125
vt 0.424021875 0.57633125
vt 0.429352734375 0.566826953125
vt 0.4391 0.580458984375
vt 0.4580208984375 0.689453125
vt 0.4580208984375 0.706211328125
vt 0.4501822265625 0.706211328125
vt 0.0751822265625 0.625
vt 0.0751822265625 0.6206625
vt 0.0830208984375 0.6206625
vt 0.107756640625 0.500420703125
vt 0.1130875 0.509925
vt 0.105321875 0.5286734375
vt 0.105321875 0.5286734375
vt 0.101386328125 0.52684921875
vt 0.098009375 0.514052734375
vt 0.40709765625 0.6255292968749999
vt 0.4052734375 0.62159375
vt 0.424021875 0.613828125
vt 0.424021875 0.613828125
vt 0.433526171875 0.619158984375
vt 0.419894140625 0.62890625
vt 0.0713021484375 0.5066796874999999
vt 0.0713021484375 0.5234375
vt 0.0634634765625 0.5234375
vt 0.3681771484375 0.92925625
vt 0.3681771484375 0.93359375
vt 0.3603384765625 0.93359375
vt 0.103583203125 0.552752734375
vt 0.1130875 0.547421875
vt 0.1318359375 0.5551875
vt 0.1318359375 0.5551875
vt 0.13001171875 0.5591230468749999
vt 0.117215234375 0.5625
vt 0.374823828125 0.59690390625
vt 0.378759375 0.5950796875
vt 0.386525 0.613828125
vt 0.386525 0.613828125
vt 0.381194140625 0.623332421875
vt 0.371446875 0.609700390625
vt 0.4423697265625 0.600429296875
vt 0.4502083984375 0.600429296875
vt 0.4502083984375 0.6171875
vt 0.2978646484375 0.630859375
vt 0.2978646484375 0.635196875
vt 0.2900259765625 0.635196875
vt 0.155915234375 0.556926171875
vt 0.150584375 0.547421875
vt 0.15835 0.5286734375
vt 0.15835 0.5286734375
vt 0.162285546875 0.53049765625
vt 0.1656625 0.543294140625
vt 0.0244271484375 0.701171875
vt 0.0244271484375 0.72146484375
vt 0.0165884765625 0.72146484375
vt 0.3486458984375 0.8203125
vt 0.3408072265625 0.8203125
vt 0.3408076171875 0.80001953125
vt 0.0322134765625 0.70236328125
vt 0.0400521484375 0.70236328125
vt 0.0400521484375 0.72265625
vt 0.292587890625 0.89568828125
vt 0.312880859375 0.89568828125
vt 0.32723046875 0.910037890625
vt 0.32723046875 0.910037890625
vt 0.32723046875 0.930330859375
vt 0.312880859375 0.94468046875
vt 0.312880859375 0.94468046875
vt 0.292587890625 0.94468046875
vt 0.27823828125 0.930330859375
vt 0.27823828125 0.930330859375
vt 0.27823828125 0.910037890625
vt 0.292587890625 0.89568828125
vt 0.292587890625 0.89568828125
vt 0.32723046875 0.910037890625
vt 0.312880859375 0.94468046875
vt 0.0790884765625 0.630859375
vt 0.0869271484375 0.630859375
vt 0.0869271484375 0.65115234375
vt 0.284775390625 0.68084453125
vt 0.305068359375 0.68084453125
vt 0.31941796875 0.695194140625
vt 0.31941796875 0.695194140625
vt 0.31941796875 0.7154871093749999
vt 0.305068359375 0.72983671875
vt 0.305068359375 0.72983671875
vt 0.284775390625 0.72983671875
vt 0.27042578125 0.7154871093749999
vt 0.27042578125 0.7154871093749999
vt 0.27042578125 0.695194140625
vt 0.284775390625 0.68084453125
vt 0.284775390625 0.68084453125
vt 0.31941796875 0.695194140625
vt 0.305068359375 0.72983671875
vt 0.0673958984375 0.6328125
vt 0.0595572265625 0.6328125
vt 0.0595572265625 0.6219152343750001
vt 0.3994009765625 0.862459765625
vt 0.3994009765625 0.8515625
vt 0.4072392578125 0.8515625
vt 0.5361458984375 0.73046875
vt 0.5361458984375 0.741365625
vt 0.5283076171875 0.741365625
vt 0.2197134765625 0.46566523437499996
vt 0.2275521484375 0.46566523437499996
vt 0.2275521484375 0.4765625
vt 0.2900521484375 0.49956289062500003
vt 0.2822134765625 0.49956289062500003
vt 0.2822134765625 0.486328125
vt 0.528333203125 0.98046875
vt 0.520494921875 0.98046875
vt 0.520494921875 0.967233984375
vt 0.5009634765625 0.7890625
vt 0.5009634765625 0.775827734375
vt 0.5088021484375 0.775827734375
vt 0.4423697265625 0.490234375
vt 0.4502083984375 0.490234375
vt 0.4502083984375 0.503469140625
vt 0.3127015625 0.8913546875
vt 0.312880859375 0.89568828125
vt 0.292587890625 0.89568828125
vt 0.292587890625 0.89568828125
vt 0.285847265625 0.887126171875
vt 0.302171484375 0.8833375
vt 0.2587759765625 0.533203125
vt 0.2666146484375 0.533203125
vt 0.2666146484375 0.549961328125
vt 0.5361197265625 0.693790625
vt 0.5361197265625 0.689453125
vt 0.5439583984375 0.689453125
vt 0.311808984375 0.672282421875
vt 0.305068359375 0.68084453125
vt 0.284775390625 0.68084453125
vt 0.284775390625 0.68084453125
vt 0.2849546875 0.6765109375
vt 0.295484765625 0.66849375
vt 0.3315640625 0.9301515625
vt 0.32723046875 0.930330859375
vt 0.32723046875 0.910037890625
vt 0.32723046875 0.910037890625
vt 0.335792578125 0.903297265625
vt 0.33958125 0.919621484375
vt 0.055676953125 0.5030859375000001
vt 0.047838671875 0.5030859375000001
vt 0.047838671875 0.486328125
vt 0.555676953125 0.86328125
vt 0.547838671875 0.86328125
vt 0.547838671875 0.85894375
vt 0.261863671875 0.688453515625
vt 0.27042578125 0.695194140625
vt 0.27042578125 0.7154871093749999
vt 0.27042578125 0.7154871093749999
vt 0.2660921875 0.7153078125
vt 0.258075 0.704777734375
vt 0.2927671875 0.9490140625
vt 0.292587890625 0.94468046875
vt 0.312880859375 0.94468046875
vt 0.312880859375 0.94468046875
vt 0.319621484375 0.953242578125
vt 0.303297265625 0.95703125
vt 0.4580208984375 0.92578125
vt 0.4501822265625 0.92578125
vt 0.4501826171875 0.909023046875
vt 0.5478646484375 0.8237875
vt 0.5478646484375 0.828125
vt 0.5400259765625 0.828125
vt 0.278034765625 0.738398828125
vt 0.284775390625 0.72983671875
vt 0.305068359375 0.72983671875
vt 0.305068359375 0.72983671875
vt 0.3048890625 0.7341703125
vt 0.294358984375 0.7421875
vt 0.2739046875 0.9102171875
vt 0.27823828125 0.910037890625
vt 0.27823828125 0.930330859375
vt 0.27823828125 0.930330859375
vt 0.269676171875 0.937071484375
vt 0.2658875 0.920747265625
vt 0.0322134765625 0.534023046875
vt 0.0400521484375 0.534023046875
vt 0.0400521484375 0.55078125
vt 0.5478646484375 0.810546875
vt 0.5478646484375 0.814884375
vt 0.5400259765625 0.814884375
vt 0.327980078125 0.722227734375
vt 0.31941796875 0.7154871093749999
vt 0.31941796875 0.695194140625
vt 0.31941796875 0.695194140625
vt 0.3237515625 0.6953734375
vt 0.33176875 0.705903515625
vt 0.008801953125 0.560546875
vt 0.008801953125 0.58083984375
vt 0.000963671875 0.58083984375
vt 0.418958203125 0.5625
vt 0.411119921875 0.5625
vt 0.411119921875 0.54220703125
vt 0.356432421875 0.56173828125
vt 0.364270703125 0.56173828125
vt 0.364270703125 0.58203125
vt 0.026962890625 0.63006328125
vt 0.047255859375 0.63006328125
vt 0.06160546875 0.644412890625
vt 0.06160546875 0.644412890625
vt 0.06160546875 0.6647058593749999
vt 0.047255859375 0.67905546875
vt 0.047255859375 0.67905546875
vt 0.026962890625 0.67905546875
vt 0.01261328125 0.6647058593749999
vt 0.01261328125 0.6647058593749999
vt 0.01261328125 0.644412890625
vt 0.026962890625 0.63006328125
vt 0.026962890625 0.63006328125
vt 0.06160546875 0.644412890625
vt 0.047255859375 0.67905546875
vt 0.016588671875 0.537109375
vt 0.024426953125 0.537109375
vt 0.024426953125 0.55740234375
vt 0.331650390625 0.83709453125
vt 0.351943359375 0.83709453125
vt 0.36629296875 0.851444140625
vt 0.36629296875 0.851444140625
vt 0.36629296875 0.871737109375
vt 0.351943359375 0.88608671875
vt 0.351943359375 0.88608671875
vt 0.331650390625 0.88608671875
vt 0.31730078125 0.871737109375
vt 0.31730078125 0.871737109375
vt 0.31730078125 0.851444140625
vt 0.331650390625 0.83709453125
vt 0.331650390625 0.83709453125
vt 0.36629296875 0.851444140625
vt 0.351943359375 0.88608671875
vt 0.149426953125 0.46875
vt 0.141588671875 0.46875
vt 0.141588671875 0.45785273437499996
vt 0.157213671875 0.46792851562500004
vt 0.157213671875 0.45703125
vt 0.165051953125 0.45703125
vt 0.016588671875 0.453125
vt 0.024426953125 0.453125
vt 0.024426953125 0.46402187500000003
vt 0.415051953125 0.45785273437499996
vt 0.415051953125 0.46875
vt 0.407213671875 0.46875
vt 0.524426953125 0.648000390625
vt 0.516588671875 0.648000390625
vt 0.516588671875 0.634765625
vt 0.040051953125 0.46723398437499997
vt 0.040051953125 0.48046875
vt 0.032213671875 0.48046875
vt 0.516588671875 0.779733984375
vt 0.524426953125 0.779733984375
vt 0.524426953125 0.79296875
vt 0.000963671875 0.48393789062500003
vt 0.000963671875 0.470703125
vt 0.008801953125 0.470703125
vt 0.0470765625 0.6257296875
vt 0.047255859375 0.63006328125
vt 0.026962890625 0.63006328125
vt 0.026962890625 0.63006328125
vt 0.020222265625 0.621501171875
vt 0.036546484375 0.6177125
vt 0.395494921875 0.494140625
vt 0.403333203125 0.494140625
vt 0.403333203125 0.510898828125
vt 0.485338671875 0.455509375
vt 0.485338671875 0.451171875
vt 0.493176953125 0.451171875
vt 0.358683984375 0.828532421875
vt 0.351943359375 0.83709453125
vt 0.331650390625 0.83709453125
vt 0.331650390625 0.83709453125
vt 0.3318296875 0.8327609375
vt 0.342359765625 0.82474375
vt 0.0659390625 0.6645265625
vt 0.06160546875 0.6647058593749999
vt 0.06160546875 0.644412890625
vt 0.06160546875 0.644412890625
vt 0.070167578125 0.637672265625
vt 0.07395625 0.653996484375
vt 0.504895703125 0.916015625
vt 0.504895703125 0.9327734375
vt 0.497057421875 0.9327734375
vt 0.555676953125 0.88671875
vt 0.547838671875 0.88671875
vt 0.547838671875 0.88238125
vt 0.308738671875 0.844703515625
vt 0.31730078125 0.851444140625
vt 0.31730078125 0.871737109375
vt 0.31730078125 0.871737109375
vt 0.3129671875 0.8715578125
vt 0.30495 0.861027734375
vt 0.0271421875 0.6833890625
vt 0.026962890625 0.67905546875
vt 0.047255859375 0.67905546875
vt 0.047255859375 0.67905546875
vt 0.053996484375 0.687617578125
vt 0.037672265625 0.69140625
vt 0.368176953125 0.494960546875
vt 0.368176953125 0.51171875
vt 0.360338671875 0.51171875
vt 0.555676953125 0.8941
vt 0.555676953125 0.8984375
vt 0.547838671875 0.8984375
vt 0.324909765625 0.894648828125
vt 0.331650390625 0.88608671875
vt 0.351943359375 0.88608671875
vt 0.351943359375 0.88608671875
vt 0.3517640625 0.8904203125
vt 0.341233984375 0.8984375
vt 0.0082796875 0.6445921875
vt 0.01261328125 0.644412890625
vt 0.01261328125 0.6647058593749999
vt 0.01261328125 0.6647058593749999
vt 0.004051171875 0.671446484375
vt 0.0002625 0.655122265625
vt 0.196276171875 0.494960546875
vt 0.204114453125 0.494960546875
vt 0.204114453125 0.51171875
vt 0.555676953125 0.869140625
vt 0.555676953125 0.873478125
vt 0.547838671875 0.873478125
vt 0.374855078125 0.878477734375
vt 0.36629296875 0.871737109375
vt 0.36629296875 0.851444140625
vt 0.36629296875 0.851444140625
vt 0.3706265625 0.8516234375
vt 0.37864375 0.862153515625
vn -0.38268653278719644 -0.9238782482683063 0
vn -0.9238782482683063 0.38268653278719644 0
vn 0.38268653278719644 0.9238782482683063 0
vn 0 0 -1
vn 0.9238782482683063 -0.38268653278719644 0
vn 0 0 1
vn 0.489207747354264 0.8721672889581258 0
vn 0.8721672889581258 -0.489207747354264 0
vn -0.489207747354264 -0.8721672889581258 0
vn -0.8721672889581258 0.489207747354264 0
vn -0.25515514269197676 -0.9669001257409356 0
vn -0.9668986693957213 0.2551606613896107 0
vn 0.25515514269197676 0.9669001257409356 0
vn 0.9668986693957214 -0.2551606613896104 0
vn 0 0 -1
vn 0.5816365616904278 -0.8134487753417159 0
vn -0.907277085611511 -0.4205333398486771 0
vn 0 0 1
vn 0 0 -1
vn -0.813448775341716 -0.5816365616904278 0
vn -0.42054021207505377 0.9072739002241104 0
vn 0 0 1
vn 0 0 -1
vn -0.5816365616904278 0.813448775341716 0
vn 0.907277085611511 0.4205333398486771 0
vn 0 0 1
vn 0 0 -1
vn 0.8134465696349693 0.5816396464728836 0
vn 0.4205333398486771 -0.907277085611511 0
vn 0 0 1
vn 0.38268653278719644 -0.9238782482683063 0
vn -0.9238782482683063 -0.38268653278719644 0
vn -0.38268653278719644 0.9238782482683063 0
vn 0 0 -1
vn 0.9238782482683063 0.38268653278719644 0
vn 0 0 1
vn -0.27079208305330243 0.9626378590911815 0
vn 0.9626378590911815 0.27079208305330243 0
vn 0.27079114862723375 -0.9626381219467384 0
vn -0.9626381219467384 -0.27079114862723375 0
vn 0.5032776097172693 -0.8641247870286282 0
vn -0.8641247870286282 -0.5032776097172693 0
vn -0.5032798136301913 0.8641235034370723 0
vn 0.8641235034370723 0.5032798136301913 0
vn 0 0 -1
vn 0.9864746952935755 -0.16391362220830646 0
vn -0.34419749193420285 -0.9388972715618064 0
vn 0 0 1
vn 0 0 -1
vn -0.16391362220830646 -0.9864746952935755 0
vn -0.9388972715618064 0.34419749193420285 0
vn 0 0 1
vn 0 0 -1
vn -0.986474255751927 0.1639162674620248 0
vn 0.34419749193420285 0.9388972715618064 0
vn 0 0 1
vn 0 0 -1
vn 0.1639162674620248 0.986474255751927 0
vn 0.9388972715206975 -0.3441974919191324 -0.000009357811203974957
vn 0 0 1
vn -0.7071067811865476 -0.7071067811865476 0
vn -0.7071067811865476 0.7071067811865476 0
vn 0.7071067811865476 0.7071067811865476 0
vn 0 0 -1
vn 0.7071067811865476 -0.7071067811865476 0
vn 0 0 1
vn 0.7857339860932402 0.6185645504698989 0
vn 0.6185645504698989 -0.7857339860932402 0
vn -0.7857339860932402 -0.6185645504698989 0
vn -0.6185645504698989 0.7857339860932402 0
vn -0.605754252843814 -0.795651798943252 0
vn -0.795651798943252 0.605754252843814 0
vn 0.605754252843814 0.795651798943252 0
vn 0.795651798943252 -0.605754252843814 0
vn 0 0 -1
vn 0.22607058148150555 -0.974110923965343 0
vn -0.9991456693299723 -0.04132712740031403 0
vn 0 0 1
vn 0 0 -1
vn -0.974110923965343 -0.22607058148150555 0
vn -0.04132712740031403 0.9991456693299723 0
vn 0 0 1
vn 0 0 -1
vn -0.22607058148150555 0.974110923965343 0
vn 0.9991456693299723 0.04132712740031403 0
vn 0 0 1
vn 0 0 -1
vn 0.974110923965343 0.22607058148150555 0
vn 0.04132712740031403 -0.9991456693299723 0
vn 0 0 1
vn -0.3826865327871964 -0.9238782482683062 0
vn -0.9238782482683062 0.3826865327871964 0
vn 0.3826865327871964 0.9238782482683062 0
vn 0 0 -1
vn 0.9238782482683062 -0.3826865327871964 0
vn 0 0 1
vn 0.48920774735426387 0.8721672889581257 0
vn 0.8721672889581257 -0.48920774735426387 0
vn -0.48920774735426387 -0.8721672889581257 0
vn -0.8721672889581257 0.48920774735426387 0
vn -0.25515514269197676 -0.9669001257409355 0
vn -0.9669001257409355 0.25515514269197676 0
vn 0.25515514269197676 0.9669001257409355 0
vn 0.9669001257409355 -0.25515514269197676 0
vn 0 0 -1
vn 0.5816365616904278 -0.8134487753417159 0
vn -0.907277085611511 -0.420533339848677 0
vn 0 0 1
vn 0 0 -1
vn -0.8134487753417159 -0.5816365616904278 0
vn -0.420533339848677 0.907277085611511 0
vn 0 0 1
vn 0 0 -1
vn -0.5816365616904278 0.8134487753417159 0
vn 0.907277085611511 0.420533339848677 0
vn 0 0 1
vn 0 0 -1
vn 0.8134487753417159 0.5816365616904278 0
vn 0.420533339848677 -0.907277085611511 0
vn 0 0 1
vn 0 -1 0
vn -1 0 0
vn 0 1 0
vn 0 0 -1
vn 1 0 0
vn 0 0 1
vn 0.11819967732760531 0.9929898470174053 0
vn 0.9929890055285461 -0.11820674642095987 0
vn -0.11819967732760531 -0.9929898470174053 0
vn -0.9929898470174053 0.11819967732760531 0
vn 0.134281932736867 -0.9909431681688167 0
vn -0.990943274609026 -0.13428114725135662 0
vn -0.13428114725135662 0.990943274609026 0
vn 0.9909431681688167 0.134281932736867 0
vn 0 0 -1
vn 0.8486555572920714 -0.5289458810476584 0
vn -0.6772882749733848 -0.7357177397504947 0
vn 0 0 1
vn 0 0 -1
vn -0.5289425234387481 -0.8486576499805191 0.000005271843635846854
vn -0.7357177397504947 0.6772882749733848 0
vn 0 0 1
vn 0 0 -1
vn -0.8486576499923122 0.5289425234460984 0
vn 0.6772882749733848 0.7357177397504947 0
vn 0 0 1
vn 0 0 -1
vn 0.5289458810476584 0.8486555572920714 0
vn 0.7357177397504947 -0.6772882749733848 0
vn 0 0 1
vn 0.3826865327871964 -0.9238782482683062 0
vn -0.9238782482683062 -0.3826865327871964 0
vn -0.38268653278719644 0.9238782482683063 0
vn -7.366319714033838e-7 -7.366319714033838e-7 -0.9999999999994575
vn 0.9238782482683062 0.3826865327871964 0
vn 0 0 1
vn -0.2707920830533025 0.9626378590911815 0
vn 0.9626381219467383 0.2707911486272338 0
vn 0.27079208305330243 -0.9626378590911815 0
vn -0.9626378590911815 -0.2707920830533025 0
vn 0.5032776097172693 -0.8641247870286284 0
vn -0.8641247870286284 -0.5032776097172693 0
vn -0.5032798136301913 0.8641235034370723 0
vn 0.8641273542063167 0.5032732018619617 0
vn 0 0 -1
vn 0.9864746952935755 -0.16391362220830646 0
vn -0.34419749193420285 -0.9388972715618065 0
vn 0 0 1
vn 0 0 -1
vn -0.16391589054665678 -0.9864743183815262 0
vn -0.9388972715618065 0.34419749193420285 0
vn 0 0 1
vn 0 0 -1
vn -0.9864746326656857 0.16391399911874657 0
vn 0.34419749193420285 0.9388972715618064 0
vn 0 0 1
vn 0 0 -1
vn 0.16391362220830646 0.9864746952935755 0
vn 0.9388972715206978 -0.3441974919191325 -0.000009357764570441765
vn 0 0 1
vn 0.38268653278719644 -0.9238782482683062 0
vn -0.9238782482683063 -0.38268653278719644 0
vn -0.38268653278719644 0.9238782482683063 0
vn -7.366319713052446e-7 7.366319713052446e-7 -0.9999999999994575
vn 0.9238782482683063 0.38268653278719644 0
vn 0 0 1
vn -0.2707920830533025 0.9626378590911815 0
vn 0.9626378590911815 0.27079208305330243 0
vn 0.27079208305330243 -0.9626378590911815 0
vn -0.9626378590911815 -0.27079208305330243 0
vn 0.5032776097172693 -0.8641247870286282 0
vn -0.8641247870286282 -0.5032776097172693 0
vn -0.5032776097172693 0.8641247870286282 0
vn 0.8641273542063167 0.5032732018619617 0
vn 0 0 -1
vn 0.9864746952935755 -0.16391362220830646 0
vn -0.34419749193420285 -0.9388972715618064 0
vn 0 0 1
vn 0 0 -1
vn -0.16391362220830646 -0.9864746952935755 0
vn -0.9388972715618064 0.34419749193420285 0
vn 0 0 1
vn 0 0 -1
vn -0.9864746952935755 0.16391362220830646 0
vn 0.34419749193420285 0.9388972715618064 0
vn 0 0 1
vn -6.973471114355274e-7 -0.000003821731518600709 -0.999999999992454
vn 0.16391362220830646 0.9864746952935755 0
vn 0.9388972715206975 -0.3441974919191324 -0.000009357811203974957
vn 0 0 1
vn 0 -1 0
vn -1 0 0
vn 0 1 0
vn 0 0 -1
vn 1 0 0
vn 0 0 1
vn 0.11819967732760531 0.9929898470174053 0
vn 0.9929898470174053 -0.11819967732760531 0
vn -0.11819967732760531 -0.9929898470174053 0
vn -0.9929898470174053 0.11819967732760531 0
vn 0.134281932736867 -0.9909431681688167 0
vn -0.990943274609026 -0.13428114725135662 0
vn -0.13428114725135662 0.990943274609026 0
vn 0.9909431681688167 0.134281932736867 0
vn 0 0 -1
vn 0.8486555572920714 -0.5289458810476584 0
vn -0.6772882749733848 -0.7357177397504947 0
vn 0 0 1
vn 0 0 -1
vn -0.5289425234460984 -0.8486576499923122 0
vn -0.7357177397504947 0.6772882749733848 0
vn 0 0 1
vn 0 0 -1
vn -0.8486576499923122 0.5289425234460984 0
vn 0.6772882749733848 0.7357177397504947 0
vn 0 0 1
vn 0 0 -1
vn 0.5289458810476584 0.8486555572920714 0
vn 0.7357177397504947 -0.6772882749733848 0
vn 0 0 1
vn -0.3826865327871964 -0.9238782482683062 0
vn -0.9238782482683062 0.3826865327871964 0
vn 0.3826865327871964 0.9238782482683062 0
vn 0 0 -1
vn 0.9238782482683062 -0.3826865327871964 0
vn 0 0 1
vn 0.48920774735426387 0.8721672889581257 0
vn 0.8721672889581257 -0.48920774735426387 0
vn -0.48920774735426387 -0.8721672889581257 0
vn -0.8721672889581257 0.48920774735426387 0
vn -0.25515514269197676 -0.9669001257409355 0
vn -0.9669001257409355 0.25515514269197676 0
vn 0.25515514269197676 0.9669001257409355 0
vn 0.9669001257409355 -0.25515514269197676 0
vn 0 0 -1
vn 0.5816365616904278 -0.8134487753417159 0
vn -0.907277085611511 -0.420533339848677 0
vn 0 0 1
vn 0 0 -1
vn -0.8134487753417159 -0.5816365616904278 0
vn -0.420533339848677 0.907277085611511 0
vn 0 0 1
vn 0 0 -1
vn -0.5816365616904278 0.8134487753417159 0
vn 0.9072770856035419 0.4205333398449833 -0.000004191334341779433
vn 0 0 1
vn 0 0 -1
vn 0.8134487753417159 0.5816365616904278 0
vn 0.420533339848677 -0.907277085611511 0
vn 0 0 1
vn -0.7071067811865476 -0.7071067811865476 0
vn -0.7071067811865476 0.7071067811865476 0
vn 0.7071067811865476 0.7071067811865476 0
vn 0 0 -1
vn 0.7071067811865476 -0.7071067811865476 0
vn 0 0 1
vn 0.7857339860932401 0.6185645504698988 0
vn 0.6185645504698988 -0.7857339860932401 0
vn -0.7857339860932401 -0.6185645504698988 0
vn -0.6185645504698988 0.7857339860932401 0
vn -0.605754252843814 -0.795651798943252 0
vn -0.795651798943252 0.605754252843814 0
vn 0.605754252843814 0.795651798943252 0
vn 0.795651798943252 -0.605754252843814 0
vn 0 0 -1
vn 0.22607058148150552 -0.9741109239653429 0
vn -0.9991456693299723 -0.04132712740031402 0
vn 0 0 1
vn 0 0 -1
vn -0.9741109239653429 -0.22607058148150552 0
vn -0.04132712740031402 0.9991456693299723 0
vn 0 0 1
vn 0 0 -1
vn -0.22607058148150552 0.9741109239653429 0
vn 0.9991456693299723 0.04132712740031402 0
vn 0 0 1
vn 0 0 -1
vn 0.9741109239653429 0.22607058148150552 0
vn 0.04132712740031402 -0.9991456693299723 0
vn 0 0 1
vn -0.7071067811865476 -0.7071067811865476 0
vn -0.7071067811865476 0.7071067811865476 0
vn 0.7071067811865476 0.7071067811865476 0
vn 0 0 -1
vn 0.7071067811865476 -0.7071067811865476 0
vn 0 0 1
vn 0.7857339860932402 0.6185645504698989 0
vn 0.6185645504698989 -0.7857339860932402 0
vn -0.7857339860932402 -0.6185645504698989 0
vn -0.6185645504698989 0.7857339860932402 0
vn -0.605754252843814 -0.795651798943252 0
vn -0.795651798943252 0.605754252843814 0
vn 0.605754252843814 0.795651798943252 0
vn 0.795651798943252 -0.605754252843814 0
vn 0 0 -1
vn 0.22607058148150555 -0.974110923965343 0
vn -0.9991456693299723 -0.04132712740031403 0
vn 0 0 1
vn 0 0 -1
vn -0.974110923965343 -0.22607058148150555 0
vn -0.04132712740031403 0.9991456693299723 0
vn 0 0 1
vn 0 0 -1
vn -0.22607058148150555 0.974110923965343 0
vn 0.9991456693299723 0.04132712740031403 0
vn 0 0 1
vn 0 0 -1
vn 0.974110923965343 0.22607058148150555 0
vn 0.04132712740031403 -0.9991456693299723 0
vn 0 0 1
vn -0.38268653278719644 -0.9238782482683063 0
vn -0.9238782482683063 0.38268653278719644 0
vn 0.38268653278719644 0.9238782482683063 0
vn 0 0 -1
vn 0.9238782482683063 -0.38268653278719644 0
vn 0 0 1
vn 0.489207747354264 0.8721672889581258 0
vn 0.8721672889581258 -0.489207747354264 0
vn -0.489207747354264 -0.8721672889581258 0
vn -0.8721672889581258 0.489207747354264 0
vn -0.25515514269197676 -0.9669001257409356 0
vn -0.9669001257409356 0.25515514269197676 0
vn 0.25515514269197676 0.9669001257409356 0
vn 0.9669001257409356 -0.25515514269197676 0
vn 0 0 -1
vn 0.5816365616904278 -0.813448775341716 0
vn -0.907277085611511 -0.4205333398486771 0
vn 0 0 1
vn 0 0 -1
vn -0.813448775341716 -0.5816365616904278 0
vn -0.4205333398486771 0.907277085611511 0
vn 0 0 1
vn 0 0 -1
vn -0.5816365616904278 0.813448775341716 0
vn 0.907277085611511 0.4205333398486771 0
vn 0 0 1
vn 0 0 -1
vn 0.813448775341716 0.5816365616904278 0
vn 0.4205333398486771 -0.907277085611511 0
vn 0 0 1
vn 0 -1 0
vn -1 0 0
vn 0 1 0
vn 0 0 -1
vn 1 0 0
vn 0 0 1
vn 0.11819967732760532 0.9929898470174054 0
vn 0.9929898470174054 -0.11819967732760532 0
vn -0.11819967732760532 -0.9929898470174054 0
vn -0.9929898470174054 0.11819967732760532 0
vn 0.13428114725135662 -0.990943274609026 0
vn -0.990943274609026 -0.13428114725135662 0
vn -0.134281932736867 0.9909431681688166 0
vn 0.9909431681688166 0.134281932736867 0
vn 0 0 -1
vn 0.8486576499923122 -0.5289425234460985 0
vn -0.6772882749733848 -0.7357177397504947 0
vn 0 0 1
vn 0 0 -1
vn -0.5289425234460985 -0.8486576499923122 0
vn -0.7357177397504947 0.6772882749733848 0
vn 0 0 1
vn 0 0 -1
vn -0.8486555572920715 0.5289458810476585 0
vn 0.6772882749733848 0.7357177397504947 0
vn 0 0 1
vn 0 0 -1
vn 0.5289458810476585 0.8486555572920715 0
vn 0.7357177397504947 -0.6772882749733848 0
vn 0 0 1
vn 0.38268653278719644 -0.9238782482683063 0
vn -0.9238782482683062 -0.38268653278719644 0
vn -0.38268653278719644 0.9238782482683062 0
vn 0 0 -1
vn 0.9238782482683063 0.38268653278719644 0
vn 0.0000010417578204359545 0 0.9999999999994575
vn -0.27079114862723375 0.9626381219467384 0
vn 0.9626359902135537 0.2707987266321077 0
vn 0.2707920830533025 -0.9626378590911815 0
vn -0.9626378590911815 -0.27079208305330243 0
vn 0.5032776097172693 -0.8641247870286282 0
vn -0.8641247870286282 -0.5032776097172693 0
vn -0.5032798136301913 0.8641235034370724 0
vn 0.8641247870286282 0.5032776097172693 0
vn 0 0 -1
vn 0.9864743183815261 -0.16391589054665676 0
vn -0.34419749193420285 -0.9388972715618064 0
vn 0 0 1
vn 0 0 -1
vn -0.16391286839255445 -0.9864748205480589 0
vn -0.9388972715206979 0.34419749191913257 -0.000009357764570441776
vn 0 0 1
vn 0 0 -1
vn -0.9864746326656857 0.1639139991187466 0
vn 0.34419749193420285 0.9388972715618064 0
vn 0 0 1
vn 0 0 -1
vn 0.16391362220830644 0.9864746952935755 0
vn 0.9388972715618064 -0.34419749193420285 0
vn 0.0000025014230440564726 8.335073660154874e-7 0.9999999999965241
vn 0.38268653278719633 -0.9238782482683062 0
vn -0.9238782482683062 -0.38268653278719633 0
vn -0.38268653278719633 0.9238782482683062 0
vn 0 0 -1
vn 0.9238782482683062 0.38268653278719633 0
vn 0 0 1
vn -0.2707911486272338 0.9626381219467384 0
vn 0.9626359902135538 0.27079872663210774 0
vn 0.2707920830533025 -0.9626378590911816 0
vn -0.9626381219467384 -0.2707911486272338 0
vn 0.5032776097172693 -0.8641247870286282 0
vn -0.8641260706183763 -0.5032754057945261 0
vn -0.5032798136301913 0.8641235034370726 0
vn 0.8641247870286282 0.5032776097172693 0
vn 0 0 -1
vn 0.9864743183815262 -0.16391589054665678 0
vn -0.3441974919342029 -0.9388972715618065 0
vn 0 0 1
vn 0 0 -1
vn -0.16391324529957574 -0.9864747579210332 0
vn -0.9389030921311575 0.34418161424827903 0
vn 0 0 1
vn 0 0 -1
vn -0.9864746326656858 0.1639139991187466 0
vn 0.3441974919342029 0.9388972715618065 0
vn 0 0 1
vn 0 0 -1
vn 0.16391589054665678 0.9864743183815262 0
vn 0.9388972715618065 -0.3441974919342029 0
vn 0 0 1
vn 0 -1 0
vn -1 0 0
vn 0 1 0
vn -3.9866253429250894e-7 9.624577268506983e-7 -0.9999999999994575
vn 1 0 0
vn 0 0 1
vn 0.1181996773276053 0.9929898470174053 0
vn 0.9929898470174053 -0.11819967732760531 0
vn -0.11819967732760531 -0.9929898470174053 0
vn -0.9929898470174053 0.11819967732760531 0
vn 0.13428114725135665 -0.990943274609026 0
vn -0.990943274609026 -0.13428114725135665 0
vn -0.134281932736867 0.9909431681688166 0
vn 0.9909431681688166 0.134281932736867 0
vn -0.000002928404734762505 -3.6945246333863467e-7 -0.9999999999956442
vn 0.8486576499923122 -0.5289425234460984 0
vn -0.677288274973385 -0.7357177397504947 0
vn 0 0 1
vn 0 0 -1
vn -0.5289425234460985 -0.8486576499923122 0
vn -0.7357177397504947 0.677288274973385 0
vn 0 0 1
vn 0 0 -1
vn -0.8486555572920715 0.5289458810476584 0
vn 0.677288274973385 0.7357177397504947 0
vn 0 0 1
vn -0.0000024762172204268503 -3.3555025647907113e-7 -0.999999999996878
vn 0.5289458810476584 0.8486555572920715 0
vn 0.7357177397504947 -0.677288274973385 0
vn 0 0 1
vn -0.38268653278719644 -0.9238782482683063 0
vn -0.9238782482683063 0.38268653278719644 0
vn 0.38268653278719644 0.9238782482683063 0
vn 0 0.000001041757820621008 -0.9999999999994575
vn 0.9238782482683062 -0.3826865327871964 0
vn 0 0 1
vn 0.48920774735426403 0.8721672889581257 0
vn 0.8721672889581258 -0.489207747354264 0
vn -0.489207747354264 -0.8721672889581258 0
vn -0.8721672889581257 0.48920774735426403 0
vn -0.25515514269197676 -0.9669001257409355 0
vn -0.9668986693957213 0.2551606613896107 0
vn 0.25515514269197676 0.9669001257409356 0
vn 0.9669001257409355 -0.25515514269197676 0
vn -0.0000028468915932089297 7.793328859575331e-7 -0.9999999999956439
vn 0.5816365616904277 -0.8134487753417159 0
vn -0.907277085611511 -0.4205333398486771 0
vn 0 0 1
vn 0 0 -1
vn -0.813448775341716 -0.5816365616904278 0
vn -0.42054021207505377 0.9072739002241104 0
vn 0 0 1
vn 0 0 -1
vn -0.5816365616904278 0.813448775341716 0
vn 0.907277085611511 0.4205333398486771 0
vn 0 0 1
vn -0.0000024161332939855703 6.375930863772602e-7 -0.999999999996878
vn 0.8134487753417159 0.5816365616904277 0
vn 0.420533339848677 -0.907277085611511 0
vn 0 0 1
vn -0.7071067811865476 -0.7071067811865476 0
vn -0.7071067811865476 0.7071067811865476 0
vn 0.7071067811865476 0.7071067811865476 0
vn 0 0 -1
vn 0.7071067811865476 -0.7071067811865476 0
vn 0 0 1
vn 0.7857339860932402 0.6185645504698989 0
vn 0.6185645504698989 -0.7857339860932402 0
vn -0.7857339860932402 -0.6185645504698989 0
vn -0.6185645504698989 0.7857339860932402 0
vn -0.6057542528438139 -0.795651798943252 0
vn -0.795651798943252 0.605754252843814 0
vn 0.6057542528438139 0.795651798943252 0
vn 0.795651798943252 -0.6057542528438139 0
vn 0 0 -1
vn 0.22607058148150555 -0.974110923965343 0
vn -0.9991456693299723 -0.04132712740031403 0
vn 0 0 1
vn -0.000001988203314689217 0.0000015136805006797444 -0.999999999996878
vn -0.974110923965343 -0.22607058148150555 0
vn -0.04132712740031403 0.9991456693299723 0
vn 0 0 1
vn 0 0 -1
vn -0.22607058148150555 0.974110923965343 0
vn 0.9991456693299723 0.04132712740031403 0
vn 0 0 1
vn 0 0 -1
vn 0.974110923965343 0.22607058148150555 0
vn 0.04132712740031403 -0.9991456693299723 0
vn 0 0 1
vn -0.7071067811865476 -0.7071067811865476 0
vn -0.7071067811865476 0.7071067811865476 0
vn 0.7071067811865476 0.7071067811865476 0
vn 0 0 -1
vn 0.7071067811865476 -0.7071067811865476 0
vn 0 0 1
vn 0.7857339860932401 0.6185645504698989 0
vn 0.6185645504698989 -0.7857339860932401 0
vn -0.7857339860932401 -0.6185645504698989 0
vn -0.6185645504698989 0.7857339860932401 0
vn -0.6057542528438138 -0.7956517989432519 0
vn -0.7956517989432519 0.6057542528438138 0
vn 0.6057542528438138 0.7956517989432519 0
vn 0.7956517989432519 -0.6057542528438138 0
vn 0 0 -1
vn 0.22607058148150552 -0.974110923965343 0
vn -0.9991456693299723 -0.04132712740031402 0
vn 0 0 1
vn 0 0 -1
vn -0.974110923965343 -0.22607058148150552 0
vn -0.04132712740031402 0.9991456693299723 0
vn 0 0 1
vn 0 0 -1
vn -0.22607058148150552 0.974110923965343 0
vn 0.9991456693299723 0.04132712740031402 0
vn 0 0 1
vn 0 0 -1
vn 0.974110923965343 0.22607058148150552 0
vn 0.04132712740031402 -0.9991456693299723 0
vn 0 0 1
vn -0.38268653278719644 -0.9238782482683063 0
vn -0.9238782482683063 0.38268653278719644 0
vn 0.38268653278719644 0.9238782482683063 0
vn 0 0 -1
vn 0 0 -1
vn 0 0 -1
vn 0 0 -1
vn 0 0 -1
vn 0.9238782482683063 -0.38268653278719644 0
vn 0 0 1
vn 0 0 1
vn 0 0 1
vn 0 0 1
vn 0 0 1
vn 0.48920774735426387 0.8721672889581257 0
vn 0.8721672889581258 -0.489207747354264 0
vn -0.489207747354264 -0.8721672889581258 0
vn -0.8721672889581258 0.489207747354264 0
vn -0.25515514269197676 -0.9669001257409356 0
vn -0.9668986693957213 0.2551606613896107 0
vn 0.25515514269197676 0.9669001257409356 0
vn 0.9668986693957214 -0.2551606613896104 0
vn 0 0 -1
vn -0.000007125867528902339 0.000001950697005638661 -0.9999999999727084
vn 0.5816365616904278 -0.813448775341716 0
vn -0.907277085611511 -0.4205333398486771 0
vn 0 0 1
vn 0 0 1
vn 0 0 -1
vn 0 0 -1
vn -0.813448775341716 -0.5816365616904278 0
vn -0.42054021207505377 0.9072739002241104 0
vn 0 0 1
vn 0 0 1
vn 0 0 -1
vn 0 0 -1
vn -0.5816365616904278 0.813448775341716 0
vn 0.907277085611511 0.4205333398486771 0
vn 0 0 1
vn 0 0 1
vn 0 0 -1
vn 0 0 -1
vn 0.8134465696349693 0.5816396464728836 0
vn 0.4205333398486771 -0.907277085611511 0
vn 0 0 1
vn 0 0 1
vn 0.38268653278719644 -0.9238782482683063 0
vn -0.9238782482683063 -0.38268653278719644 0
vn -0.38268653278719644 0.9238782482683063 0
vn 0 0 -1
vn 0 0 -1
vn 0 0 -1
vn 0 0 -1
vn 0 0 -1
vn 0.9238782482683063 0.38268653278719644 0
vn 0 0 1
vn 0 0 1
vn 0 0 1
vn 0 0 1
vn 0 0 1
vn -0.27079208305330243 0.9626378590911815 0
vn 0.9626378590911815 0.27079208305330243 0
vn 0.27079114862723375 -0.9626381219467384 0
vn -0.9626381219467384 -0.27079114862723375 0
vn 0.5032776097172693 -0.8641247870286282 0
vn -0.8641247870286282 -0.5032776097172693 0
vn -0.5032798136301913 0.8641235034370723 0
vn 0.8641260705863275 0.5032754057758606 -0.000008612580811816536
vn 0 0 -1
vn 0 0 -1
vn 0.9864746952935755 -0.16391362220830646 0
vn -0.34419749193420285 -0.9388972715618064 0
vn 0 0 1
vn 0 0 1
vn 0 0 -1
vn 0 0 -1
vn -0.16391362220830646 -0.9864746952935755 0
vn -0.9388972715618064 0.34419749193420285 0
vn 0 0 1
vn 0 0 1
vn 0 0 -1
vn 0 0 -1
vn -0.986474255751927 0.1639162674620248 0
vn 0.34419749193420285 0.9388972715618064 0
vn 0 0 1
vn 0 0 1
vn 0 0 -1
vn 0 0 -1
vn 0.1639162674620248 0.986474255751927 0
vn 0.9389030921311575 -0.34418161424827903 0
vn 0 0 1
vn 0 0 1
vn -0.7071067811865476 -0.7071067811865476 0
vn -0.7071067811865476 0.7071067811865476 0
vn 0.7071067811865476 0.7071067811865476 0
vn 0 0 -1
vn 0 0 -1
vn 0 0 -1
vn 0 0 -1
vn 0 0 -1
vn 0.7071067811865476 -0.7071067811865476 0
vn 0 0 1
vn 0 0 1
vn 0 0 1
vn 0 0 1
vn 0 0 1
vn 0.7857339860932402 0.6185645504698989 0
vn 0.6185645504698989 -0.7857339860932402 0
vn -0.7857339860932402 -0.6185645504698989 0
vn -0.6185645504698989 0.7857339860932402 0
vn -0.605754252843814 -0.795651798943252 0
vn -0.795651798943252 0.605754252843814 0
vn 0.605754252843814 0.795651798943252 0
vn 0.795651798943252 -0.605754252843814 0
vn 0 0 -1
vn 0 0 -1
vn 0.22607058148150555 -0.974110923965343 0
vn -0.9991456693299723 -0.04132712740031403 0
vn 0 0 1
vn 0 0 1
vn 0 0 -1
vn 0 0 -1
vn -0.974110923965343 -0.22607058148150555 0
vn -0.04132712740031403 0.9991456693299723 0
vn 0 0 1
vn 0 0 1
vn 0 0 -1
vn 0 0 -1
vn -0.22607058148150555 0.974110923965343 0
vn 0.9991456693299723 0.04132712740031403 0
vn 0 0 1
vn 0 0 1
vn 0 0 -1
vn 0 0 -1
vn 0.974110923965343 0.22607058148150555 0
vn 0.04132712740031403 -0.9991456693299723 0
vn 0 0 1
vn 0 0 1
vn -0.3826865327871964 -0.9238782482683062 0
vn -0.9238782482683062 0.3826865327871964 0
vn 0.3826865327871964 0.9238782482683062 0
vn 0 0 -1
vn 0 0 -1
vn 0 0 -1
vn 0 0 -1
vn 0 0 -1
vn 0.9238782482683062 -0.3826865327871964 0
vn 0 0 1
vn 0 0 1
vn 0 0 1
vn 0 0 1
vn 0 0 1
vn 0.48920774735426387 0.8721672889581257 0
vn 0.8721672889581257 -0.48920774735426387 0
vn -0.48920774735426387 -0.8721672889581257 0
vn -0.8721672889581257 0.48920774735426387 0
vn -0.25515514269197676 -0.9669001257409355 0
vn -0.9669001257409355 0.25515514269197676 0
vn 0.25515514269197676 0.9669001257409355 0
vn 0.9669001257409355 -0.25515514269197676 0
vn 0 0 -1
vn 0 0 -1
vn 0.5816365616904278 -0.8134487753417159 0
vn -0.907277085611511 -0.420533339848677 0
vn 0 0 1
vn 0 0 1
vn 0 0 -1
vn 0 0 -1
vn -0.8134487753417159 -0.5816365616904278 0
vn -0.420533339848677 0.907277085611511 0
vn 0 0 1
vn 0 0 1
vn 0 0 -1
vn 0 0 -1
vn -0.5816365616904278 0.8134487753417159 0
vn 0.907277085611511 0.420533339848677 0
vn 0 0 1
vn 0 0 1
vn 0 0 -1
vn 0 0 -1
vn 0.8134487753417159 0.5816365616904278 0
vn 0.420533339848677 -0.907277085611511 0
vn 0 0 1
vn 0 0 1
vn 0 -1 0
vn -1 0 0
vn 0 1 0
vn 0 0 -1
vn 0 0 -1
vn 0 0 -1
vn 0 0 -1
vn 0 0 -1
vn 1 0 0
vn 0 0 1
vn 0 0 1
vn 0 0 1
vn 0 0 1
vn 0 0 1
vn 0.11819967732760531 0.9929898470174053 0
vn 0.9929898469687745 -0.11819967732181656 -0.000009896892333819855
vn -0.11819967732760531 -0.9929898470174053 0
vn -0.9929898470174053 0.11819967732760531 0
vn 0.134281932736867 -0.9909431681688167 0
vn -0.990943274609026 -0.13428114725135662 0
vn -0.13428114725135662 0.990943274609026 0
vn 0.9909431681688167 0.134281932736867 0
vn 0 0 -1
vn 0 0 -1
vn 0.8486555572920714 -0.5289458810476584 0
vn -0.6772882749733848 -0.7357177397504947 0
vn 0 0 1
vn 0 0 1
vn 0 0 -1
vn 0 0 -1
vn -0.5289446161515289 -0.84865634566903 0
vn -0.7357177397504947 0.6772882749733848 0
vn 0 0 1
vn 0 0 1
vn 0 0 -1
vn 0 0 -1
vn -0.8486576499923122 0.5289425234460984 0
vn 0.6772882749733848 0.7357177397504947 0
vn 0 0 1
vn 0 0 1
vn 0 0 -1
vn 0 0 -1
vn 0.5289458810476584 0.8486555572920714 0
vn 0.7357177397504947 -0.6772882749733848 0
vn 0 0 1
vn 0 0 1
vn 0.3826865327871964 -0.9238782482683062 0
vn -0.9238782482683063 -0.38268653278719644 0
vn -0.3826865327871964 0.9238782482683062 0
vn 0 0 -1
vn 0.000001041771804747836 0.000002515035747549944 -0.9999999999962947
vn -0.000002515035747549944 0.000001041771804747836 -0.9999999999962947
vn 0 0 -1
vn -7.366319714033838e-7 7.366319714033838e-7 -0.9999999999994575
vn 0.9238782482683062 0.3826865327871964 0
vn 0 0 1
vn 0 0 1
vn 0 0 1
vn 0 0 1
vn 0 0 1
vn -0.2707920830533025 0.9626378590911815 0
vn 0.9626381219467383 0.2707911486272338 0
vn 0.27079208305330243 -0.9626378590911815 0
vn -0.9626378590911815 -0.2707920830533025 0
vn 0.5032776097172693 -0.8641247870286284 0
vn -0.8641247870286284 -0.5032776097172693 0
vn -0.5032798136301913 0.8641235034370723 0
vn 0.8641247869965797 0.5032776096986038 -0.000008612525098739231
vn 0 0 -1
vn 0 0 -1
vn 0.9864746952935755 -0.16391362220830646 0
vn -0.34419749193420285 -0.9388972715618065 0
vn 0 0 1
vn 0 0 1
vn 0 0 -1
vn 0 0 -1
vn -0.16391589054665678 -0.9864743183815262 0
vn -0.9388972715618065 0.34419749193420285 0
vn 0 0 1
vn 0 0 1
vn 0 0 -1
vn 0 0 -1
vn -0.9864746326656857 0.16391399911874657 0
vn 0.34419749193420285 0.9388972715618064 0
vn 0 0 1
vn 0 0 1
vn 0 0 -1
vn 0 0 -1
vn 0.16391362220830646 0.9864746952935755 0
vn 0.9389030921311576 -0.34418161424827903 0
vn 0 0 1
vn 0 0 1
vn 0.38268653278719644 -0.9238782482683063 0
vn -0.9238782482683063 -0.38268653278719644 0
vn -0.38268653278719644 0.9238782482683063 0
vn -0.0000025150357472148743 0.0000010417718046090441 -0.9999999999962947
vn 0 0 -1
vn 0 0 -1
vn 0.0000010417718046090441 0.0000025150357472148743 -0.9999999999962947
vn -7.366319713052446e-7 -7.366319713052446e-7 -0.9999999999994575
vn 0.9238782482683062 0.38268653278719644 0
vn 0 0 1
vn 0 0 1
vn 0 0 1
vn 0 0 1
vn 0 0 1
vn -0.2707920830533025 0.9626378590911815 0
vn 0.9626378590911815 0.27079208305330243 0
vn 0.27079208305330243 -0.9626378590911815 0
vn -0.9626378590911815 -0.2707920830533025 0
vn 0.5032776097172693 -0.8641247870286282 0
vn -0.8641247870286282 -0.5032776097172693 0
vn -0.5032776097172693 0.8641247870286282 0
vn 0.8641247869965794 0.5032776096986037 -0.000008612568018442117
vn 0 0 -1
vn 0 0 -1
vn 0.9864746952935755 -0.16391362220830646 0
vn -0.34419749193420285 -0.9388972715618064 0
vn 0 0 1
vn 0 0 1
vn 0 0 -1
vn 0 0 -1
vn -0.16391362220830646 -0.9864746952935755 0
vn -0.9388972715618064 0.34419749193420285 0
vn 0 0 1
vn 0 0 1
vn 0 0 -1
vn 0 0 -1
vn -0.9864746952935755 0.16391362220830646 0
vn 0.34419749193420285 0.9388972715618064 0
vn 0 0 1
vn 0 0 1
vn 0 0 -1
vn -6.490870321502221e-7 -0.000003906374123351865 -0.9999999999921595
vn 0.16391362220830646 0.9864746952935755 0
vn 0.9389030921311575 -0.34418161424827903 0
vn 0 0 1
vn 0 0 1
vn 0 -1 0
vn -1 0 0
vn 0 1 0
vn 0 0 -1
vn 0 0 -1
vn 0 0 -1
vn 0 0 -1
vn 0 0 -1
vn 1 0 0
vn 0 0 1
vn 0 0 1
vn 0 0 1
vn 0 0 1
vn 0 0 1
vn 0.11819967732760531 0.9929898470174053 0
vn 0.9929898470174053 -0.11819967732760531 0
vn -0.11819967732760531 -0.9929898470174053 0
vn -0.9929898470174053 0.11819967732760531 0
vn 0.134281932736867 -0.9909431681688167 0
vn -0.990943274609026 -0.13428114725135662 0
vn -0.13428114725135662 0.990943274609026 0
vn 0.9909431681688167 0.134281932736867 0
vn 0 0 -1
vn 0 0 -1
vn 0.8486555572920714 -0.5289458810476584 0
vn -0.6772882749733848 -0.7357177397504947 0
vn 0 0 1
vn 0 0 1
vn 0 0 -1
vn 0 0 -1
vn -0.5289425234460984 -0.8486576499923122 0
vn -0.7357177397504947 0.6772882749733848 0
vn 0 0 1
vn 0 0 1
vn 0 0 -1
vn 0 0 -1
vn -0.8486576499923122 0.5289425234460984 0
vn 0.6772882749733848 0.7357177397504947 0
vn 0 0 1
vn 0 0 1
vn 0 0 -1
vn 0 0 -1
vn 0.5289458810476584 0.8486555572920714 0
vn 0.7357177397504947 -0.6772882749733848 0
vn 0 0 1
vn 0 0 1
vn -0.3826865327871964 -0.9238782482683062 0
vn -0.9238782482683062 0.3826865327871964 0
vn 0.3826865327871964 0.9238782482683062 0
vn 0 0 -1
vn 0 0 -1
vn 0 0 -1
vn 0 0 -1
vn 0 0 -1
vn 0.9238782482683062 -0.3826865327871964 0
vn 0 0 1
vn 0 0 1
vn 0 0 1
vn 0 0 1
vn 0 0 1
vn 0.48920774735426387 0.8721672889581257 0
vn 0.8721672889581257 -0.48920774735426387 0
vn -0.48920774735426387 -0.8721672889581257 0
vn -0.8721672889581257 0.48920774735426387 0
vn -0.25515514269197676 -0.9669001257409355 0
vn -0.9669001257409355 0.25515514269197676 0
vn 0.25516066137776255 0.9668986693508245 -0.000009636799782298713
vn 0.9669001257409355 -0.25515514269197676 0
vn 0 0 -1
vn 0 0 -1
vn 0.5816365616904278 -0.8134487753417159 0
vn -0.907277085611511 -0.420533339848677 0
vn 0 0 1
vn 0 0 1
vn 0 0 -1
vn 0 0 -1
vn -0.8134487753417159 -0.5816365616904278 0
vn -0.420533339848677 0.907277085611511 0
vn 0 0 1
vn 0 0 1
vn 0 0 -1
vn 0 0 -1
vn -0.5816365616904278 0.8134487753417159 0
vn 0.9072739002241104 0.42054021207505377 0
vn 0 0 1
vn 0 0 1
vn 0 0 -1
vn 0 0 -1
vn 0.8134487753417159 0.5816365616904278 0
vn 0.420533339848677 -0.907277085611511 0
vn 0 0 1
vn 0 0 1
vn -0.7071067811865476 -0.7071067811865476 0
vn -0.7071067811865476 0.7071067811865476 0
vn 0.7071067811865476 0.7071067811865476 0
vn 0 0 -1
vn 0 0 -1
vn 0 0 -1
vn 0 0 -1
vn 0 0 -1
vn 0.7071067811865476 -0.7071067811865476 0
vn 0 0 1
vn 0 0 1
vn 0 0 1
vn 0 0 1
vn 0 0 1
vn 0.7857339860932401 0.6185645504698988 0
vn 0.6185645504698988 -0.7857339860932401 0
vn -0.7857339860932401 -0.6185645504698988 0
vn -0.6185645504698988 0.7857339860932401 0
vn -0.605754252843814 -0.795651798943252 0
vn -0.795651798943252 0.605754252843814 0
vn 0.605754252843814 0.795651798943252 0
vn 0.795651798943252 -0.605754252843814 0
vn 0 0 -1
vn 0 0 -1
vn 0.22607058148150552 -0.9741109239653429 0
vn -0.9991456693299723 -0.04132712740031402 0
vn 0 0 1
vn 0 0 1
vn 0 0 -1
vn 0 0 -1
vn -0.9741109239653429 -0.22607058148150552 0
vn -0.04132712740031402 0.9991456693299723 0
vn 0 0 1
vn 0 0 1
vn 0 0 -1
vn 0 0 -1
vn -0.22607058148150552 0.9741109239653429 0
vn 0.9991456693299723 0.04132712740031402 0
vn 0 0 1
vn 0 0 1
vn 0 0 -1
vn 0 0 -1
vn 0.9741109239653429 0.22607058148150552 0
vn 0.04132712740031402 -0.9991456693299723 0
vn 0 0 1
vn 0 0 1
vn -0.7071067811865476 -0.7071067811865476 0
vn -0.7071067811865476 0.7071067811865476 0
vn 0.7071067811865476 0.7071067811865476 0
vn 0 0 -1
vn 0 0 -1
vn 0 0 -1
vn 0 0 -1
vn 0 0 -1
vn 0.7071067811865476 -0.7071067811865476 0
vn 0 0 1
vn 0 0 1
vn 0 0 1
vn 0 0 1
vn 0 0 1
vn 0.7857339860932402 0.6185645504698989 0
vn 0.6185645504698989 -0.7857339860932402 0
vn -0.7857339860932402 -0.6185645504698989 0
vn -0.6185645504698989 0.7857339860932402 0
vn -0.605754252843814 -0.795651798943252 0
vn -0.795651798943252 0.605754252843814 0
vn 0.605754252843814 0.795651798943252 0
vn 0.795651798943252 -0.605754252843814 0
vn 0 0 -1
vn 0 0 -1
vn 0.22607058148150555 -0.974110923965343 0
vn -0.9991456693299723 -0.04132712740031403 0
vn 0 0 1
vn 0 0 1
vn 0 0 -1
vn 0 0 -1
vn -0.974110923965343 -0.22607058148150555 0
vn -0.04132712740031403 0.9991456693299723 0
vn 0 0 1
vn 0 0 1
vn 0 0 -1
vn 0 0 -1
vn -0.22607058148150555 0.974110923965343 0
vn 0.9991456693299723 0.04132712740031403 0
vn 0 0 1
vn 0 0 1
vn 0 0 -1
vn 0 0 -1
vn 0.974110923965343 0.22607058148150555 0
vn 0.04132712740031403 -0.9991456693299723 0
vn 0 0 1
vn 0 0 1
vn -0.38268653278719644 -0.9238782482683063 0
vn -0.9238782482683063 0.38268653278719644 0
vn 0.38268653278719644 0.9238782482683063 0
vn 0 0 -1
vn 0 0 -1
vn 0 0 -1
vn 0 0 -1
vn 0 0 -1
vn 0.9238782482683063 -0.38268653278719644 0
vn 0 0 1
vn 0 0 1
vn 0 0 1
vn 0 0 1
vn 0 0 1
vn 0.489207747354264 0.8721672889581258 0
vn 0.8721672889581258 -0.489207747354264 0
vn -0.489207747354264 -0.8721672889581258 0
vn -0.8721672889581258 0.489207747354264 0
vn -0.25515514269197676 -0.9669001257409356 0
vn -0.9669001257409356 0.25515514269197676 0
vn 0.25515514269197676 0.9669001257409356 0
vn 0.9669001257409356 -0.25515514269197676 0
vn 0 0 -1
vn 0 0 -1
vn 0.5816365616904278 -0.813448775341716 0
vn -0.907277085611511 -0.4205333398486771 0
vn 0 0 1
vn 0 0 1
vn 0 0 -1
vn 0 0 -1
vn -0.813448775341716 -0.5816365616904278 0
vn -0.4205333398486771 0.907277085611511 0
vn 0 0 1
vn 0 0 1
vn 0 0 -1
vn 0 0 -1
vn -0.5816365616904278 0.813448775341716 0
vn 0.907277085611511 0.4205333398486771 0
vn 0 0 1
vn 0 0 1
vn 0 0 -1
vn 0 0 -1
vn 0.813448775341716 0.5816365616904278 0
vn 0.4205333398486771 -0.907277085611511 0
vn 0 0 1
vn 0 0 1
vn 0 -1 0
vn -1 0 0
vn 0 1 0
vn 0 0 -1
vn 0 0 -1
vn 0 0 -1
vn 0 0 -1
vn 0 0 -1
vn 1 0 0
vn 0 0 1
vn 0 0 1
vn 0 0 1
vn 0 0 1
vn 0 0 1
vn 0.11819967732760532 0.9929898470174054 0
vn 0.9929898470174054 -0.11819967732760532 0
vn -0.11819967732760532 -0.9929898470174054 0
vn -0.9929898470174054 0.11819967732760532 0
vn 0.13428114725135662 -0.990943274609026 0
vn -0.990943274609026 -0.13428114725135662 0
vn -0.134281932736867 0.9909431681688166 0
vn 0.9909431681688166 0.134281932736867 0
vn 0 0 -1
vn 0 0 -1
vn 0.8486576499923122 -0.5289425234460985 0
vn -0.6772882749733848 -0.7357177397504947 0
vn 0 0 1
vn 0 0 1
vn 0 0 -1
vn 0 0 -1
vn -0.5289425234460985 -0.8486576499923122 0
vn -0.7357177397504947 0.6772882749733848 0
vn 0 0 1
vn 0 0 1
vn 0 0 -1
vn 0 0 -1
vn -0.8486555572920715 0.5289458810476585 0
vn 0.6772882749733848 0.7357177397504947 0
vn 0 0 1
vn 0 0 1
vn 0 0 -1
vn 0 0 -1
vn 0.5289458810476585 0.8486555572920715 0
vn 0.7357177397504947 -0.6772882749733848 0
vn 0 0 1
vn 0 0 1
vn 0.38268653278719644 -0.9238782482683062 0
vn -0.9238782482683062 -0.38268653278719644 0
vn -0.38268653278719644 0.9238782482683063 0
vn 0 0 -1
vn 0 0 -1
vn 0 0 -1
vn 0 0 -1
vn 0 0 -1
vn 0.9238782482683063 0.38268653278719644 0
vn 0 0 1
vn 0.00000104175782043266 0.000002515001986747038 0.9999999999962947
vn 0 0 1
vn 0.00000104175782043266 0.000002515001986747038 0.9999999999962947
vn 0.0000010417578204359545 0 0.9999999999994575
vn -0.27079114862723375 0.9626381219467384 0
vn 0.9626359902135537 0.2707987266321077 0
vn 0.2707920830533025 -0.9626378590911815 0
vn -0.9626378590911815 -0.2707920830533025 0
vn 0.5032776097172693 -0.8641247870286282 0
vn -0.8641273541742681 -0.5032732018432964 -0.000008612550685263938
vn -0.5032798136301913 0.8641235034370724 0
vn 0.8641247870286282 0.5032776097172693 0
vn 0 0 -1
vn 0 0 -1
vn 0.9864743183815261 -0.16391589054665676 0
vn -0.34419749193420285 -0.9388972715618064 0
vn 0 0 1
vn 0 0 1
vn 0 0 -1
vn 0 0 -1
vn -0.16391286839255445 -0.9864748205480589 0
vn -0.9389030921311575 0.34418161424827903 0
vn 0 0 1
vn 0 0 1
vn 0 0 -1
vn 0 0 -1
vn -0.9864746326656857 0.1639139991187466 0
vn 0.34419749193420285 0.9388972715618064 0
vn 0 0 1
vn 0 0 1
vn 0 0 -1
vn 0 0 -1
vn 0.16391362220830646 0.9864746952935755 0
vn 0.9388972715618064 -0.34419749193420285 0
vn -0.0000017458880441722729 -0.000004214906587317526 0.9999999999895932
vn 0 0 1
vn 0.38268653278719633 -0.9238782482683062 0
vn -0.9238782482683062 -0.38268653278719633 0
vn -0.38268653278719633 0.9238782482683062 0
vn 0 0 -1
vn 0 0 -1
vn 0 0 -1
vn 0 0 -1
vn 0 0 -1
vn 0.9238782482683062 0.38268653278719633 0
vn 0 0 1
vn 0 0 1
vn 0 0 1
vn 0 0 1
vn 0 0 1
vn -0.2707911486272338 0.9626381219467384 0
vn 0.9626359902135538 0.27079872663210774 0
vn 0.2707920830533025 -0.9626378590911816 0
vn -0.9626381219467384 -0.2707911486272338 0
vn 0.5032776097172693 -0.8641247870286282 0
vn -0.8641260706183763 -0.5032754057945261 0
vn -0.5032798136301913 0.8641235034370726 0
vn 0.8641247870286282 0.5032776097172693 0
vn 0 0 -1
vn 0 0 -1
vn 0.9864743183815262 -0.16391589054665678 0
vn -0.3441974919342029 -0.9388972715618065 0
vn 0 0 1
vn 0 0 1
vn 0 0 -1
vn 0 0 -1
vn -0.16391324529957574 -0.9864747579210332 0
vn -0.9389030921311575 0.34418161424827903 0
vn 0 0 1
vn 0 0 1
vn 0 0 -1
vn 0 0 -1
vn -0.9864746326656858 0.1639139991187466 0
vn 0.3441974919342029 0.9388972715618065 0
vn 0 0 1
vn 0 0 1
vn 0 0 -1
vn 0 0 -1
vn 0.16391589054665678 0.9864743183815262 0
vn 0.9388972715618065 -0.3441974919342029 0
vn 0 0 1
vn 0 0 1
vn 0 -1 0
vn -1 0 0
vn 0 1 0
vn 0 -0.0000027222440005446463 -0.9999999999962947
vn 0 0 -1
vn 0 0 -1
vn -0.0000027222440005446463 0 -0.9999999999962947
vn -9.624577268506983e-7 -3.98662534292509e-7 -0.9999999999994575
vn 1 0 0
vn 0 0 1
vn 0 0 1
vn 0 0 1
vn 0 0 1
vn 0 0 1
vn 0.1181996773276053 0.9929898470174053 0
vn 0.9929898470174053 -0.11819967732760531 0
vn -0.11819967732760531 -0.9929898470174053 0
vn -0.9929898470174053 0.11819967732760531 0
vn 0.13428114725135665 -0.990943274609026 0
vn -0.990943274609026 -0.13428114725135665 0
vn -0.134281932736867 0.9909431681688166 0
vn 0.9909431681688166 0.134281932736867 0
vn -0.000001304838000671379 -0.0000014174059998783029 -0.9999999999981444
vn 0 0 -1
vn 0.8486576499923122 -0.5289425234460984 0
vn -0.677288274973385 -0.7357177397504947 0
vn 0 0 1
vn 0 0 1
vn 0 0 -1
vn 0 0 -1
vn -0.5289425234460985 -0.8486576499923122 0
vn -0.7357177397504947 0.677288274973385 0
vn 0 0 1
vn 0 0 1
vn 0 0 -1
vn 0 0 -1
vn -0.8486555572920715 0.5289458810476584 0
vn 0.677288274973385 0.7357177397504947 0
vn 0 0 1
vn 0 0 1
vn -0.0000014174059998783029 0.000001304838000671379 -0.9999999999981444
vn -0.0000025569466433747104 3.0436390573235806e-7 -0.9999999999966848
vn 0.5289458810476585 0.8486555572920715 0
vn 0.7357177397504947 -0.677288274973385 0
vn 0 0 1
vn 0 0 1
vn -0.38268653278719644 -0.9238782482683063 0
vn -0.9238782482683063 0.38268653278719644 0
vn 0.38268653278719644 0.9238782482683063 0
vn -0.0000010417578206177132 -0.000002515001987193792 -0.9999999999962947
vn 0 0 -1
vn 0 0 -1
vn -0.000002515001987193792 0.0000010417578206177132 -0.9999999999962947
vn -0.000001041757820621008 0 -0.9999999999994575
vn 0.9238782482683062 -0.3826865327871964 0
vn 0 0 1
vn 0 0 1
vn 0 0 1
vn 0 0 1
vn 0 0 1
vn 0.48920774735426403 0.8721672889581257 0
vn 0.8721672889581258 -0.489207747354264 0
vn -0.489207747354264 -0.8721672889581258 0
vn -0.8721672889581258 0.489207747354264 0
vn -0.25515514269197676 -0.9669001257409356 0
vn -0.9669001256960376 0.2551551426801286 0.00000963691034557296
vn 0.25515514269197676 0.9669001257409356 0
vn 0.9669001257409355 -0.25515514269197676 0
vn -0.0000017479237813473915 -8.101827294310113e-7 -0.9999999999981444
vn 0 0 -1
vn 0.5816365616904277 -0.8134487753417159 0
vn -0.907277085611511 -0.4205333398486771 0
vn 0 0 1
vn 0 0 1
vn 0 0 -1
vn 0 0 -1
vn -0.813448775341716 -0.5816365616904278 0
vn -0.4205333398449832 0.9072770856035417 0.000004191376116014645
vn 0 0 1
vn 0 0 1
vn 0 0 -1
vn 0 0 -1
vn -0.5816365616904278 0.813448775341716 0
vn 0.907277085611511 0.4205333398486771 0
vn 0 0 1
vn 0 0 1
vn -8.101827294310113e-7 0.0000017479237813473915 -0.9999999999981444
vn -0.0000032211782660476684 -0.0000023032243800094865 -0.9999999999921597
vn 0.8134487753417159 0.5816365616904277 0
vn 0.420533339848677 -0.907277085611511 0
vn 0 0 1
vn 0 0 1
vn -0.7071067811865476 -0.7071067811865476 0
vn -0.7071067811865476 0.7071067811865476 0
vn 0.7071067811865476 0.7071067811865476 0
vn 0 0 -1
vn -0.000004647156993872178 0.00000192491299383545 -0.9999999999873493
vn 0 0 -1
vn 0 0 -1
vn 0 0 -1
vn 0.7071067811865476 -0.7071067811865476 0
vn 0 0 1
vn 0 0 1
vn 0 0 1
vn 0 0 1
vn 0 0 1
vn 0.7857339860932402 0.6185645504698989 0
vn 0.6185645504698989 -0.7857339860932402 0
vn -0.7857339860932402 -0.6185645504698989 0
vn -0.6185645504698989 0.7857339860932402 0
vn -0.6057542528438139 -0.795651798943252 0
vn -0.795651798943252 0.605754252843814 0
vn 0.6057542528438139 0.795651798943252 0
vn 0.795651798943252 -0.6057542528438139 0
vn 0 0 -1
vn 0 0 -1
vn 0.22607058148150555 -0.974110923965343 0
vn -0.9991456693299723 -0.04132712740031403 0
vn 0 0 1
vn 0 0 1
vn -7.9619145609632e-8 0.0000019249129938562296 -0.9999999999981444
vn -0.000003857391716242273 -8.952191858633325e-7 -0.9999999999921597
vn -0.974110923965343 -0.22607058148150555 0
vn -0.04132712740031403 0.9991456693299723 0
vn 0 0 1
vn 0 0 1
vn 0 0 -1
vn -0.000002918475835746836 0.000002264594583539063 -0.9999999999931771
vn -0.22607058148150555 0.974110923965343 0
vn 0.9991456693299723 0.04132712740031403 0
vn 0 0 1
vn 0 0 1
vn 0 0 -1
vn 0 0 -1
vn 0.974110923965343 0.22607058148150555 0
vn 0.04132712740031403 -0.9991456693299723 0
vn 0 0 1
vn 0 0 1
vn -0.7071067811865476 -0.7071067811865476 0
vn -0.7071067811865476 0.7071067811865476 0
vn 0.7071067811865476 0.7071067811865476 0
vn 0 0 -1
vn 0 0 -1
vn 0 0 -1
vn 0 0 -1
vn 0 0 -1
vn 0.7071067811865476 -0.7071067811865476 0
vn 0 0 1
vn 0 0 1
vn 0 0 1
vn 0 0 1
vn 0 0 1
vn 0.7857339860932401 0.6185645504698989 0
vn 0.6185645504698989 -0.7857339860932401 0
vn -0.7857339860932401 -0.6185645504698989 0
vn -0.6185645504698989 0.7857339860932401 0
vn -0.6057542528438138 -0.7956517989432519 0
vn -0.7956517989432519 0.6057542528438138 0
vn 0.6057542528438138 0.7956517989432519 0
vn 0.7956517989432519 -0.6057542528438138 0
vn 0 0 -1
vn 0 0 -1
vn 0.22607058148150552 -0.974110923965343 0
vn -0.9991456693299723 -0.04132712740031402 0
vn 0 0 1
vn 0 0 1
vn 0 0 -1
vn 0 0 -1
vn -0.974110923965343 -0.22607058148150552 0
vn -0.04132712740031402 0.9991456693299723 0
vn 0 0 1
vn 0 0 1
vn 0 0 -1
vn 0 0 -1
vn -0.22607058148150552 0.974110923965343 0
vn 0.9991456693299723 0.04132712740031402 0
vn 0 0 1
vn 0 0 1
vn 0 0 -1
vn 0 0 -1
vn 0.974110923965343 0.22607058148150552 0
vn 0.04132712740031402 -0.9991456693299723 0
vn 0 0 1
vn 0 0 1
usemtl m_8302796a-d005-1466-9290-b2c9eb992b04
f 2/1/1 3/2/1 4/3/1
f 5/4/2 6/5/2 7/6/2
f 8/7/3 9/8/3 10/9/3
f 11/10/4 12/11/4 13/12/4
f 14/13/5 15/14/5 16/15/5
f 10/16/6 7/17/6 4/18/6
f 14/19/7 17/20/7 13/21/7
f 2/22/8 18/23/8 19/24/8
f 5/25/9 20/26/9 11/27/9
f 8/28/10 21/29/10 12/30/10
f 22/31/11 23/32/11 24/33/11
f 25/34/12 26/35/12 27/36/12
f 28/37/13 29/38/13 30/39/13
f 31/40/14 32/41/14 33/42/14
f 13/43/15 23/44/15 34/45/15
f 35/46/16 23/47/16 17/48/16
f 4/49/17 34/50/17 22/51/17
f 4/52/18 24/53/18 35/54/18
f 19/55/19 26/56/19 36/57/19
f 27/58/20 18/59/20 37/60/20
f 6/61/21 25/62/21 7/63/21
f 7/64/22 27/65/22 37/66/22
f 11/67/23 29/68/23 38/69/23
f 30/70/24 20/71/24 39/72/24
f 9/73/25 28/74/25 10/75/25
f 10/76/26 30/77/26 39/78/26
f 12/79/27 32/80/27 40/81/27
f 41/82/28 32/83/28 21/84/28
f 15/85/29 31/86/29 16/87/29
f 16/88/30 33/89/30 41/90/30
f 42/91/31 43/92/31 44/93/31
f 45/94/32 46/95/32 47/96/32
f 48/97/33 49/98/33 50/99/33
f 51/100/34 52/101/34 53/102/34
f 54/103/35 53/104/35 55/105/35
f 50/106/36 47/107/36 44/108/36
f 53/109/37 56/110/37 57/111/37
f 42/112/38 58/113/38 59/114/38
f 45/115/39 60/116/39 51/117/39
f 48/118/40 61/119/40 52/120/40
f 62/121/41 63/122/41 64/123/41
f 65/124/42 66/125/42 67/126/42
f 68/127/43 69/128/43 70/129/43
f 71/130/44 72/131/44 73/132/44
f 53/133/45 64/134/45 63/135/45
f 62/136/46 57/137/46 56/138/46
f 44/139/47 63/140/47 74/141/47
f 44/142/48 62/143/48 56/144/48
f 59/145/49 66/146/49 75/147/49
f 76/148/50 66/149/50 58/150/50
f 46/151/51 65/152/51 47/153/51
f 47/154/52 67/155/52 76/156/52
f 51/157/53 69/158/53 77/159/53
f 70/160/54 60/161/54 78/162/54
f 49/163/55 68/164/55 50/165/55
f 50/166/56 70/167/56 78/168/56
f 52/169/57 72/170/57 79/171/57
f 73/172/58 61/173/58 80/174/58
f 54/175/59 79/176/59 71/177/59
f 54/178/60 73/179/60 80/180/60
f 81/181/61 82/182/61 83/183/61
f 84/184/62 85/185/62 86/186/62
f 87/187/63 88/188/63 89/189/63
f 90/190/64 91/191/64 92/192/64
f 93/193/65 94/194/65 95/195/65
f 89/196/66 86/197/66 83/198/66
f 93/199/67 96/200/67 92/201/67
f 81/202/68 97/203/68 98/204/68
f 84/205/69 99/206/69 90/207/69
f 87/208/70 100/209/70 91/210/70
f 101/211/71 102/212/71 103/213/71
f 104/214/72 105/215/72 106/216/72
f 107/217/73 108/218/73 109/219/73
f 110/220/74 111/221/74 112/222/74
f 92/223/75 102/224/75 113/225/75
f 103/226/76 96/227/76 114/228/76
f 82/229/77 101/230/77 83/231/77
f 83/232/78 103/233/78 114/234/78
f 98/235/79 105/236/79 115/237/79
f 106/238/80 97/239/80 116/240/80
f 85/241/81 104/242/81 86/243/81
f 86/244/82 106/245/82 116/246/82
f 90/247/83 109/248/83 108/249/83
f 107/250/84 99/251/84 117/252/84
f 88/253/85 118/254/85 89/255/85
f 89/256/86 107/257/86 117/258/86
f 91/259/87 112/260/87 111/261/87
f 110/262/88 100/263/88 119/264/88
f 94/265/89 120/266/89 95/267/89
f 95/268/90 110/269/90 119/270/90
f 121/271/91 122/272/91 123/273/91
f 124/274/92 125/275/92 126/276/92
f 127/277/93 128/278/93 129/279/93
f 125/280/94 128/281/94 130/282/94
f 131/283/95 132/284/95 133/285/95
f 127/286/96 124/287/96 123/288/96
f 131/289/97 134/290/97 130/291/97
f 121/292/98 135/293/98 136/294/98
f 137/295/99 138/296/99 125/297/99
f 128/298/100 139/299/100 140/300/100
f 141/301/101 142/302/101 143/303/101
f 144/304/102 145/305/102 146/306/102
f 147/307/103 148/308/103 149/309/103
f 150/310/104 151/311/104 152/312/104
f 130/313/105 143/314/105 142/315/105
f 141/316/106 134/317/106 153/318/106
f 123/319/107 142/320/107 154/321/107
f 123/322/108 141/323/108 153/324/108
f 136/325/109 145/326/109 155/327/109
f 156/328/110 145/329/110 135/330/110
f 126/331/111 144/332/111 124/333/111
f 124/334/112 146/335/112 156/336/112
f 125/337/113 149/338/113 148/339/113
f 147/340/114 138/341/114 157/342/114
f 129/343/115 158/344/115 127/345/115
f 127/346/116 147/347/116 157/348/116
f 128/349/117 152/350/117 151/351/117
f 139/352/118 152/353/118 140/354/118
f 133/355/119 151/356/119 159/357/119
f 133/358/120 150/359/120 139/360/120
f 160/361/121 161/362/121 162/363/121
f 163/364/122 164/365/122 165/366/122
f 166/367/123 167/368/123 168/369/123
f 169/370/124 170/371/124 171/372/124
f 172/373/125 173/374/125 174/375/125
f 168/376/126 165/377/126 160/378/126
f 172/379/127 175/380/127 171/381/127
f 176/382/128 177/383/128 161/384/128
f 163/385/129 178/386/129 169/387/129
f 166/388/130 179/389/130 170/390/130
f 180/391/131 181/392/131 182/393/131
f 183/394/132 184/395/132 185/396/132
f 186/397/133 187/398/133 188/399/133
f 189/400/134 190/401/134 191/402/134
f 171/403/135 182/404/135 181/405/135
f 180/406/136 175/407/136 192/408/136
f 162/409/137 193/410/137 160/411/137
f 160/412/138 180/413/138 192/414/138
f 161/415/139 184/416/139 194/417/139
f 185/418/140 177/419/140 195/420/140
f 164/421/141 183/422/141 165/423/141
f 165/424/142 185/425/142 195/426/142
f 169/427/143 188/428/143 187/429/143
f 186/430/144 178/431/144 196/432/144
f 168/433/145 187/434/145 197/435/145
f 168/436/146 186/437/146 196/438/146
f 170/439/147 190/440/147 198/441/147
f 191/442/148 179/443/148 199/444/148
f 173/445/149 189/446/149 174/447/149
f 174/448/150 191/449/150 199/450/150
f 200/451/151 201/452/151 202/453/151
f 203/454/152 204/455/152 205/456/152
f 206/457/153 207/458/153 208/459/153
f 204/460/154 209/461/154 210/462/154
f 211/463/155 212/464/155 213/465/155
f 208/466/156 203/467/156 200/468/156
f 211/469/157 214/470/157 210/471/157
f 215/472/158 216/473/158 201/474/158
f 217/475/159 218/476/159 204/477/159
f 206/478/160 219/479/160 209/480/160
f 220/481/161 221/482/161 222/483/161
f 223/484/162 224/485/162 225/486/162
f 226/487/163 227/488/163 228/489/163
f 229/490/164 230/491/164 231/492/164
f 210/493/165 221/494/165 232/495/165
f 222/496/166 214/497/166 233/498/166
f 202/499/167 220/500/167 200/501/167
f 200/502/168 222/503/168 233/504/168
f 201/505/169 224/506/169 234/507/169
f 225/508/170 216/509/170 235/510/170
f 203/511/171 234/512/171 223/513/171
f 203/514/172 225/515/172 235/516/172
f 204/517/173 227/518/173 236/519/173
f 228/520/174 218/521/174 237/522/174
f 207/523/175 226/524/175 208/525/175
f 208/526/176 228/527/176 237/528/176
f 209/529/177 231/530/177 230/531/177
f 229/532/178 219/533/178 238/534/178
f 213/535/179 230/536/179 239/537/179
f 213/538/180 229/539/180 238/540/180
f 240/541/181 241/542/181 242/543/181
f 243/544/182 244/545/182 245/546/182
f 246/547/183 247/548/183 248/549/183
f 244/550/184 249/551/184 250/552/184
f 251/553/185 252/554/185 253/555/185
f 248/556/186 243/557/186 240/558/186
f 250/559/187 254/560/187 255/561/187
f 256/562/188 257/563/188 241/564/188
f 258/565/189 259/566/189 244/567/189
f 246/568/190 260/569/190 249/570/190
f 261/571/191 262/572/191 263/573/191
f 264/574/192 265/575/192 266/576/192
f 267/577/193 268/578/193 269/579/193
f 270/580/194 271/581/194 272/582/194
f 250/583/195 262/584/195 273/585/195
f 263/586/196 255/587/196 254/588/196
f 240/589/197 273/590/197 261/591/197
f 240/592/198 263/593/198 254/594/198
f 241/595/199 265/596/199 274/597/199
f 266/598/200 257/599/200 275/600/200
f 243/601/201 274/602/201 264/603/201
f 243/604/202 266/605/202 275/606/202
f 244/607/203 268/608/203 276/609/203
f 269/610/204 259/611/204 277/612/204
f 247/613/205 267/614/205 248/615/205
f 248/616/206 269/617/206 277/618/206
f 249/619/207 272/620/207 271/621/207
f 270/622/208 260/623/208 278/624/208
f 253/625/209 271/626/209 279/627/209
f 253/628/210 270/629/210 278/630/210
f 280/631/211 281/632/211 282/633/211
f 283/634/212 284/635/212 285/636/212
f 286/637/213 287/638/213 288/639/213
f 289/640/214 287/641/214 290/642/214
f 291/643/215 292/644/215 293/645/215
f 286/646/216 285/647/216 282/648/216
f 291/649/217 294/650/217 290/651/217
f 280/652/218 295/653/218 296/654/218
f 289/655/219 297/656/219 298/657/219
f 299/658/220 300/659/220 287/660/220
f 301/661/221 302/662/221 303/663/221
f 1/664/222 304/665/222 305/666/222
f 306/667/223 307/668/223 308/669/223
f 309/670/224 310/671/224 311/672/224
f 290/673/225 303/674/225 302/675/225
f 301/676/226 294/677/226 312/678/226
f 281/679/227 313/680/227 282/681/227
f 282/682/228 301/683/228 312/684/228
f 296/685/229 305/686/229 304/687/229
f 1/688/230 295/689/230 314/690/230
f 285/691/231 304/692/231 315/693/231
f 285/694/232 1/695/232 314/696/232
f 289/697/233 307/698/233 316/699/233
f 297/700/234 307/701/234 298/702/234
f 286/703/235 316/704/235 306/705/235
f 286/706/236 308/707/236 297/708/236
f 287/709/237 310/710/237 317/711/237
f 311/712/238 300/713/238 318/714/238
f 292/715/239 309/716/239 293/717/239
f 293/718/240 311/719/240 318/720/240
f 319/721/241 320/722/241 321/723/241
f 322/724/242 323/725/242 324/726/242
f 325/727/243 326/728/243 327/729/243
f 328/730/244 329/731/244 330/732/244
f 331/733/245 332/734/245 333/735/245
f 327/736/246 324/737/246 321/738/246
f 331/739/247 334/740/247 330/741/247
f 319/742/248 335/743/248 336/744/248
f 328/745/249 337/746/249 338/747/249
f 325/748/250 339/749/250 329/750/250
f 340/751/251 341/752/251 342/753/251
f 343/754/252 344/755/252 345/756/252
f 346/757/253 347/758/253 348/759/253
f 349/760/254 350/761/254 351/762/254
f 330/763/255 341/764/255 352/765/255
f 342/766/256 334/767/256 353/768/256
f 320/769/257 340/770/257 321/771/257
f 321/772/258 342/773/258 353/774/258
f 336/775/259 344/776/259 354/777/259
f 345/778/260 335/779/260 355/780/260
f 323/781/261 343/782/261 324/783/261
f 324/784/262 345/785/262 355/786/262
f 328/787/263 347/788/263 356/789/263
f 348/790/264 338/791/264 337/792/264
f 327/793/265 356/794/265 346/795/265
f 327/796/266 348/797/266 337/798/266
f 329/799/267 350/800/267 357/801/267
f 351/802/268 339/803/268 358/804/268
f 333/805/269 357/806/269 349/807/269
f 333/808/270 351/809/270 358/810/270
f 359/811/271 360/812/271 361/813/271
f 362/814/272 363/815/272 364/816/272
f 365/817/273 366/818/273 367/819/273
f 368/820/274 369/821/274 370/822/274
f 371/823/275 370/824/275 372/825/275
f 367/826/276 364/827/276 361/828/276
f 373/829/277 374/830/277 370/831/277
f 359/832/278 375/833/278 376/834/278
f 368/835/279 377/836/279 378/837/279
f 365/838/280 379/839/280 369/840/280
f 380/841/281 381/842/281 382/843/281
f 383/844/282 384/845/282 385/846/282
f 386/847/283 387/848/283 388/849/283
f 389/850/284 390/851/284 391/852/284
f 370/853/285 382/854/285 381/855/285
f 380/856/286 374/857/286 392/858/286
f 360/859/287 393/860/287 361/861/287
f 361/862/288 380/863/288 392/864/288
f 376/865/289 384/866/289 394/867/289
f 385/868/290 375/869/290 395/870/290
f 363/871/291 383/872/291 364/873/291
f 364/874/292 385/875/292 395/876/292
f 368/877/293 388/878/293 387/879/293
f 386/880/294 378/881/294 377/882/294
f 366/883/295 396/884/295 367/885/295
f 367/886/296 386/887/296 377/888/296
f 369/889/297 390/890/297 397/891/297
f 398/892/298 390/893/298 379/894/298
f 372/895/299 389/896/299 371/897/299
f 371/898/300 391/899/300 398/900/300
f 399/901/301 400/902/301 401/903/301
f 402/904/302 403/905/302 404/906/302
f 405/907/303 406/908/303 407/909/303
f 408/910/304 409/911/304 410/912/304
f 411/913/305 410/914/305 412/915/305
f 407/916/306 404/917/306 401/918/306
f 410/919/307 413/920/307 414/921/307
f 399/922/308 415/923/308 416/924/308
f 402/925/309 417/926/309 408/927/309
f 405/928/310 418/929/310 409/930/310
f 419/931/311 420/932/311 421/933/311
f 422/934/312 423/935/312 424/936/312
f 425/937/313 426/938/313 427/939/313
f 428/940/314 429/941/314 430/942/314
f 410/943/315 420/944/315 431/945/315
f 413/946/316 420/947/316 414/948/316
f 400/949/317 419/950/317 401/951/317
f 401/952/318 421/953/318 413/954/318
f 416/955/319 423/956/319 432/957/319
f 424/958/320 415/959/320 433/960/320
f 403/961/321 422/962/321 404/963/321
f 404/964/322 424/965/322 433/966/322
f 408/967/323 426/968/323 434/969/323
f 427/970/324 417/971/324 435/972/324
f 406/973/325 425/974/325 407/975/325
f 407/976/326 427/977/326 435/978/326
f 409/979/327 429/980/327 436/981/327
f 430/982/328 418/983/328 437/984/328
f 412/985/329 428/986/329 411/987/329
f 411/988/330 430/989/330 437/990/330
f 438/991/331 439/992/331 440/993/331
f 441/994/332 442/995/332 443/996/332
f 444/997/333 445/998/333 446/999/333
f 442/1000/334 447/1001/334 448/1002/334
f 449/1003/335 450/1004/335 451/1005/335
f 446/1006/336 441/1007/336 440/1008/336
f 449/1009/337 452/1010/337 448/1011/337
f 438/1012/338 453/1013/338 454/1014/338
f 442/1015/339 455/1016/339 456/1017/339
f 444/1018/340 457/1019/340 447/1020/340
f 458/1021/341 459/1022/341 460/1023/341
f 461/1024/342 462/1025/342 463/1026/342
f 464/1027/343 465/1028/343 466/1029/343
f 467/1030/344 468/1031/344 469/1032/344
f 448/1033/345 459/1034/345 470/1035/345
f 460/1036/346 452/1037/346 471/1038/346
f 439/1039/347 458/1040/347 440/1041/347
f 440/1042/348 460/1043/348 471/1044/348
f 454/1045/349 462/1046/349 472/1047/349
f 463/1048/350 453/1049/350 473/1050/350
f 443/1051/351 461/1052/351 441/1053/351
f 441/1054/352 463/1055/352 473/1056/352
f 442/1057/353 465/1058/353 474/1059/353
f 455/1060/354 465/1061/354 456/1062/354
f 445/1063/355 464/1064/355 446/1065/355
f 446/1066/356 466/1067/356 455/1068/356
f 447/1069/357 468/1070/357 475/1071/357
f 469/1072/358 457/1073/358 476/1074/358
f 450/1075/359 467/1076/359 451/1077/359
f 451/1078/360 469/1079/360 476/1080/360
f 477/1081/361 478/1082/361 479/1083/361
f 480/1084/362 481/1085/362 482/1086/362
f 483/1087/363 484/1088/363 485/1089/363
f 486/1090/364 487/1091/364 488/1092/364
f 489/1093/365 490/1094/365 491/1095/365
f 485/1096/366 482/1097/366 479/1098/366
f 489/1099/367 492/1100/367 488/1101/367
f 477/1102/368 493/1103/368 494/1104/368
f 486/1105/369 495/1106/369 496/1107/369
f 483/1108/370 497/1109/370 487/1110/370
f 498/1111/371 499/1112/371 500/1113/371
f 501/1114/372 502/1115/372 503/1116/372
f 504/1117/373 505/1118/373 506/1119/373
f 507/1120/374 508/1121/374 509/1122/374
f 488/1123/375 500/1124/375 499/1125/375
f 498/1126/376 492/1127/376 510/1128/376
f 478/1129/377 511/1130/377 479/1131/377
f 479/1132/378 498/1133/378 510/1134/378
f 494/1135/379 503/1136/379 502/1137/379
f 501/1138/380 493/1139/380 512/1140/380
f 481/1141/381 513/1142/381 482/1143/381
f 482/1144/382 501/1145/382 512/1146/382
f 486/1147/383 506/1148/383 505/1149/383
f 504/1150/384 496/1151/384 495/1152/384
f 485/1153/385 505/1154/385 514/1155/385
f 485/1156/386 504/1157/386 495/1158/386
f 487/1159/387 508/1160/387 515/1161/387
f 509/1162/388 497/1163/388 516/1164/388
f 490/1165/389 507/1166/389 491/1167/389
f 491/1168/390 509/1169/390 516/1170/390
f 517/1171/391 518/1172/391 519/1173/391
f 520/1174/392 521/1175/392 522/1176/392
f 523/1177/393 524/1178/393 525/1179/393
f 526/1180/394 527/1181/394 528/1182/394
f 529/1183/395 530/1184/395 531/1185/395
f 525/1186/396 522/1187/396 517/1188/396
f 529/1189/397 532/1190/397 528/1191/397
f 518/1192/398 533/1193/398 534/1194/398
f 520/1195/399 535/1196/399 526/1197/399
f 523/1198/400 536/1199/400 527/1200/400
f 537/1201/401 538/1202/401 539/1203/401
f 540/1204/402 541/1205/402 542/1206/402
f 543/1207/403 544/1208/403 545/1209/403
f 546/1210/404 547/1211/404 548/1212/404
f 528/1213/405 539/1214/405 538/1215/405
f 537/1216/406 532/1217/406 549/1218/406
f 519/1219/407 550/1220/407 517/1221/407
f 517/1222/408 537/1223/408 549/1224/408
f 518/1225/409 541/1226/409 551/1227/409
f 533/1228/410 541/1229/410 534/1230/410
f 522/1231/411 551/1232/411 540/1233/411
f 522/1234/412 542/1235/412 533/1236/412
f 526/1237/413 544/1238/413 552/1239/413
f 545/1240/414 535/1241/414 553/1242/414
f 524/1243/415 543/1244/415 525/1245/415
f 525/1246/416 545/1247/416 553/1248/416
f 527/1249/417 547/1250/417 554/1251/417
f 548/1252/418 536/1253/418 555/1254/418
f 530/1255/419 546/1256/419 531/1257/419
f 531/1258/420 548/1259/420 555/1260/420
f 556/1261/421 557/1262/421 558/1263/421
f 559/1264/422 560/1265/422 561/1266/422
f 562/1267/423 563/1268/423 564/1269/423
f 560/1270/424 563/1271/424 565/1272/424
f 566/1273/425 567/1274/425 568/1275/425
f 562/1276/426 559/1277/426 556/1278/426
f 566/1279/427 569/1280/427 565/1281/427
f 570/1282/428 571/1283/428 557/1284/428
f 572/1285/429 573/1286/429 560/1287/429
f 574/1288/430 575/1289/430 563/1290/430
f 576/1291/431 577/1292/431 578/1293/431
f 579/1294/432 580/1295/432 581/1296/432
f 582/1297/433 583/1298/433 584/1299/433
f 585/1300/434 586/1301/434 587/1302/434
f 565/1303/435 577/1304/435 588/1305/435
f 578/1306/436 569/1307/436 589/1308/436
f 558/1309/437 576/1310/437 556/1311/437
f 556/1312/438 578/1313/438 589/1314/438
f 557/1315/439 580/1316/439 590/1317/439
f 581/1318/440 571/1319/440 591/1320/440
f 559/1321/441 590/1322/441 579/1323/441
f 559/1324/442 581/1325/442 591/1326/442
f 560/1327/443 583/1328/443 592/1329/443
f 584/1330/444 573/1331/444 593/1332/444
f 562/1333/445 592/1334/445 582/1335/445
f 562/1336/446 584/1337/446 593/1338/446
f 563/1339/447 586/1340/447 594/1341/447
f 587/1342/448 575/1343/448 595/1344/448
f 568/1345/449 594/1346/449 585/1347/449
f 568/1348/450 587/1349/450 595/1350/450
f 596/1351/451 597/1352/451 598/1353/451
f 599/1354/452 600/1355/452 601/1356/452
f 602/1357/453 603/1358/453 604/1359/453
f 605/1360/454 606/1361/454 607/1362/454
f 608/1363/455 607/1364/455 609/1365/455
f 604/1366/456 601/1367/456 596/1368/456
f 610/1369/457 611/1370/457 607/1371/457
f 612/1372/458 613/1373/458 597/1374/458
f 605/1375/459 614/1376/459 615/1377/459
f 602/1378/460 616/1379/460 606/1380/460
f 617/1381/461 618/1382/461 619/1383/461
f 620/1384/462 621/1385/462 622/1386/462
f 623/1387/463 624/1388/463 625/1389/463
f 626/1390/464 627/1391/464 628/1392/464
f 607/1393/465 619/1394/465 618/1395/465
f 617/1396/466 611/1397/466 629/1398/466
f 598/1399/467 630/1400/467 596/1401/467
f 596/1402/468 617/1403/468 629/1404/468
f 597/1405/469 621/1406/469 631/1407/469
f 622/1408/470 613/1409/470 632/1410/470
f 600/1411/471 620/1412/471 601/1413/471
f 601/1414/472 622/1415/472 632/1416/472
f 605/1417/473 624/1418/473 633/1419/473
f 625/1420/474 615/1421/474 614/1422/474
f 603/1423/475 623/1424/475 604/1425/475
f 604/1426/476 625/1427/476 614/1428/476
f 606/1429/477 627/1430/477 634/1431/477
f 628/1432/478 616/1433/478 635/1434/478
f 609/1435/479 626/1436/479 608/1437/479
f 608/1438/480 628/1439/480 635/1440/480
f 636/1441/481 637/1442/481 638/1443/481
f 639/1444/482 640/1445/482 641/1446/482
f 642/1447/483 643/1448/483 644/1449/483
f 645/1450/484 646/1451/484 647/1452/484
f 648/1453/485 647/1454/485 649/1455/485
f 644/1456/486 641/1457/486 638/1458/486
f 650/1459/487 651/1460/487 647/1461/487
f 636/1462/488 652/1463/488 653/1464/488
f 639/1465/489 654/1466/489 645/1467/489
f 646/1468/490 655/1469/490 656/1470/490
f 657/1471/491 658/1472/491 659/1473/491
f 660/1474/492 661/1475/492 662/1476/492
f 663/1477/493 664/1478/493 665/1479/493
f 666/1480/494 667/1481/494 668/1482/494
f 647/1483/495 658/1484/495 669/1485/495
f 659/1486/496 651/1487/496 670/1488/496
f 637/1489/497 657/1490/497 638/1491/497
f 638/1492/498 659/1493/498 670/1494/498
f 653/1495/499 661/1496/499 671/1497/499
f 672/1498/500 661/1499/500 652/1500/500
f 640/1501/501 660/1502/501 641/1503/501
f 641/1504/502 662/1505/502 672/1506/502
f 645/1507/503 664/1508/503 673/1509/503
f 674/1510/504 664/1511/504 654/1512/504
f 643/1513/505 663/1514/505 644/1515/505
f 644/1516/506 665/1517/506 674/1518/506
f 646/1519/507 667/1520/507 675/1521/507
f 668/1522/508 656/1523/508 655/1524/508
f 649/1525/509 666/1526/509 648/1527/509
f 648/1528/510 668/1529/510 655/1530/510
f 676/1531/511 677/1532/511 678/1533/511
f 679/1534/512 680/1535/512 681/1536/512
f 682/1537/513 683/1538/513 684/1539/513
f 685/1540/514 686/1541/514 687/1542/514
f 688/1543/515 689/1544/515 690/1545/515
f 684/1546/516 681/1547/516 676/1548/516
f 687/1549/517 691/1550/517 692/1551/517
f 693/1552/518 694/1553/518 677/1554/518
f 679/1555/519 695/1556/519 685/1557/519
f 686/1558/520 696/1559/520 697/1560/520
f 698/1561/521 699/1562/521 700/1563/521
f 701/1564/522 702/1565/522 703/1566/522
f 704/1567/523 705/1568/523 706/1569/523
f 707/1570/524 708/1571/524 709/1572/524
f 687/1573/525 699/1574/525 710/1575/525
f 700/1576/526 692/1577/526 691/1578/526
f 678/1579/527 698/1580/527 676/1581/527
f 676/1582/528 700/1583/528 691/1584/528
f 677/1585/529 702/1586/529 711/1587/529
f 703/1588/530 694/1589/530 712/1590/530
f 681/1591/531 711/1592/531 701/1593/531
f 681/1594/532 703/1595/532 712/1596/532
f 685/1597/533 706/1598/533 705/1599/533
f 704/1600/534 695/1601/534 713/1602/534
f 683/1603/535 714/1604/535 684/1605/535
f 684/1606/536 704/1607/536 713/1608/536
f 686/1609/537 708/1610/537 715/1611/537
f 709/1612/538 697/1613/538 696/1614/538
f 689/1615/539 707/1616/539 690/1617/539
f 690/1618/540 709/1619/540 696/1620/540
f 716/1621/541 717/1622/541 718/1623/541
f 719/1624/542 720/1625/542 721/1626/542
f 722/1627/543 723/1628/543 724/1629/543
f 725/1630/544 726/1631/544 727/1632/544
f 728/1633/545 729/1634/545 730/1635/545
f 724/1636/546 721/1637/546 716/1638/546
f 727/1639/547 731/1640/547 732/1641/547
f 733/1642/548 734/1643/548 717/1644/548
f 725/1645/549 735/1646/549 736/1647/549
f 722/1648/550 737/1649/550 726/1650/550
f 738/1651/551 739/1652/551 740/1653/551
f 741/1654/552 742/1655/552 743/1656/552
f 744/1657/553 745/1658/553 746/1659/553
f 747/1660/554 748/1661/554 749/1662/554
f 727/1663/555 739/1664/555 750/1665/555
f 740/1666/556 732/1667/556 731/1668/556
f 718/1669/557 738/1670/557 716/1671/557
f 716/1672/558 740/1673/558 731/1674/558
f 717/1675/559 743/1676/559 742/1677/559
f 751/1678/560 743/1679/560 734/1680/560
f 721/1681/561 742/1682/561 752/1683/561
f 721/1684/562 741/1685/562 751/1686/562
f 725/1687/563 745/1688/563 753/1689/563
f 735/1690/564 745/1691/564 736/1692/564
f 723/1693/565 744/1694/565 724/1695/565
f 724/1696/566 746/1697/566 735/1698/566
f 726/1699/567 749/1700/567 748/1701/567
f 747/1702/568 737/1703/568 754/1704/568
f 729/1705/569 755/1706/569 730/1707/569
f 730/1708/570 747/1709/570 754/1710/570
f 2/1711/571 19/1712/571 3/1713/571
f 5/1714/572 11/1715/572 6/1716/572
f 8/1717/573 12/1718/573 9/1719/573
f 13/1720/574 3/1721/574 19/1722/574
f 19/1723/575 6/1724/575 11/1725/575
f 11/1726/576 9/1727/576 12/1728/576
f 12/1729/577 15/1730/577 13/1731/577
f 13/1732/578 19/1733/578 11/1734/578
f 14/1735/579 13/1736/579 15/1737/579
f 4/1738/580 14/1739/580 16/1740/580
f 16/1741/581 8/1742/581 10/1743/581
f 10/1744/582 5/1745/582 7/1746/582
f 7/1747/583 2/1748/583 4/1749/583
f 4/1750/584 16/1751/584 10/1752/584
f 14/1753/585 35/1754/585 17/1755/585
f 2/1756/586 37/1757/586 18/1758/586
f 5/1759/587 39/1760/587 20/1761/587
f 8/1762/588 41/1763/588 21/1764/588
f 22/1765/589 34/1766/589 23/1767/589
f 25/1768/590 36/1769/590 26/1770/590
f 28/1771/591 38/1772/591 29/1773/591
f 31/1774/592 40/1775/592 32/1776/592
f 34/1777/593 3/1778/593 13/1779/593
f 13/1780/594 17/1781/594 23/1782/594
f 35/1783/595 24/1784/595 23/1785/595
f 4/1786/596 3/1787/596 34/1788/596
f 35/1789/597 14/1790/597 4/1791/597
f 4/1792/598 22/1793/598 24/1794/598
f 36/1795/599 6/1796/599 19/1797/599
f 19/1798/600 18/1799/600 26/1800/600
f 27/1801/601 26/1802/601 18/1803/601
f 6/1804/602 36/1805/602 25/1806/602
f 37/1807/603 2/1808/603 7/1809/603
f 7/1810/604 25/1811/604 27/1812/604
f 38/1813/605 9/1814/605 11/1815/605
f 11/1816/606 20/1817/606 29/1818/606
f 30/1819/607 29/1820/607 20/1821/607
f 9/1822/608 38/1823/608 28/1824/608
f 39/1825/609 5/1826/609 10/1827/609
f 10/1828/610 28/1829/610 30/1830/610
f 40/1831/611 15/1832/611 12/1833/611
f 12/1834/612 21/1835/612 32/1836/612
f 41/1837/613 33/1838/613 32/1839/613
f 15/1840/614 40/1841/614 31/1842/614
f 41/1843/615 8/1844/615 16/1845/615
f 16/1846/616 31/1847/616 33/1848/616
f 42/1849/617 59/1850/617 43/1851/617
f 45/1852/618 51/1853/618 46/1854/618
f 48/1855/619 52/1856/619 49/1857/619
f 53/1858/620 43/1859/620 59/1860/620
f 59/1861/621 46/1862/621 51/1863/621
f 51/1864/622 49/1865/622 52/1866/622
f 52/1867/623 55/1868/623 53/1869/623
f 53/1870/624 59/1871/624 51/1872/624
f 54/1873/625 756/1874/625 53/1875/625
f 44/1876/626 756/1877/626 54/1878/626
f 54/1879/627 48/1880/627 50/1881/627
f 50/1882/628 45/1883/628 47/1884/628
f 47/1885/629 42/1886/629 44/1887/629
f 44/1888/630 54/1889/630 50/1890/630
f 53/1891/631 756/1892/631 56/1893/631
f 42/1894/632 76/1895/632 58/1896/632
f 45/1897/633 78/1898/633 60/1899/633
f 48/1900/634 80/1901/634 61/1902/634
f 62/1903/635 74/1904/635 63/1905/635
f 65/1906/636 75/1907/636 66/1908/636
f 68/1909/637 77/1910/637 69/1911/637
f 71/1912/638 79/1913/638 72/1914/638
f 63/1915/639 43/1916/639 53/1917/639
f 53/1918/640 57/1919/640 64/1920/640
f 62/1921/641 64/1922/641 57/1923/641
f 44/1924/642 43/1925/642 63/1926/642
f 56/1927/643 756/1928/643 44/1929/643
f 44/1930/644 74/1931/644 62/1932/644
f 75/1933/645 46/1934/645 59/1935/645
f 59/1936/646 58/1937/646 66/1938/646
f 76/1939/647 67/1940/647 66/1941/647
f 46/1942/648 75/1943/648 65/1944/648
f 76/1945/649 42/1946/649 47/1947/649
f 47/1948/650 65/1949/650 67/1950/650
f 77/1951/651 49/1952/651 51/1953/651
f 51/1954/652 60/1955/652 69/1956/652
f 70/1957/653 69/1958/653 60/1959/653
f 49/1960/654 77/1961/654 68/1962/654
f 78/1963/655 45/1964/655 50/1965/655
f 50/1966/656 68/1967/656 70/1968/656
f 79/1969/657 55/1970/657 52/1971/657
f 52/1972/658 61/1973/658 72/1974/658
f 73/1975/659 72/1976/659 61/1977/659
f 54/1978/660 55/1979/660 79/1980/660
f 80/1981/661 48/1982/661 54/1983/661
f 54/1984/662 71/1985/662 73/1986/662
f 81/1987/663 98/1988/663 82/1989/663
f 84/1990/664 90/1991/664 85/1992/664
f 87/1993/665 91/1994/665 88/1995/665
f 92/1996/666 82/1997/666 98/1998/666
f 98/1999/667 85/2000/667 90/2001/667
f 90/2002/668 88/2003/668 91/2004/668
f 91/2005/669 94/2006/669 92/2007/669
f 92/2008/670 98/2009/670 90/2010/670
f 93/2011/671 92/2012/671 94/2013/671
f 83/2014/672 93/2015/672 95/2016/672
f 95/2017/673 87/2018/673 89/2019/673
f 89/2020/674 84/2021/674 86/2022/674
f 86/2023/675 81/2024/675 83/2025/675
f 83/2026/676 95/2027/676 89/2028/676
f 93/2029/677 114/2030/677 96/2031/677
f 81/2032/678 116/2033/678 97/2034/678
f 84/2035/679 117/2036/679 99/2037/679
f 87/2038/680 119/2039/680 100/2040/680
f 101/2041/681 113/2042/681 102/2043/681
f 104/2044/682 115/2045/682 105/2046/682
f 107/2047/683 118/2048/683 108/2049/683
f 110/2050/684 120/2051/684 111/2052/684
f 113/2053/685 82/2054/685 92/2055/685
f 92/2056/686 96/2057/686 102/2058/686
f 103/2059/687 102/2060/687 96/2061/687
f 82/2062/688 113/2063/688 101/2064/688
f 114/2065/689 93/2066/689 83/2067/689
f 83/2068/690 101/2069/690 103/2070/690
f 115/2071/691 85/2072/691 98/2073/691
f 98/2074/692 97/2075/692 105/2076/692
f 106/2077/693 105/2078/693 97/2079/693
f 85/2080/694 115/2081/694 104/2082/694
f 116/2083/695 81/2084/695 86/2085/695
f 86/2086/696 104/2087/696 106/2088/696
f 108/2089/697 88/2090/697 90/2091/697
f 90/2092/698 99/2093/698 109/2094/698
f 107/2095/699 109/2096/699 99/2097/699
f 88/2098/700 108/2099/700 118/2100/700
f 117/2101/701 84/2102/701 89/2103/701
f 89/2104/702 118/2105/702 107/2106/702
f 111/2107/703 94/2108/703 91/2109/703
f 91/2110/704 100/2111/704 112/2112/704
f 110/2113/705 112/2114/705 100/2115/705
f 94/2116/706 111/2117/706 120/2118/706
f 119/2119/707 87/2120/707 95/2121/707
f 95/2122/708 120/2123/708 110/2124/708
f 121/2125/709 136/2126/709 122/2127/709
f 124/2128/710 137/2129/710 125/2130/710
f 127/2131/711 757/2132/711 128/2133/711
f 130/2134/712 122/2135/712 136/2136/712
f 136/2137/713 126/2138/713 125/2139/713
f 125/2140/714 129/2141/714 128/2142/714
f 128/2143/715 132/2144/715 130/2145/715
f 130/2146/716 136/2147/716 125/2148/716
f 131/2149/717 130/2150/717 132/2151/717
f 123/2152/718 131/2153/718 133/2154/718
f 133/2155/719 757/2156/719 127/2157/719
f 127/2158/720 137/2159/720 124/2160/720
f 124/2161/721 121/2162/721 123/2163/721
f 123/2164/722 133/2165/722 127/2166/722
f 131/2167/723 153/2168/723 134/2169/723
f 121/2170/724 156/2171/724 135/2172/724
f 137/2173/725 157/2174/725 138/2175/725
f 128/2176/726 757/2177/726 139/2178/726
f 141/2179/727 154/2180/727 142/2181/727
f 144/2182/728 155/2183/728 145/2184/728
f 147/2185/729 158/2186/729 148/2187/729
f 150/2188/730 159/2189/730 151/2190/730
f 142/2191/731 122/2192/731 130/2193/731
f 130/2194/732 134/2195/732 143/2196/732
f 141/2197/733 143/2198/733 134/2199/733
f 123/2200/734 122/2201/734 142/2202/734
f 153/2203/735 131/2204/735 123/2205/735
f 123/2206/736 154/2207/736 141/2208/736
f 155/2209/737 126/2210/737 136/2211/737
f 136/2212/738 135/2213/738 145/2214/738
f 156/2215/739 146/2216/739 145/2217/739
f 126/2218/740 155/2219/740 144/2220/740
f 156/2221/741 121/2222/741 124/2223/741
f 124/2224/742 144/2225/742 146/2226/742
f 148/2227/743 129/2228/743 125/2229/743
f 125/2230/744 138/2231/744 149/2232/744
f 147/2233/745 149/2234/745 138/2235/745
f 129/2236/746 148/2237/746 158/2238/746
f 157/2239/747 137/2240/747 127/2241/747
f 127/2242/748 158/2243/748 147/2244/748
f 151/2245/749 132/2246/749 128/2247/749
f 128/2248/750 140/2249/750 152/2250/750
f 139/2251/751 150/2252/751 152/2253/751
f 133/2254/752 132/2255/752 151/2256/752
f 139/2257/753 757/2258/753 133/2259/753
f 133/2260/754 159/2261/754 150/2262/754
f 160/2263/755 176/2264/755 161/2265/755
f 163/2266/756 169/2267/756 164/2268/756
f 166/2269/757 170/2270/757 167/2271/757
f 171/2272/758 162/2273/758 161/2274/758
f 161/2275/759 164/2276/759 169/2277/759
f 169/2278/760 167/2279/760 170/2280/760
f 170/2281/761 173/2282/761 171/2283/761
f 171/2284/762 161/2285/762 169/2286/762
f 172/2287/763 171/2288/763 173/2289/763
f 160/2290/764 172/2291/764 174/2292/764
f 174/2293/765 166/2294/765 168/2295/765
f 168/2296/766 163/2297/766 165/2298/766
f 165/2299/767 176/2300/767 160/2301/767
f 160/2302/768 174/2303/768 168/2304/768
f 172/2305/769 192/2306/769 175/2307/769
f 176/2308/770 195/2309/770 177/2310/770
f 163/2311/771 196/2312/771 178/2313/771
f 166/2314/772 199/2315/772 179/2316/772
f 180/2317/773 193/2318/773 181/2319/773
f 183/2320/774 194/2321/774 184/2322/774
f 186/2323/775 197/2324/775 187/2325/775
f 189/2326/776 198/2327/776 190/2328/776
f 181/2329/777 162/2330/777 171/2331/777
f 171/2332/778 175/2333/778 182/2334/778
f 180/2335/779 182/2336/779 175/2337/779
f 162/2338/780 181/2339/780 193/2340/780
f 192/2341/781 172/2342/781 160/2343/781
f 160/2344/782 193/2345/782 180/2346/782
f 194/2347/783 164/2348/783 161/2349/783
f 161/2350/784 177/2351/784 184/2352/784
f 185/2353/785 184/2354/785 177/2355/785
f 164/2356/786 194/2357/786 183/2358/786
f 195/2359/787 176/2360/787 165/2361/787
f 165/2362/788 183/2363/788 185/2364/788
f 187/2365/789 167/2366/789 169/2367/789
f 169/2368/790 178/2369/790 188/2370/790
f 186/2371/791 188/2372/791 178/2373/791
f 168/2374/792 167/2375/792 187/2376/792
f 196/2377/793 163/2378/793 168/2379/793
f 168/2380/794 197/2381/794 186/2382/794
f 198/2383/795 173/2384/795 170/2385/795
f 170/2386/796 179/2387/796 190/2388/796
f 191/2389/797 190/2390/797 179/2391/797
f 173/2392/798 198/2393/798 189/2394/798
f 199/2395/799 166/2396/799 174/2397/799
f 174/2398/800 189/2399/800 191/2400/800
f 200/2401/801 215/2402/801 201/2403/801
f 203/2404/802 217/2405/802 204/2406/802
f 206/2407/803 209/2408/803 207/2409/803
f 210/2410/804 202/2411/804 201/2412/804
f 201/2413/805 205/2414/805 204/2415/805
f 204/2416/806 207/2417/806 209/2418/806
f 209/2419/807 212/2420/807 210/2421/807
f 210/2422/808 201/2423/808 204/2424/808
f 211/2425/809 210/2426/809 212/2427/809
f 200/2428/810 211/2429/810 213/2430/810
f 213/2431/811 206/2432/811 208/2433/811
f 208/2434/812 217/2435/812 203/2436/812
f 203/2437/813 215/2438/813 200/2439/813
f 200/2440/814 213/2441/814 208/2442/814
f 211/2443/815 233/2444/815 214/2445/815
f 215/2446/816 235/2447/816 216/2448/816
f 217/2449/817 237/2450/817 218/2451/817
f 206/2452/818 238/2453/818 219/2454/818
f 220/2455/819 232/2456/819 221/2457/819
f 223/2458/820 234/2459/820 224/2460/820
f 226/2461/821 236/2462/821 227/2463/821
f 229/2464/822 239/2465/822 230/2466/822
f 232/2467/823 202/2468/823 210/2469/823
f 210/2470/824 214/2471/824 221/2472/824
f 222/2473/825 221/2474/825 214/2475/825
f 202/2476/826 232/2477/826 220/2478/826
f 233/2479/827 211/2480/827 200/2481/827
f 200/2482/828 220/2483/828 222/2484/828
f 234/2485/829 205/2486/829 201/2487/829
f 201/2488/830 216/2489/830 224/2490/830
f 225/2491/831 224/2492/831 216/2493/831
f 203/2494/832 205/2495/832 234/2496/832
f 235/2497/833 215/2498/833 203/2499/833
f 203/2500/834 223/2501/834 225/2502/834
f 236/2503/835 207/2504/835 204/2505/835
f 204/2506/836 218/2507/836 227/2508/836
f 228/2509/837 227/2510/837 218/2511/837
f 207/2512/838 236/2513/838 226/2514/838
f 237/2515/839 217/2516/839 208/2517/839
f 208/2518/840 226/2519/840 228/2520/840
f 230/2521/841 212/2522/841 209/2523/841
f 209/2524/842 219/2525/842 231/2526/842
f 229/2527/843 231/2528/843 219/2529/843
f 213/2530/844 212/2531/844 230/2532/844
f 238/2533/845 206/2534/845 213/2535/845
f 213/2536/846 239/2537/846 229/2538/846
f 240/2539/847 256/2540/847 241/2541/847
f 243/2542/848 258/2543/848 244/2544/848
f 246/2545/849 249/2546/849 247/2547/849
f 250/2548/850 242/2549/850 241/2550/850
f 241/2551/851 245/2552/851 244/2553/851
f 244/2554/852 247/2555/852 249/2556/852
f 249/2557/853 252/2558/853 250/2559/853
f 250/2560/854 241/2561/854 244/2562/854
f 251/2563/855 250/2564/855 252/2565/855
f 240/2566/856 251/2567/856 253/2568/856
f 253/2569/857 246/2570/857 248/2571/857
f 248/2572/858 258/2573/858 243/2574/858
f 243/2575/859 256/2576/859 240/2577/859
f 240/2578/860 253/2579/860 248/2580/860
f 250/2581/861 251/2582/861 254/2583/861
f 256/2584/862 275/2585/862 257/2586/862
f 258/2587/863 277/2588/863 259/2589/863
f 246/2590/864 278/2591/864 260/2592/864
f 261/2593/865 273/2594/865 262/2595/865
f 264/2596/866 274/2597/866 265/2598/866
f 267/2599/867 276/2600/867 268/2601/867
f 270/2602/868 279/2603/868 271/2604/868
f 273/2605/869 242/2606/869 250/2607/869
f 250/2608/870 255/2609/870 262/2610/870
f 263/2611/871 262/2612/871 255/2613/871
f 240/2614/872 242/2615/872 273/2616/872
f 254/2617/873 251/2618/873 240/2619/873
f 240/2620/874 261/2621/874 263/2622/874
f 274/2623/875 245/2624/875 241/2625/875
f 241/2626/876 257/2627/876 265/2628/876
f 266/2629/877 265/2630/877 257/2631/877
f 243/2632/878 245/2633/878 274/2634/878
f 275/2635/879 256/2636/879 243/2637/879
f 243/2638/880 264/2639/880 266/2640/880
f 276/2641/881 247/2642/881 244/2643/881
f 244/2644/882 259/2645/882 268/2646/882
f 269/2647/883 268/2648/883 259/2649/883
f 247/2650/884 276/2651/884 267/2652/884
f 277/2653/885 258/2654/885 248/2655/885
f 248/2656/886 267/2657/886 269/2658/886
f 271/2659/887 252/2660/887 249/2661/887
f 249/2662/888 260/2663/888 272/2664/888
f 270/2665/889 272/2666/889 260/2667/889
f 253/2668/890 252/2669/890 271/2670/890
f 278/2671/891 246/2672/891 253/2673/891
f 253/2674/892 279/2675/892 270/2676/892
f 280/2677/893 296/2678/893 281/2679/893
f 283/2680/894 289/2681/894 284/2682/894
f 286/2683/895 299/2684/895 287/2685/895
f 290/2686/896 281/2687/896 296/2688/896
f 296/2689/897 284/2690/897 289/2691/897
f 289/2692/898 288/2693/898 287/2694/898
f 287/2695/899 292/2696/899 290/2697/899
f 290/2698/900 296/2699/900 289/2700/900
f 291/2701/901 290/2702/901 292/2703/901
f 282/2704/902 291/2705/902 293/2706/902
f 293/2707/903 299/2708/903 286/2709/903
f 286/2710/904 283/2711/904 285/2712/904
f 285/2713/905 280/2714/905 282/2715/905
f 282/2716/906 293/2717/906 286/2718/906
f 291/2719/907 312/2720/907 294/2721/907
f 280/2722/908 314/2723/908 295/2724/908
f 289/2725/909 283/2726/909 297/2727/909
f 299/2728/910 318/2729/910 300/2730/910
f 301/2731/911 313/2732/911 302/2733/911
f 1/2734/912 315/2735/912 304/2736/912
f 306/2737/913 316/2738/913 307/2739/913
f 309/2740/914 317/2741/914 310/2742/914
f 302/2743/915 281/2744/915 290/2745/915
f 290/2746/916 294/2747/916 303/2748/916
f 301/2749/917 303/2750/917 294/2751/917
f 281/2752/918 302/2753/918 313/2754/918
f 312/2755/919 291/2756/919 282/2757/919
f 282/2758/920 313/2759/920 301/2760/920
f 304/2761/921 284/2762/921 296/2763/921
f 296/2764/922 295/2765/922 305/2766/922
f 1/2767/923 305/2768/923 295/2769/923
f 285/2770/924 284/2771/924 304/2772/924
f 314/2773/925 280/2774/925 285/2775/925
f 285/2776/926 315/2777/926 1/2778/926
f 316/2779/927 288/2780/927 289/2781/927
f 289/2782/928 298/2783/928 307/2784/928
f 297/2785/929 308/2786/929 307/2787/929
f 286/2788/930 288/2789/930 316/2790/930
f 297/2791/931 283/2792/931 286/2793/931
f 286/2794/932 306/2795/932 308/2796/932
f 317/2797/933 292/2798/933 287/2799/933
f 287/2800/934 300/2801/934 310/2802/934
f 311/2803/935 310/2804/935 300/2805/935
f 292/2806/936 317/2807/936 309/2808/936
f 318/2809/937 299/2810/937 293/2811/937
f 293/2812/938 309/2813/938 311/2814/938
f 319/2815/939 336/2816/939 320/2817/939
f 322/2818/940 328/2819/940 323/2820/940
f 325/2821/941 329/2822/941 326/2823/941
f 330/2824/942 320/2825/942 336/2826/942
f 336/2827/943 323/2828/943 328/2829/943
f 328/2830/944 326/2831/944 329/2832/944
f 329/2833/945 332/2834/945 330/2835/945
f 330/2836/946 336/2837/946 328/2838/946
f 331/2839/947 330/2840/947 332/2841/947
f 321/2842/948 331/2843/948 333/2844/948
f 333/2845/949 325/2846/949 327/2847/949
f 327/2848/950 322/2849/950 324/2850/950
f 324/2851/951 319/2852/951 321/2853/951
f 321/2854/952 333/2855/952 327/2856/952
f 331/2857/953 353/2858/953 334/2859/953
f 319/2860/954 355/2861/954 335/2862/954
f 328/2863/955 322/2864/955 337/2865/955
f 325/2866/956 358/2867/956 339/2868/956
f 340/2869/957 352/2870/957 341/2871/957
f 343/2872/958 354/2873/958 344/2874/958
f 346/2875/959 356/2876/959 347/2877/959
f 349/2878/960 357/2879/960 350/2880/960
f 352/2881/961 320/2882/961 330/2883/961
f 330/2884/962 334/2885/962 341/2886/962
f 342/2887/963 341/2888/963 334/2889/963
f 320/2890/964 352/2891/964 340/2892/964
f 353/2893/965 331/2894/965 321/2895/965
f 321/2896/966 340/2897/966 342/2898/966
f 354/2899/967 323/2900/967 336/2901/967
f 336/2902/968 335/2903/968 344/2904/968
f 345/2905/969 344/2906/969 335/2907/969
f 323/2908/970 354/2909/970 343/2910/970
f 355/2911/971 319/2912/971 324/2913/971
f 324/2914/972 343/2915/972 345/2916/972
f 356/2917/973 326/2918/973 328/2919/973
f 328/2920/974 338/2921/974 347/2922/974
f 348/2923/975 347/2924/975 338/2925/975
f 327/2926/976 326/2927/976 356/2928/976
f 337/2929/977 322/2930/977 327/2931/977
f 327/2932/978 346/2933/978 348/2934/978
f 357/2935/979 332/2936/979 329/2937/979
f 329/2938/980 339/2939/980 350/2940/980
f 351/2941/981 350/2942/981 339/2943/981
f 333/2944/982 332/2945/982 357/2946/982
f 358/2947/983 325/2948/983 333/2949/983
f 333/2950/984 349/2951/984 351/2952/984
f 359/2953/985 376/2954/985 360/2955/985
f 362/2956/986 368/2957/986 363/2958/986
f 365/2959/987 369/2960/987 366/2961/987
f 370/2962/988 360/2963/988 376/2964/988
f 376/2965/989 363/2966/989 368/2967/989
f 368/2968/990 366/2969/990 369/2970/990
f 369/2971/991 372/2972/991 370/2973/991
f 370/2974/992 376/2975/992 368/2976/992
f 371/2977/993 373/2978/993 370/2979/993
f 361/2980/994 373/2981/994 371/2982/994
f 371/2983/995 365/2984/995 367/2985/995
f 367/2986/996 362/2987/996 364/2988/996
f 364/2989/997 359/2990/997 361/2991/997
f 361/2992/998 371/2993/998 367/2994/998
f 373/2995/999 392/2996/999 374/2997/999
f 359/2998/1000 395/2999/1000 375/3000/1000
f 368/3001/1001 362/3002/1001 377/3003/1001
f 365/3004/1002 398/3005/1002 379/3006/1002
f 380/3007/1003 393/3008/1003 381/3009/1003
f 383/3010/1004 394/3011/1004 384/3012/1004
f 386/3013/1005 396/3014/1005 387/3015/1005
f 389/3016/1006 397/3017/1006 390/3018/1006
f 381/3019/1007 360/3020/1007 370/3021/1007
f 370/3022/1008 374/3023/1008 382/3024/1008
f 380/3025/1009 382/3026/1009 374/3027/1009
f 360/3028/1010 381/3029/1010 393/3030/1010
f 392/3031/1011 373/3032/1011 361/3033/1011
f 361/3034/1012 393/3035/1012 380/3036/1012
f 394/3037/1013 363/3038/1013 376/3039/1013
f 376/3040/1014 375/3041/1014 384/3042/1014
f 385/3043/1015 384/3044/1015 375/3045/1015
f 363/3046/1016 394/3047/1016 383/3048/1016
f 395/3049/1017 359/3050/1017 364/3051/1017
f 364/3052/1018 383/3053/1018 385/3054/1018
f 387/3055/1019 366/3056/1019 368/3057/1019
f 368/3058/1020 378/3059/1020 388/3060/1020
f 386/3061/1021 388/3062/1021 378/3063/1021
f 366/3064/1022 387/3065/1022 396/3066/1022
f 377/3067/1023 362/3068/1023 367/3069/1023
f 367/3070/1024 396/3071/1024 386/3072/1024
f 397/3073/1025 372/3074/1025 369/3075/1025
f 369/3076/1026 379/3077/1026 390/3078/1026
f 398/3079/1027 391/3080/1027 390/3081/1027
f 372/3082/1028 397/3083/1028 389/3084/1028
f 398/3085/1029 365/3086/1029 371/3087/1029
f 371/3088/1030 389/3089/1030 391/3090/1030
f 399/3091/1031 416/3092/1031 400/3093/1031
f 402/3094/1032 408/3095/1032 403/3096/1032
f 405/3097/1033 409/3098/1033 406/3099/1033
f 410/3100/1034 400/3101/1034 416/3102/1034
f 416/3103/1035 403/3104/1035 408/3105/1035
f 408/3106/1036 406/3107/1036 409/3108/1036
f 409/3109/1037 412/3110/1037 410/3111/1037
f 410/3112/1038 416/3113/1038 408/3114/1038
f 411/3115/1039 758/3116/1039 410/3117/1039
f 401/3118/1040 758/3119/1040 411/3120/1040
f 411/3121/1041 405/3122/1041 407/3123/1041
f 407/3124/1042 402/3125/1042 404/3126/1042
f 404/3127/1043 399/3128/1043 401/3129/1043
f 401/3130/1044 411/3131/1044 407/3132/1044
f 410/3133/1045 758/3134/1045 413/3135/1045
f 399/3136/1046 433/3137/1046 415/3138/1046
f 402/3139/1047 435/3140/1047 417/3141/1047
f 405/3142/1048 437/3143/1048 418/3144/1048
f 419/3145/1049 431/3146/1049 420/3147/1049
f 422/3148/1050 432/3149/1050 423/3150/1050
f 425/3151/1051 434/3152/1051 426/3153/1051
f 428/3154/1052 436/3155/1052 429/3156/1052
f 431/3157/1053 400/3158/1053 410/3159/1053
f 410/3160/1054 414/3161/1054 420/3162/1054
f 413/3163/1055 421/3164/1055 420/3165/1055
f 400/3166/1056 431/3167/1056 419/3168/1056
f 413/3169/1057 758/3170/1057 401/3171/1057
f 401/3172/1058 419/3173/1058 421/3174/1058
f 432/3175/1059 403/3176/1059 416/3177/1059
f 416/3178/1060 415/3179/1060 423/3180/1060
f 424/3181/1061 423/3182/1061 415/3183/1061
f 403/3184/1062 432/3185/1062 422/3186/1062
f 433/3187/1063 399/3188/1063 404/3189/1063
f 404/3190/1064 422/3191/1064 424/3192/1064
f 434/3193/1065 406/3194/1065 408/3195/1065
f 408/3196/1066 417/3197/1066 426/3198/1066
f 427/3199/1067 426/3200/1067 417/3201/1067
f 406/3202/1068 434/3203/1068 425/3204/1068
f 435/3205/1069 402/3206/1069 407/3207/1069
f 407/3208/1070 425/3209/1070 427/3210/1070
f 436/3211/1071 412/3212/1071 409/3213/1071
f 409/3214/1072 418/3215/1072 429/3216/1072
f 430/3217/1073 429/3218/1073 418/3219/1073
f 412/3220/1074 436/3221/1074 428/3222/1074
f 437/3223/1075 405/3224/1075 411/3225/1075
f 411/3226/1076 428/3227/1076 430/3228/1076
f 438/3229/1077 454/3230/1077 439/3231/1077
f 441/3232/1078 759/3233/1078 442/3234/1078
f 444/3235/1079 447/3236/1079 445/3237/1079
f 448/3238/1080 439/3239/1080 454/3240/1080
f 454/3241/1081 443/3242/1081 442/3243/1081
f 442/3244/1082 445/3245/1082 447/3246/1082
f 447/3247/1083 450/3248/1083 448/3249/1083
f 448/3250/1084 454/3251/1084 442/3252/1084
f 449/3253/1085 448/3254/1085 450/3255/1085
f 440/3256/1086 449/3257/1086 451/3258/1086
f 451/3259/1087 444/3260/1087 446/3261/1087
f 446/3262/1088 759/3263/1088 441/3264/1088
f 441/3265/1089 438/3266/1089 440/3267/1089
f 440/3268/1090 451/3269/1090 446/3270/1090
f 449/3271/1091 471/3272/1091 452/3273/1091
f 438/3274/1092 473/3275/1092 453/3276/1092
f 442/3277/1093 759/3278/1093 455/3279/1093
f 444/3280/1094 476/3281/1094 457/3282/1094
f 458/3283/1095 470/3284/1095 459/3285/1095
f 461/3286/1096 472/3287/1096 462/3288/1096
f 464/3289/1097 474/3290/1097 465/3291/1097
f 467/3292/1098 475/3293/1098 468/3294/1098
f 470/3295/1099 439/3296/1099 448/3297/1099
f 448/3298/1100 452/3299/1100 459/3300/1100
f 460/3301/1101 459/3302/1101 452/3303/1101
f 439/3304/1102 470/3305/1102 458/3306/1102
f 471/3307/1103 449/3308/1103 440/3309/1103
f 440/3310/1104 458/3311/1104 460/3312/1104
f 472/3313/1105 443/3314/1105 454/3315/1105
f 454/3316/1106 453/3317/1106 462/3318/1106
f 463/3319/1107 462/3320/1107 453/3321/1107
f 443/3322/1108 472/3323/1108 461/3324/1108
f 473/3325/1109 438/3326/1109 441/3327/1109
f 441/3328/1110 461/3329/1110 463/3330/1110
f 474/3331/1111 445/3332/1111 442/3333/1111
f 442/3334/1112 456/3335/1112 465/3336/1112
f 455/3337/1113 466/3338/1113 465/3339/1113
f 445/3340/1114 474/3341/1114 464/3342/1114
f 455/3343/1115 759/3344/1115 446/3345/1115
f 446/3346/1116 464/3347/1116 466/3348/1116
f 475/3349/1117 450/3350/1117 447/3351/1117
f 447/3352/1118 457/3353/1118 468/3354/1118
f 469/3355/1119 468/3356/1119 457/3357/1119
f 450/3358/1120 475/3359/1120 467/3360/1120
f 476/3361/1121 444/3362/1121 451/3363/1121
f 451/3364/1122 467/3365/1122 469/3366/1122
f 477/3367/1123 494/3368/1123 478/3369/1123
f 480/3370/1124 486/3371/1124 481/3372/1124
f 483/3373/1125 487/3374/1125 484/3375/1125
f 488/3376/1126 478/3377/1126 494/3378/1126
f 494/3379/1127 481/3380/1127 486/3381/1127
f 486/3382/1128 484/3383/1128 487/3384/1128
f 487/3385/1129 490/3386/1129 488/3387/1129
f 488/3388/1130 494/3389/1130 486/3390/1130
f 489/3391/1131 488/3392/1131 490/3393/1131
f 479/3394/1132 489/3395/1132 491/3396/1132
f 491/3397/1133 483/3398/1133 485/3399/1133
f 485/3400/1134 480/3401/1134 482/3402/1134
f 482/3403/1135 477/3404/1135 479/3405/1135
f 479/3406/1136 491/3407/1136 485/3408/1136
f 489/3409/1137 510/3410/1137 492/3411/1137
f 477/3412/1138 512/3413/1138 493/3414/1138
f 486/3415/1139 480/3416/1139 495/3417/1139
f 483/3418/1140 516/3419/1140 497/3420/1140
f 498/3421/1141 511/3422/1141 499/3423/1141
f 501/3424/1142 513/3425/1142 502/3426/1142
f 504/3427/1143 514/3428/1143 505/3429/1143
f 507/3430/1144 515/3431/1144 508/3432/1144
f 499/3433/1145 478/3434/1145 488/3435/1145
f 488/3436/1146 492/3437/1146 500/3438/1146
f 498/3439/1147 500/3440/1147 492/3441/1147
f 478/3442/1148 499/3443/1148 511/3444/1148
f 510/3445/1149 489/3446/1149 479/3447/1149
f 479/3448/1150 511/3449/1150 498/3450/1150
f 502/3451/1151 481/3452/1151 494/3453/1151
f 494/3454/1152 493/3455/1152 503/3456/1152
f 501/3457/1153 503/3458/1153 493/3459/1153
f 481/3460/1154 502/3461/1154 513/3462/1154
f 512/3463/1155 477/3464/1155 482/3465/1155
f 482/3466/1156 513/3467/1156 501/3468/1156
f 505/3469/1157 484/3470/1157 486/3471/1157
f 486/3472/1158 496/3473/1158 506/3474/1158
f 504/3475/1159 506/3476/1159 496/3477/1159
f 485/3478/1160 484/3479/1160 505/3480/1160
f 495/3481/1161 480/3482/1161 485/3483/1161
f 485/3484/1162 514/3485/1162 504/3486/1162
f 515/3487/1163 490/3488/1163 487/3489/1163
f 487/3490/1164 497/3491/1164 508/3492/1164
f 509/3493/1165 508/3494/1165 497/3495/1165
f 490/3496/1166 515/3497/1166 507/3498/1166
f 516/3499/1167 483/3500/1167 491/3501/1167
f 491/3502/1168 507/3503/1168 509/3504/1168
f 517/3505/1169 760/3506/1169 518/3507/1169
f 520/3508/1170 526/3509/1170 521/3510/1170
f 523/3511/1171 527/3512/1171 524/3513/1171
f 528/3514/1172 519/3515/1172 518/3516/1172
f 518/3517/1173 521/3518/1173 526/3519/1173
f 526/3520/1174 524/3521/1174 527/3522/1174
f 527/3523/1175 530/3524/1175 528/3525/1175
f 528/3526/1176 518/3527/1176 526/3528/1176
f 529/3529/1177 528/3530/1177 530/3531/1177
f 517/3532/1178 529/3533/1178 531/3534/1178
f 531/3535/1179 523/3536/1179 525/3537/1179
f 525/3538/1180 520/3539/1180 522/3540/1180
f 522/3541/1181 760/3542/1181 517/3543/1181
f 517/3544/1182 531/3545/1182 525/3546/1182
f 529/3547/1183 549/3548/1183 532/3549/1183
f 518/3550/1184 760/3551/1184 533/3552/1184
f 520/3553/1185 553/3554/1185 535/3555/1185
f 523/3556/1186 555/3557/1186 536/3558/1186
f 537/3559/1187 550/3560/1187 538/3561/1187
f 540/3562/1188 551/3563/1188 541/3564/1188
f 543/3565/1189 552/3566/1189 544/3567/1189
f 546/3568/1190 554/3569/1190 547/3570/1190
f 538/3571/1191 519/3572/1191 528/3573/1191
f 528/3574/1192 532/3575/1192 539/3576/1192
f 537/3577/1193 539/3578/1193 532/3579/1193
f 519/3580/1194 538/3581/1194 550/3582/1194
f 549/3583/1195 529/3584/1195 517/3585/1195
f 517/3586/1196 550/3587/1196 537/3588/1196
f 551/3589/1197 521/3590/1197 518/3591/1197
f 518/3592/1198 534/3593/1198 541/3594/1198
f 533/3595/1199 542/3596/1199 541/3597/1199
f 522/3598/1200 521/3599/1200 551/3600/1200
f 533/3601/1201 760/3602/1201 522/3603/1201
f 522/3604/1202 540/3605/1202 542/3606/1202
f 552/3607/1203 524/3608/1203 526/3609/1203
f 526/3610/1204 535/3611/1204 544/3612/1204
f 545/3613/1205 544/3614/1205 535/3615/1205
f 524/3616/1206 552/3617/1206 543/3618/1206
f 553/3619/1207 520/3620/1207 525/3621/1207
f 525/3622/1208 543/3623/1208 545/3624/1208
f 554/3625/1209 530/3626/1209 527/3627/1209
f 527/3628/1210 536/3629/1210 547/3630/1210
f 548/3631/1211 547/3632/1211 536/3633/1211
f 530/3634/1212 554/3635/1212 546/3636/1212
f 555/3637/1213 523/3638/1213 531/3639/1213
f 531/3640/1214 546/3641/1214 548/3642/1214
f 556/3643/1215 570/3644/1215 557/3645/1215
f 559/3646/1216 572/3647/1216 560/3648/1216
f 562/3649/1217 574/3650/1217 563/3651/1217
f 565/3652/1218 558/3653/1218 557/3654/1218
f 557/3655/1219 561/3656/1219 560/3657/1219
f 560/3658/1220 564/3659/1220 563/3660/1220
f 563/3661/1221 567/3662/1221 565/3663/1221
f 565/3664/1222 557/3665/1222 560/3666/1222
f 566/3667/1223 565/3668/1223 567/3669/1223
f 556/3670/1224 566/3671/1224 568/3672/1224
f 568/3673/1225 574/3674/1225 562/3675/1225
f 562/3676/1226 572/3677/1226 559/3678/1226
f 559/3679/1227 570/3680/1227 556/3681/1227
f 556/3682/1228 568/3683/1228 562/3684/1228
f 566/3685/1229 589/3686/1229 569/3687/1229
f 570/3688/1230 591/3689/1230 571/3690/1230
f 572/3691/1231 593/3692/1231 573/3693/1231
f 574/3694/1232 595/3695/1232 575/3696/1232
f 576/3697/1233 588/3698/1233 577/3699/1233
f 579/3700/1234 590/3701/1234 580/3702/1234
f 582/3703/1235 592/3704/1235 583/3705/1235
f 585/3706/1236 594/3707/1236 586/3708/1236
f 588/3709/1237 558/3710/1237 565/3711/1237
f 565/3712/1238 569/3713/1238 577/3714/1238
f 578/3715/1239 577/3716/1239 569/3717/1239
f 558/3718/1240 588/3719/1240 576/3720/1240
f 589/3721/1241 566/3722/1241 556/3723/1241
f 556/3724/1242 576/3725/1242 578/3726/1242
f 590/3727/1243 561/3728/1243 557/3729/1243
f 557/3730/1244 571/3731/1244 580/3732/1244
f 581/3733/1245 580/3734/1245 571/3735/1245
f 559/3736/1246 561/3737/1246 590/3738/1246
f 591/3739/1247 570/3740/1247 559/3741/1247
f 559/3742/1248 579/3743/1248 581/3744/1248
f 592/3745/1249 564/3746/1249 560/3747/1249
f 560/3748/1250 573/3749/1250 583/3750/1250
f 584/3751/1251 583/3752/1251 573/3753/1251
f 562/3754/1252 564/3755/1252 592/3756/1252
f 593/3757/1253 572/3758/1253 562/3759/1253
f 562/3760/1254 582/3761/1254 584/3762/1254
f 594/3763/1255 567/3764/1255 563/3765/1255
f 563/3766/1256 575/3767/1256 586/3768/1256
f 587/3769/1257 586/3770/1257 575/3771/1257
f 568/3772/1258 567/3773/1258 594/3774/1258
f 595/3775/1259 574/3776/1259 568/3777/1259
f 568/3778/1260 585/3779/1260 587/3780/1260
f 596/3781/1261 612/3782/1261 597/3783/1261
f 599/3784/1262 605/3785/1262 600/3786/1262
f 602/3787/1263 606/3788/1263 603/3789/1263
f 607/3790/1264 598/3791/1264 597/3792/1264
f 597/3793/1265 600/3794/1265 605/3795/1265
f 605/3796/1266 603/3797/1266 606/3798/1266
f 606/3799/1267 609/3800/1267 607/3801/1267
f 607/3802/1268 597/3803/1268 605/3804/1268
f 608/3805/1269 610/3806/1269 607/3807/1269
f 596/3808/1270 610/3809/1270 608/3810/1270
f 608/3811/1271 602/3812/1271 604/3813/1271
f 604/3814/1272 599/3815/1272 601/3816/1272
f 601/3817/1273 612/3818/1273 596/3819/1273
f 596/3820/1274 608/3821/1274 604/3822/1274
f 610/3823/1275 629/3824/1275 611/3825/1275
f 612/3826/1276 632/3827/1276 613/3828/1276
f 605/3829/1277 599/3830/1277 614/3831/1277
f 602/3832/1278 635/3833/1278 616/3834/1278
f 617/3835/1279 630/3836/1279 618/3837/1279
f 620/3838/1280 631/3839/1280 621/3840/1280
f 623/3841/1281 633/3842/1281 624/3843/1281
f 626/3844/1282 634/3845/1282 627/3846/1282
f 618/3847/1283 598/3848/1283 607/3849/1283
f 607/3850/1284 611/3851/1284 619/3852/1284
f 617/3853/1285 619/3854/1285 611/3855/1285
f 598/3856/1286 618/3857/1286 630/3858/1286
f 629/3859/1287 610/3860/1287 596/3861/1287
f 596/3862/1288 630/3863/1288 617/3864/1288
f 631/3865/1289 600/3866/1289 597/3867/1289
f 597/3868/1290 613/3869/1290 621/3870/1290
f 622/3871/1291 621/3872/1291 613/3873/1291
f 600/3874/1292 631/3875/1292 620/3876/1292
f 632/3877/1293 612/3878/1293 601/3879/1293
f 601/3880/1294 620/3881/1294 622/3882/1294
f 633/3883/1295 603/3884/1295 605/3885/1295
f 605/3886/1296 615/3887/1296 624/3888/1296
f 625/3889/1297 624/3890/1297 615/3891/1297
f 603/3892/1298 633/3893/1298 623/3894/1298
f 614/3895/1299 599/3896/1299 604/3897/1299
f 604/3898/1300 623/3899/1300 625/3900/1300
f 634/3901/1301 609/3902/1301 606/3903/1301
f 606/3904/1302 616/3905/1302 627/3906/1302
f 628/3907/1303 627/3908/1303 616/3909/1303
f 609/3910/1304 634/3911/1304 626/3912/1304
f 635/3913/1305 602/3914/1305 608/3915/1305
f 608/3916/1306 626/3917/1306 628/3918/1306
f 636/3919/1307 653/3920/1307 637/3921/1307
f 639/3922/1308 645/3923/1308 640/3924/1308
f 642/3925/1309 646/3926/1309 643/3927/1309
f 647/3928/1310 637/3929/1310 653/3930/1310
f 653/3931/1311 640/3932/1311 645/3933/1311
f 645/3934/1312 643/3935/1312 646/3936/1312
f 646/3937/1313 649/3938/1313 647/3939/1313
f 647/3940/1314 653/3941/1314 645/3942/1314
f 648/3943/1315 650/3944/1315 647/3945/1315
f 638/3946/1316 650/3947/1316 648/3948/1316
f 648/3949/1317 642/3950/1317 644/3951/1317
f 644/3952/1318 639/3953/1318 641/3954/1318
f 641/3955/1319 636/3956/1319 638/3957/1319
f 638/3958/1320 648/3959/1320 644/3960/1320
f 650/3961/1321 670/3962/1321 651/3963/1321
f 636/3964/1322 672/3965/1322 652/3966/1322
f 639/3967/1323 674/3968/1323 654/3969/1323
f 646/3970/1324 642/3971/1324 655/3972/1324
f 657/3973/1325 669/3974/1325 658/3975/1325
f 660/3976/1326 671/3977/1326 661/3978/1326
f 663/3979/1327 673/3980/1327 664/3981/1327
f 666/3982/1328 675/3983/1328 667/3984/1328
f 669/3985/1329 637/3986/1329 647/3987/1329
f 647/3988/1330 651/3989/1330 658/3990/1330
f 659/3991/1331 658/3992/1331 651/3993/1331
f 637/3994/1332 669/3995/1332 657/3996/1332
f 670/3997/1333 650/3998/1333 638/3999/1333
f 638/4000/1334 657/4001/1334 659/4002/1334
f 671/4003/1335 640/4004/1335 653/4005/1335
f 653/4006/1336 652/4007/1336 661/4008/1336
f 672/4009/1337 662/4010/1337 661/4011/1337
f 640/4012/1338 671/4013/1338 660/4014/1338
f 672/4015/1339 636/4016/1339 641/4017/1339
f 641/4018/1340 660/4019/1340 662/4020/1340
f 673/4021/1341 643/4022/1341 645/4023/1341
f 645/4024/1342 654/4025/1342 664/4026/1342
f 674/4027/1343 665/4028/1343 664/4029/1343
f 643/4030/1344 673/4031/1344 663/4032/1344
f 674/4033/1345 639/4034/1345 644/4035/1345
f 644/4036/1346 663/4037/1346 665/4038/1346
f 675/4039/1347 649/4040/1347 646/4041/1347
f 646/4042/1348 656/4043/1348 667/4044/1348
f 668/4045/1349 667/4046/1349 656/4047/1349
f 649/4048/1350 675/4049/1350 666/4050/1350
f 655/4051/1351 642/4052/1351 648/4053/1351
f 648/4054/1352 666/4055/1352 668/4056/1352
f 676/4057/1353 693/4058/1353 677/4059/1353
f 679/4060/1354 685/4061/1354 680/4062/1354
f 682/4063/1355 686/4064/1355 683/4065/1355
f 687/4066/1356 678/4067/1356 677/4068/1356
f 677/4069/1357 680/4070/1357 685/4071/1357
f 685/4072/1358 683/4073/1358 686/4074/1358
f 686/4075/1359 689/4076/1359 687/4077/1359
f 687/4078/1360 677/4079/1360 685/4080/1360
f 688/4081/1361 687/4082/1361 689/4083/1361
f 676/4084/1362 688/4085/1362 690/4086/1362
f 690/4087/1363 682/4088/1363 684/4089/1363
f 684/4090/1364 679/4091/1364 681/4092/1364
f 681/4093/1365 693/4094/1365 676/4095/1365
f 676/4096/1366 690/4097/1366 684/4098/1366
f 687/4099/1367 688/4100/1367 691/4101/1367
f 693/4102/1368 712/4103/1368 694/4104/1368
f 679/4105/1369 713/4106/1369 695/4107/1369
f 686/4108/1370 682/4109/1370 696/4110/1370
f 698/4111/1371 710/4112/1371 699/4113/1371
f 701/4114/1372 711/4115/1372 702/4116/1372
f 704/4117/1373 714/4118/1373 705/4119/1373
f 707/4120/1374 715/4121/1374 708/4122/1374
f 710/4123/1375 678/4124/1375 687/4125/1375
f 687/4126/1376 692/4127/1376 699/4128/1376
f 700/4129/1377 699/4130/1377 692/4131/1377
f 678/4132/1378 710/4133/1378 698/4134/1378
f 691/4135/1379 688/4136/1379 676/4137/1379
f 676/4138/1380 698/4139/1380 700/4140/1380
f 711/4141/1381 680/4142/1381 677/4143/1381
f 677/4144/1382 694/4145/1382 702/4146/1382
f 703/4147/1383 702/4148/1383 694/4149/1383
f 681/4150/1384 680/4151/1384 711/4152/1384
f 712/4153/1385 693/4154/1385 681/4155/1385
f 681/4156/1386 701/4157/1386 703/4158/1386
f 705/4159/1387 683/4160/1387 685/4161/1387
f 685/4162/1388 695/4163/1388 706/4164/1388
f 704/4165/1389 706/4166/1389 695/4167/1389
f 683/4168/1390 705/4169/1390 714/4170/1390
f 713/4171/1391 679/4172/1391 684/4173/1391
f 684/4174/1392 714/4175/1392 704/4176/1392
f 715/4177/1393 689/4178/1393 686/4179/1393
f 686/4180/1394 697/4181/1394 708/4182/1394
f 709/4183/1395 708/4184/1395 697/4185/1395
f 689/4186/1396 715/4187/1396 707/4188/1396
f 696/4189/1397 682/4190/1397 690/4191/1397
f 690/4192/1398 707/4193/1398 709/4194/1398
f 716/4195/1399 733/4196/1399 717/4197/1399
f 719/4198/1400 725/4199/1400 720/4200/1400
f 722/4201/1401 726/4202/1401 723/4203/1401
f 727/4204/1402 718/4205/1402 717/4206/1402
f 717/4207/1403 720/4208/1403 725/4209/1403
f 725/4210/1404 723/4211/1404 726/4212/1404
f 726/4213/1405 729/4214/1405 727/4215/1405
f 727/4216/1406 717/4217/1406 725/4218/1406
f 728/4219/1407 727/4220/1407 729/4221/1407
f 716/4222/1408 728/4223/1408 730/4224/1408
f 730/4225/1409 722/4226/1409 724/4227/1409
f 724/4228/1410 719/4229/1410 721/4230/1410
f 721/4231/1411 733/4232/1411 716/4233/1411
f 716/4234/1412 730/4235/1412 724/4236/1412
f 727/4237/1413 728/4238/1413 731/4239/1413
f 733/4240/1414 751/4241/1414 734/4242/1414
f 725/4243/1415 719/4244/1415 735/4245/1415
f 722/4246/1416 754/4247/1416 737/4248/1416
f 738/4249/1417 750/4250/1417 739/4251/1417
f 741/4252/1418 752/4253/1418 742/4254/1418
f 744/4255/1419 753/4256/1419 745/4257/1419
f 747/4258/1420 755/4259/1420 748/4260/1420
f 750/4261/1421 718/4262/1421 727/4263/1421
f 727/4264/1422 732/4265/1422 739/4266/1422
f 740/4267/1423 739/4268/1423 732/4269/1423
f 718/4270/1424 750/4271/1424 738/4272/1424
f 731/4273/1425 728/4274/1425 716/4275/1425
f 716/4276/1426 738/4277/1426 740/4278/1426
f 742/4279/1427 720/4280/1427 717/4281/1427
f 717/4282/1428 734/4283/1428 743/4284/1428
f 751/4285/1429 741/4286/1429 743/4287/1429
f 721/4288/1430 720/4289/1430 742/4290/1430
f 751/4291/1431 733/4292/1431 721/4293/1431
f 721/4294/1432 752/4295/1432 741/4296/1432
f 753/4297/1433 723/4298/1433 725/4299/1433
f 725/4300/1434 736/4301/1434 745/4302/1434
f 735/4303/1435 746/4304/1435 745/4305/1435
f 723/4306/1436 753/4307/1436 744/4308/1436
f 735/4309/1437 719/4310/1437 724/4311/1437
f 724/4312/1438 744/4313/1438 746/4314/1438
f 748/4315/1439 729/4316/1439 726/4317/1439
f 726/4318/1440 737/4319/1440 749/4320/1440
f 747/4321/1441 749/4322/1441 737/4323/1441
f 729/4324/1442 748/4325/1442 755/4326/1442
f 754/4327/1443 722/4328/1443 730/4329/1443
f 730/4330/1444 755/4331/1444 747/4332/1444